label,smiles,parent_label,parent_smiles,tanimoto,SR-MMP,NR-AhR,DILI,d_SR-MMP,d_NR-AhR,d_DILI,Caco2_Wang,d_Caco2_Wang,gate_failures,parent_gate_failures,still_over,a2bb3_span,a2bb3_side
big_00146,CN1CCc2nc(CCc3ccc4c(n3)NCCC4)ccc2CC1C(=O)O,gen_00446,O=C(O)C1CNc2nc(CCc3ccc4c(n3)NCCC4)ccc2C1,,0.0028923964,0.0067205452,0.4092246,-0.0093116226,-0.035704971800000006,-0.08433095000000002,-5.6392612,0.01656079999999971,0,2,,10,av
big_00240,O=C(O)COC(=O)C(Cc1ccc2c(c1)OCCO2)CN1CCN(CCc2ccc3c(n2)NCCC3)CC1,gen_11083,O=C(O)COC(=O)C(Cc1ccc2c(c1)OCCO2)CN1CCC(CCc2ccc3c(n2)NCCC3)CC1,,0.00446429,0.008543413,0.18856493,-0.018850525,-0.002270050000000001,-0.11722853000000003,-5.8039074,-0.15560479999999988,0,2,,13,av
big_00246,O=C(NC(Cc1ccccc1)C(=O)O)C1CCCCC1,gen_05363,O=C(NC(Cc1ccc(-c2ccccn2)cc1)C(=O)O)C1CCCCC1,,0.0067315265,0.0025548178,0.3184867,-0.019407336499999997,-0.0253429422,-0.37180040000000003,-5.202753,0.14750629999999987,0,3,,,unmeasurable
big_00420,CC1CCC1C(=O)O,gen_03882,O=C(O)C1CCC(C(=O)Nc2cc(C(F)(F)F)cc(C(F)(F)F)c2)C1C(=O)O,,0.0012086473,0.0013168893,0.2693196,-0.11534205269999999,-0.050181095700000004,-0.37592756000000005,-4.4079885,1.1832785000000001,0,2,,,unmeasurable
big_00532,Nc1nccc(C(Cc2ccc3c(n2)NCCC3)C(=O)O)n1,gen_03220,O=C(O)C(Cc1ccc2c(n1)NCCC2)c1ccnnc1,,0.00056950876,0.0029188024,0.52438575,-0.0005185788399999999,-0.0019371261000000004,-0.19674165,-5.8104362,-0.16737619999999964,0,1,,4,av
big_00686,CC(C)N1CCN(CC(Cc2ccc3c(c2)OCCO3)C(=O)OCC(=O)O)CC1,gen_11083,O=C(O)COC(=O)C(Cc1ccc2c(c1)OCCO2)CN1CCC(CCc2ccc3c(n2)NCCC3)CC1,,0.0029333092,0.0048133126,0.121971324,-0.020381505799999998,-0.0060001504,-0.18382213600000002,-5.403331,0.2449716000000004,0,2,,9,av
big_00773,Cn1cc(CC(NC(=O)C2CCCCC2)C(=O)O)cc1-c1ccccn1,gen_05363,O=C(NC(Cc1ccc(-c2ccccn2)cc1)C(=O)O)C1CCCCC1,,0.0033566519,0.0048652487,0.5504775,-0.022782211099999998,-0.023032511300000003,-0.1398096000000001,-5.5011377,-0.15087839999999986,0,3,,,unmeasurable
big_00785,CN1CCc2ccc(C(CC(=O)O)c3ccc4c(n3)NCCC4)cc2C1(C)O,gen_01745,CC1(O)CCc2ccc(C(CC(=O)O)c3ccc4c(n3)NCCC4)cc21,,0.0039019692,0.0044210968,0.16313882,-0.0167989478,-0.0064055742,-0.26890616,-5.5508127,-0.2230067,0,2,,7,av
big_00814,CN1Cc2ccc([C@@H](CC(=O)O)c3ccc4c(n3)NCCC4)cc2C1(C)O,gen_01745,CC1(O)CCc2ccc(C(CC(=O)O)c3ccc4c(n3)NCCC4)cc21,,0.004527641,0.009635186,0.23348942,-0.016173276,-0.001191484999999999,-0.19855556000000002,-5.498261,-0.17045500000000047,0,2,,7,av
big_00894,O=C(O)COC(=O)C(Cc1ccc2c(c1)OCCO2)CN1CCC2(CC1)NCCO2,gen_11083,O=C(O)COC(=O)C(Cc1ccc2c(c1)OCCO2)CN1CCC(CCc2ccc3c(n2)NCCC3)CC1,,0.0016372707,0.0023936755,0.27458808,-0.0216775443,-0.008419787500000001,-0.031205380000000005,-5.6685023,-0.020199700000000043,0,2,,10,av
big_00906,O=C(O)CCN1CCC(CC(Cc2ccc3c(c2)Cc2ccccc2C3)C(=O)O)CC1,gen_02011,CC(C)(CCN1CCC(CC(Cc2ccc3c(c2)C(=O)c2ccccc2C3)C(=O)O)CC1)C(=O)O,,0.009751714,0.0052433917,0.14678241,-0.005137811000000001,-0.0170829143,-0.16048523,-5.464677,0.07785099999999989,0,2,,6,av
big_00928,CN(C)CC1(O)CCc2ccc(C(CC(=O)O)c3ccc4c(n3)NCCC4)cc21,gen_01745,CC1(O)CCc2ccc(C(CC(=O)O)c3ccc4c(n3)NCCC4)cc21,,0.0045840754,0.0047145975,0.13820675,-0.0161168416,-0.0061120735,-0.29383823000000003,-5.6479154,-0.32010939999999977,0,2,,8,av
big_01023,CCCC(CN1CCC(CCc2ccc3c(n2)NCCC3)CC1)C(=O)O,gen_11083,O=C(O)COC(=O)C(Cc1ccc2c(c1)OCCO2)CN1CCC(CCc2ccc3c(n2)NCCC3)CC1,,0.010975991,0.005863766,0.07824522,-0.012338824,-0.004949697,-0.22754824,-5.25381,0.3944926000000004,0,2,,10,av
big_01192,CN1CCN(CC(Cc2ccc3c(n2)NCCC3)C(=O)OCC(=O)O)CC1,gen_11083,O=C(O)COC(=O)C(Cc1ccc2c(c1)OCCO2)CN1CCC(CCc2ccc3c(n2)NCCC3)CC1,,0.00025825825,0.0009803373,0.04836201,-0.02305655675,-0.0098331257,-0.25743145,-5.711604,-0.06330140000000029,0,2,,9,av
big_01230,CNCC1(O)CCc2ccc(C(CC(=O)O)c3ccc4c(n3)NCCC4)cc21,gen_01745,CC1(O)CCc2ccc(C(CC(=O)O)c3ccc4c(n3)NCCC4)cc21,,0.0022415186,0.0071487213,0.15572473,-0.0184593984,-0.0036779496999999996,-0.27632025000000004,-5.9078264,-0.5800204000000004,0,2,,8,av
big_01266,CCC(CN1CCC(CCc2ccc3c(n2)NCCC3)CC1)C(=O)O,gen_11083,O=C(O)COC(=O)C(Cc1ccc2c(c1)OCCO2)CN1CCC(CCc2ccc3c(n2)NCCC3)CC1,,0.0081596635,0.005421172,0.06899122,-0.015155151499999998,-0.0053922910000000004,-0.23680224,-5.2903647,0.3579379000000005,0,2,,10,av
big_01537,COC(=O)C(CC(=O)O)CN1CCC(CCc2ccc3c(n2)NCCC3)CC1,gen_11083,O=C(O)COC(=O)C(Cc1ccc2c(c1)OCCO2)CN1CCC(CCc2ccc3c(n2)NCCC3)CC1,,0.0076000057,0.0036972552,0.076531544,-0.0157148093,-0.0071162078000000005,-0.229261916,-5.5709414,0.07736120000000035,0,2,,11,av
big_01610,O=C(O)Cn1c(CCc2ccc3c(n2)NCCC3)nc2c1CCC2,gen_02907,O=C(O)CN1CCCc2ccc(CCc3ccc4c(n3)NCCC4)nc21,,0.0029844525,0.005671828,0.38024908,-0.0252732305,-0.037104857000000005,-0.15501482,-5.46633,-0.07651940000000046,0,2,,7,av
big_01625,CCN1CCN(CC(Cc2ccc3c(c2)OCCO3)C(=O)OCC(=O)O)CC1CCc1ccc2c(n1)NCCC2,gen_11083,O=C(O)COC(=O)C(Cc1ccc2c(c1)OCCO2)CN1CCC(CCc2ccc3c(n2)NCCC3)CC1,,0.003994373,0.0077650785,0.123394474,-0.019320442,-0.003048384500000001,-0.182398986,-5.8270655,-0.17876289999999972,0,2,,12,av
big_01674,O=C(O)CN1CCN(C[C@@H](Cc2ccc3c(c2)OCCO3)C(=O)O)CC1,gen_11083,O=C(O)COC(=O)C(Cc1ccc2c(c1)OCCO2)CN1CCC(CCc2ccc3c(n2)NCCC3)CC1,,0.0010675298,0.008189434,0.15677586,-0.022247285199999998,-0.002624029,-0.14901760000000003,-5.822297,-0.17399439999999977,0,2,,6,av
big_01694,O=C(O)CCNC(=O)C1CCC(C(=O)Nc2cc(C(F)(F)F)cc(C(F)(F)F)c2)C1C(=O)O,gen_03882,O=C(O)C1CCC(C(=O)Nc2cc(C(F)(F)F)cc(C(F)(F)F)c2)C1C(=O)O,,0.006817659,0.010300165,0.57479274,-0.10973304099999999,-0.04119782,-0.07045442000000002,-5.7912536,-0.1999865999999999,0,2,,,unmeasurable
big_01768,CC(C)CCN1CCN(CC(Cc2ccc3c(c2)OCCO3)C(=O)OCC(=O)O)CC1,gen_11083,O=C(O)COC(=O)C(Cc1ccc2c(c1)OCCO2)CN1CCC(CCc2ccc3c(n2)NCCC3)CC1,,0.008348128,0.00421538,0.10940323,-0.014966687,-0.006598083,-0.19639023,-5.2175927,0.4307099000000001,0,2,,9,av
big_01788,O=C(O)C1CCC(C(=O)NC(Cc2ccc(-c3ccccn3)cc2)C(=O)O)CC1,gen_05363,O=C(NC(Cc1ccc(-c2ccccn2)cc1)C(=O)O)C1CCCCC1,,0.00072267477,0.0064063757,0.6552887,-0.025416188229999997,-0.0214913843,-0.034998400000000096,-5.9911494,-0.6408901,0,3,,,unmeasurable
big_00036,O=C(O)COC(=O)C(Cc1ccccc1)CN1CCC(CCc2ccc3c(n2)NCCC3)CC1,gen_11083,O=C(O)COC(=O)C(Cc1ccc2c(c1)OCCO2)CN1CCC(CCc2ccc3c(n2)NCCC3)CC1,,0.01584685,0.0053126137,0.17507155,-0.007467965,-0.005500849300000001,-0.13072191000000002,-5.6173577,0.03094489999999972,1,2,SR-MMP,13,av
big_00057,O=C(O)CCCN1CCC(CC(Cc2ccc3c(c2)C(=O)c2ccccc2C3)C(=O)O)CC1,gen_02011,CC(C)(CCN1CCC(CC(Cc2ccc3c(c2)C(=O)c2ccccc2C3)C(=O)O)CC1)C(=O)O,,0.006554664,0.01843156,0.27955005,-0.008334861,-0.003894746000000001,-0.027717590000000014,-5.6929274,-0.1503994000000004,1,2,NR-AhR,6,av
big_00169,O=C(O)COC(=O)C(Cc1ccc2c(c1)OCCO2)CN1CCC(Cc2ccc3c(n2)NCCC3)CC1,gen_11083,O=C(O)COC(=O)C(Cc1ccc2c(c1)OCCO2)CN1CCC(CCc2ccc3c(n2)NCCC3)CC1,,0.015984654,0.0075460137,0.29584527,-0.007330160999999998,-0.003267449300000001,-0.009948190000000023,-5.6747026,-0.026399999999999757,1,2,SR-MMP,12,av
big_00204,O=C(O)CNC(=O)C1CCC(C(=O)Nc2cc(C(F)(F)F)cc(C(F)(F)F)c2)C1C(=O)O,gen_03882,O=C(O)C1CCC(C(=O)Nc2cc(C(F)(F)F)cc(C(F)(F)F)c2)C1C(=O)O,,0.008551998,0.013348624,0.56210864,-0.10799870199999999,-0.03814936100000001,-0.08313852,-5.9745445,-0.38327750000000016,1,2,NR-AhR,,unmeasurable
big_00265,Cc1nc(-c2ccc(CCC3(C)CC(C(=O)NC(Cc4ccccc4)C(=O)O)C3)cc2)n(C)n1,gen_07789,Cn1nccc1-c1ccc(CCC2(C)CC(C(=O)NC(Cc3ccccc3)C(=O)O)C2)cc1,,0.018040277,0.008310121,0.55802566,-0.08083132300000001,-0.029976196,-0.1608634,-5.763265,-0.25008049999999926,1,3,SR-MMP,,unmeasurable
big_00267,CC1(O)CCc2cc(C(CC(=O)O)c3ccc4c(n3)NCCC4)ccc21,gen_01745,CC1(O)CCc2ccc(C(CC(=O)O)c3ccc4c(n3)NCCC4)cc21,,0.019047359,0.010454239,0.41564718,-0.0016535579999999994,-0.00037243199999999893,-0.016397800000000018,-5.342387,-0.014581000000000621,1,2,SR-MMP,4,av
big_00369,CN1CCc2ccc(CCc3ccc4c(n3)NCCC4)nc2NCC1C(=O)O,gen_00446,O=C(O)C1CNc2nc(CCc3ccc4c(n3)NCCC4)ccc2C1,,0.007451824,0.029823521,0.38126275,-0.004752195,-0.012601996000000004,-0.11229280000000003,-5.801116,-0.1452940000000007,1,2,NR-AhR,10,av
big_00438,O=C(O)COC(=O)[C@@H](Cc1ccccc1)CN1CCC(CCc2ccc3c(n2)NCCC3)CC1,gen_11083,O=C(O)COC(=O)C(Cc1ccc2c(c1)OCCO2)CN1CCC(CCc2ccc3c(n2)NCCC3)CC1,,0.015783535,0.007222113,0.2074045,-0.007531279999999998,-0.003591350000000001,-0.09838896000000003,-5.625346,0.02295659999999966,1,2,SR-MMP,13,av
big_00565,CC(C)(NC(=O)CNC(=O)c1cc(F)cc(-c2cnc3c(c2)C(C)(C)CN3)c1)C(=O)O,gen_08177,CC1(C)CNc2ncc(-c3cc(F)cc(C(=O)NCC(=O)O)c3)cc21,,0.006028297,0.038520508,0.6346287,-0.011879289,-0.111995812,-0.008114299999999908,-5.7048006,-0.28048610000000007,1,2,NR-AhR,12,av
big_00570,O=C(O)CNC[C@@H]1CC[C@H](C(=O)Nc2cc(C(F)(F)F)cc(C(F)(F)F)c2)[C@H]1C(=O)O,gen_03882,O=C(O)C1CCC(C(=O)Nc2cc(C(F)(F)F)cc(C(F)(F)F)c2)C1C(=O)O,,0.006182066,0.037907586,0.62067807,-0.110368634,-0.013590399000000003,-0.02456909000000007,-5.8345633,-0.2432962999999999,1,2,NR-AhR,4,av
big_00640,CC(C)N1CCc2ccc(CCc3ccc4c(n3)NCCC4)nc2NCC1C(=O)O,gen_00446,O=C(O)C1CNc2nc(CCc3ccc4c(n3)NCCC4)ccc2C1,,0.009450526,0.019078765,0.36009067,-0.0027534929999999992,-0.023346752000000002,-0.13346488,-5.831665,-0.17584300000000042,1,2,NR-AhR,10,av
big_00684,O=C(O)C(Cc1ccc2c(n1)NCCC2)c1ccc2c(c1)OCCN2,gen_12752,CC1(C)CCOc2cc(C(Cc3ccc4c(n3)NCCC4)C(=O)O)ccc21,,0.010389964,0.024253953,0.6446184,-0.203907286,-0.002582743999999998,-0.04380079999999997,-5.406887,-0.3022879999999999,1,3,NR-AhR,4,av
big_00768,CN(CCC(=O)O)C(=O)c1cc(F)cc(-c2cnc3c(c2)C(C)(C)CN3)c1,gen_08177,CC1(C)CNc2ncc(-c3cc(F)cc(C(=O)NCC(=O)O)c3)cc21,,0.009521684,0.07975189,0.61128855,-0.008385901999999999,-0.07076443,-0.03145444999999991,-5.0032897,0.42102480000000053,1,2,NR-AhR,10,av
big_00791,CNC1(C)CCc2ccc(C(CC(=O)O)c3ccc4c(n3)NCCC4)cc21,gen_01745,CC1(O)CCc2ccc(C(CC(=O)O)c3ccc4c(n3)NCCC4)cc21,,0.013350959,0.008286601,0.20032866,-0.0073499579999999985,-0.00254007,-0.23171632000000003,-5.7051163,-0.37731030000000043,1,2,SR-MMP,7,av
big_00848,O=C(O)CCCN1CCC(CCC(Cc2ccc3c(c2)C(=O)c2ccccc2C3)C(=O)O)CC1,gen_02011,CC(C)(CCN1CCC(CC(Cc2ccc3c(c2)C(=O)c2ccccc2C3)C(=O)O)CC1)C(=O)O,,0.007672845,0.017253555,0.27314276,-0.0072166800000000005,-0.005072751,-0.034124880000000024,-5.6560736,-0.11354560000000014,1,2,NR-AhR,7,av
big_00865,CC(=O)CCC1(O)CCc2cc(C(CC(=O)O)c3ccc4c(n3)NCCC4)ccc21,gen_01745,CC1(O)CCc2ccc(C(CC(=O)O)c3ccc4c(n3)NCCC4)cc21,,0.011956078,0.006789108,0.34201482,-0.008744838999999999,-0.004037562999999999,-0.09003016000000003,-5.4779444,-0.15013840000000034,1,2,SR-MMP,4,av
big_00870,O=C(NC(Cc1ccc(Cc2ccccn2)cc1)C(=O)O)C1CCCCC1,gen_05363,O=C(NC(Cc1ccc(-c2ccccn2)cc1)C(=O)O)C1CCCCC1,,0.019979775,0.004409001,0.5363584,-0.006159087999999997,-0.023488759,-0.15392870000000003,-5.3673925,-0.01713319999999996,1,3,SR-MMP,,unmeasurable
big_00917,O=C(N[C@@H](Cc1ccc(Cc2ccccn2)cc1)C(=O)O)C1CCCCC1,gen_05363,O=C(NC(Cc1ccc(-c2ccccn2)cc1)C(=O)O)C1CCCCC1,,0.021867422,0.0067897155,0.542066,-0.004271440999999997,-0.0211080445,-0.1482211,-5.386344,-0.03608469999999997,1,3,SR-MMP,,unmeasurable
big_00936,O=C(O)CNC[C@@H]1CC[C@H](C(=O)Nc2cc(C(F)(F)F)cc(C(F)(F)F)c2)[C@@H]1C(=O)O,gen_03882,O=C(O)C1CCC(C(=O)Nc2cc(C(F)(F)F)cc(C(F)(F)F)c2)C1C(=O)O,,0.00808484,0.04248062,0.63833946,-0.10846586,-0.009017365000000006,-0.006907700000000072,-5.874508,-0.2832409999999994,1,2,NR-AhR,4,av
big_00962,CCN1CCNc2nc(CCc3ccc4c(n3)NCCC4)ccc2CC1C(=O)O,gen_00446,O=C(O)C1CNc2nc(CCc3ccc4c(n3)NCCC4)ccc2C1,,0.0042691976,0.016676161,0.38628274,-0.0079348214,-0.025749356000000004,-0.10727281,-5.8357477,-0.17992570000000008,1,2,NR-AhR,10,av
big_00985,N#CCCC1(O)CCc2ccc(C(CC(=O)O)c3ccc4c(n3)NCCC4)cc21,gen_01745,CC1(O)CCc2ccc(C(CC(=O)O)c3ccc4c(n3)NCCC4)cc21,,0.012017273,0.009907143,0.39801085,-0.008683643999999999,-0.0009195279999999993,-0.034034129999999996,-5.443509,-0.11570299999999989,1,2,SR-MMP,4,av
big_01020,O=C(O)C1CNc2nc(CC(O)c3ccc4c(n3)NCCC4)ccc2C1,gen_00446,O=C(O)C1CNc2nc(CCc3ccc4c(n3)NCCC4)ccc2C1,,0.0038854696,0.014573863,0.41245842,-0.0083185494,-0.027851654000000003,-0.08109713000000002,-5.986919,-0.33109700000000064,1,2,NR-AhR,10,av
big_01028,CC(C)(CN1CCC(CCc2ccc3c(n2)NCCC3)CC1)C(=O)O,gen_11083,O=C(O)COC(=O)C(Cc1ccc2c(c1)OCCO2)CN1CCC(CCc2ccc3c(n2)NCCC3)CC1,,0.015836807,0.0073315874,0.073661566,-0.007478007999999998,-0.003481875600000001,-0.232131894,-5.389237,0.25906560000000045,1,2,SR-MMP,10,av
big_01095,O=C(O)C1CNc2nc(CCc3ccc4c(n3)NC(CO)CC4)ccc2C1,gen_00446,O=C(O)C1CNc2nc(CCc3ccc4c(n3)NCCC4)ccc2C1,,0.0081497375,0.034851816,0.44198903,-0.0040542815,-0.007573701000000002,-0.051566520000000005,-5.943677,-0.2878550000000004,1,2,NR-AhR,10,av
big_01112,O=C(O)COC(=O)[C@H](Cc1ccccc1)CN1CCC(CCc2ccc3c(n2)NCCC3)CC1,gen_11083,O=C(O)COC(=O)C(Cc1ccc2c(c1)OCCO2)CN1CCC(CCc2ccc3c(n2)NCCC3)CC1,,0.017386252,0.0074043185,0.22876076,-0.005928562999999998,-0.003409144500000001,-0.07703270000000001,-5.607398,0.04090460000000018,1,2,SR-MMP,13,av
big_01183,CNC(=O)c1ccc(CCC2(C)CC(C(=O)NC(Cc3ccccc3)C(=O)O)C2)cc1,gen_07789,Cn1nccc1-c1ccc(CCC2(C)CC(C(=O)NC(Cc3ccccc3)C(=O)O)C2)cc1,,0.031806987,0.0098745655,0.561972,-0.067064613,-0.0284117515,-0.15691705999999994,-5.710929,-0.19774449999999977,1,3,SR-MMP,,unmeasurable
big_01211,CC1(CO)CCOc2cc(C(Cc3ccc4c(n3)NCCC4)C(=O)O)ccc21,gen_12752,CC1(C)CCOc2cc(C(Cc3ccc4c(n3)NCCC4)C(=O)O)ccc21,,0.017931912,0.010123432,0.48642054,-0.196365338,-0.016713264999999998,-0.20199866,-5.4594984,-0.35489939999999986,1,3,SR-MMP,4,av
big_01260,O=C(O)CNCC1CCC(C(=O)Nc2cc(C(F)(F)F)cc(C(F)(F)F)c2)C1C(=O)O,gen_03882,O=C(O)C1CCC(C(=O)Nc2cc(C(F)(F)F)cc(C(F)(F)F)c2)C1C(=O)O,,0.00827244,0.027161215,0.5535444,-0.10827825999999999,-0.024336770000000004,-0.09170276,-5.8402495,-0.24898249999999944,1,2,NR-AhR,4,av
big_01273,C[C@]1(CO)CCc2cc(C(Cc3ccc4c(n3)NCCC4)C(=O)O)ccc21,gen_12752,CC1(C)CCOc2cc(C(Cc3ccc4c(n3)NCCC4)C(=O)O)ccc21,,0.013263312,0.008200959,0.3471179,-0.201033938,-0.018635738,-0.34130130000000003,-5.5060334,-0.4014343999999994,1,3,SR-MMP,4,av
big_01283,O=C(O)CCCCN1CCC(CC(Cc2ccc3c(c2)C(=O)c2ccccc2C3)C(=O)O)CC1,gen_02011,CC(C)(CCN1CCC(CC(Cc2ccc3c(c2)C(=O)c2ccccc2C3)C(=O)O)CC1)C(=O)O,,0.010307228,0.018232152,0.2530113,-0.004582297000000001,-0.004094153999999999,-0.054256340000000014,-5.685823,-0.14329500000000017,1,2,NR-AhR,6,av
big_01342,C[C@@H](NC(=O)C1CCCCC1)C(=O)NC(Cc1ccc(-c2ccccn2)cc1)C(=O)O,gen_05363,O=C(NC(Cc1ccc(-c2ccccn2)cc1)C(=O)O)C1CCCCC1,,0.009505109,0.017737063,0.63546705,-0.016633754,-0.010160697,-0.05482005000000001,-5.7619,-0.4116406999999995,1,3,NR-AhR,,unmeasurable
big_01347,CC(C)N1CCNc2nc(CCc3ccc4c(n3)NCCC4)ccc2CC1C(=O)O,gen_00446,O=C(O)C1CNc2nc(CCc3ccc4c(n3)NCCC4)ccc2C1,,0.0059676883,0.0121778995,0.37495822,-0.0062363307,-0.030247617500000004,-0.11859733,-5.8922205,-0.23639849999999996,1,2,NR-AhR,10,av
big_01369,C[C@]1(O)CCc2ccc(C(CC(=O)O)c3ccc4c(n3)NCCC4)cc21,gen_01745,CC1(O)CCc2ccc(C(CC(=O)O)c3ccc4c(n3)NCCC4)cc21,,0.013846794,0.008637715,0.35412374,-0.006854122999999998,-0.002188955999999999,-0.07792124,-5.381793,-0.05398700000000023,1,2,SR-MMP,4,av
big_01468,CC1(CO)Cc2cc(C(CC(=O)O)c3ccc4c(n3)NCCC4)ccc21,gen_01745,CC1(O)CCc2ccc(C(CC(=O)O)c3ccc4c(n3)NCCC4)cc21,,0.018222785,0.009883784,0.40764847,-0.002478132000000001,-0.0009428869999999999,-0.024396510000000038,-5.3191276,0.008678399999999975,1,2,SR-MMP,4,av
big_01613,C[C@]1(CO)CNc2ncc(-c3cc(F)cc(C(=O)NCC(=O)O)c3)cc21,gen_08177,CC1(C)CNc2ncc(-c3cc(F)cc(C(=O)NCC(=O)O)c3)cc21,,0.0024716991,0.042500466,0.472506,-0.0154358869,-0.10801585400000001,-0.17023699999999997,-5.786643,-0.3623284999999994,1,2,NR-AhR,9,av
big_01618,O=C(O)CCC(CCN1CCC(Cc2ccc3c(c2)C(=O)c2ccccc2C3)CC1)C(=O)O,gen_02011,CC(C)(CCN1CCC(CC(Cc2ccc3c(c2)C(=O)c2ccccc2C3)C(=O)O)CC1)C(=O)O,,0.0102328565,0.02018522,0.25119346,-0.004656668500000001,-0.0021410860000000004,-0.05607418000000003,-5.722481,-0.17995300000000025,1,2,NR-AhR,6,av
big_01672,CN1Cc2ccc(CCc3ccc4c(n3)NCCC4)nc2NCC1C(=O)O,gen_00446,O=C(O)C1CNc2nc(CCc3ccc4c(n3)NCCC4)ccc2C1,,0.0071221166,0.026730895,0.42271385,-0.0050819024,-0.015694622000000002,-0.07084170000000001,-5.7473917,-0.09156969999999998,1,2,NR-AhR,10,av
big_01688,O=C(O)COC(=O)CC(Cc1ccc2c(c1)OCCO2)CN1CCC(CCc2ccc3c(n2)NCCC3)CC1,gen_11083,O=C(O)COC(=O)C(Cc1ccc2c(c1)OCCO2)CN1CCC(CCc2ccc3c(n2)NCCC3)CC1,,0.017355654,0.0069360165,0.21072581,-0.0059591609999999975,-0.0038774465000000003,-0.09506765,-5.704563,-0.05626040000000021,1,2,SR-MMP,14,aIIbb3
big_00038,O=C(O)CC1CCCc2c1[nH]c1cc(-c3nccn3CC3CC3)ccc21,gen_13757,CC(C)Cn1ccnc1-c1ccc2c3c([nH]c2c1)C(CC(=O)O)CCC3,,0.26537257,0.28065234,0.6519019,-0.09275401000000005,-0.03714930999999999,-0.07015424999999997,-5.2199216,-0.04878059999999973,2,3,"SR-MMP,NR-AhR",,unmeasurable
big_00058,O=C(O)C(CNC(O)c1cc(-c2cccnc2)nc(C2CCCCC2)c1)c1ccccc1,gen_12428,O=C(O)C(CNC(O)c1cc(-c2cccnc2)nc(C2CCCCC2)c1)c1ccc(F)cc1,,0.11642852,0.09408823,0.6596237,-0.03870903000000002,-0.015290390000000001,-0.043198599999999976,-5.7406716,-0.12319419999999948,2,3,"SR-MMP,NR-AhR",3,av
big_00081,CCCC(c1cccc(-c2ccc3c(c2)CN(C)C3=O)n1)N1CCC(C(=O)O)CC1,gen_00106,CCCC(c1cccc(-c2ccc3c(c2)COC3=O)n1)N1CCC(C(=O)O)CC1,,0.04842597,0.05059898,0.6250187,-0.07277377,-0.07459498999999999,-0.10910154999999999,-5.274029,-0.12032240000000005,2,3,"SR-MMP,NR-AhR",4,av
big_00097,O=C(O)C(Cc1ccc2c(n1)NCCC2)c1ccc2c(c1)OCC2,gen_12752,CC1(C)CCOc2cc(C(Cc3ccc4c(n3)NCCC4)C(=O)O)ccc21,,0.017603759,0.020220974,0.6243703,-0.196693491,-0.0066157230000000004,-0.06404889999999996,-5.178009,-0.07340999999999998,2,3,"SR-MMP,NR-AhR",4,av
big_00131,CC1(C)Cc2cc(C(Cc3ccc4c(n3)NCCC4)C(=O)O)ccc2O1,gen_12752,CC1(C)CCOc2cc(C(Cc3ccc4c(n3)NCCC4)C(=O)O)ccc21,,0.081483305,0.021178126,0.6540806,-0.132813945,-0.005658571000000001,-0.0343386,-5.1366067,-0.03200769999999942,2,3,"SR-MMP,NR-AhR",4,av
big_00184,CCC(c1cccc(-c2ccc3c(c2)CCC3=O)n1)N1CCC(C(=O)O)CC1,gen_00106,CCCC(c1cccc(-c2ccc3c(c2)COC3=O)n1)N1CCC(C(=O)O)CC1,,0.10609114,0.09979789,0.66779107,-0.0151086,-0.025396079999999988,-0.06632917999999999,-5.2173996,-0.06369300000000067,2,3,"SR-MMP,NR-AhR",4,av
big_00199,C[C@@]1(CO)CCOc2cc(C(Cc3ccc4c(n3)NCCC4)C(=O)O)ccc21,gen_12752,CC1(C)CCOc2cc(C(Cc3ccc4c(n3)NCCC4)C(=O)O)ccc21,,0.011610773,0.0109833535,0.4357856,-0.202686477,-0.0158533435,-0.2526336,-5.4504366,-0.3458375999999994,2,3,"SR-MMP,NR-AhR",4,av
big_00360,CC1(C)COc2cc(C(Cc3ccc4c(n3)NCCC4)C(=O)O)ccc21,gen_12752,CC1(C)CCOc2cc(C(Cc3ccc4c(n3)NCCC4)C(=O)O)ccc21,,0.06835698,0.022471672,0.59885013,-0.14594026999999998,-0.004365024999999998,-0.08956907000000003,-5.0620966,0.04250240000000005,2,3,"SR-MMP,NR-AhR",4,av
big_00425,CC1CCc2ccc(C(Cc3ccc4c(n3)NCCC4)C(=O)O)cc2O1,gen_12752,CC1(C)CCOc2cc(C(Cc3ccc4c(n3)NCCC4)C(=O)O)ccc21,,0.06482299,0.02530379,0.66671693,-0.14947426,-0.001532907,-0.021702270000000023,-5.168479,-0.06387999999999927,2,3,"SR-MMP,NR-AhR",4,av
big_00439,O=C1OCc2cc(-c3cccc(CC(C4CC4)N4CCC(C(=O)O)CC4)n3)ccc21,gen_00106,CCCC(c1cccc(-c2ccc3c(c2)COC3=O)n1)N1CCC(C(=O)O)CC1,,0.063206784,0.068919055,0.56034243,-0.057992956,-0.05627491499999998,-0.17377782000000008,-5.2887034,-0.13499680000000058,2,3,"SR-MMP,NR-AhR",4,av
big_00478,CCCC(c1cccc(-c2ccc3c(c2)CNC3=O)n1)N1CCC(C(=O)O)CC1,gen_00106,CCCC(c1cccc(-c2ccc3c(c2)COC3=O)n1)N1CCC(C(=O)O)CC1,,0.05633866,0.081245884,0.6495283,-0.06486108,-0.04394808599999998,-0.08459195000000008,-5.4608603,-0.30715370000000064,2,3,"SR-MMP,NR-AhR",4,av
big_00489,O=C(O)C(CNC(O)c1cc(-c2cccnc2)nc(C2CCCCC2)c1)c1ccc(CO)cc1,gen_12428,O=C(O)C(CNC(O)c1cc(-c2cccnc2)nc(C2CCCCC2)c1)c1ccc(F)cc1,,0.07557843,0.07107639,0.60960096,-0.07955912000000001,-0.03830222999999999,-0.09322134000000004,-6.0528235,-0.4353460999999994,2,3,"SR-MMP,NR-AhR",3,av
big_00520,O=C(O)C(Cc1ccc2c(n1)NCCC2)c1ccc2c(c1)OCCC2,gen_12752,CC1(C)CCOc2cc(C(Cc3ccc4c(n3)NCCC4)C(=O)O)ccc21,,0.027987948,0.019585745,0.62862605,-0.186309302,-0.007250951999999998,-0.05979314999999996,-5.178875,-0.07427599999999934,2,3,"SR-MMP,NR-AhR",4,av
big_00559,CC(Cc1cccc(-c2ccc3c(c2)COC3=O)n1)N1CCC(C(=O)O)CC1,gen_00106,CCCC(c1cccc(-c2ccc3c(c2)COC3=O)n1)N1CCC(C(=O)O)CC1,,0.019651905,0.061191924,0.58358604,-0.101547835,-0.06400204599999998,-0.15053421,-5.3406615,-0.1869549000000008,2,3,"SR-MMP,NR-AhR",4,av
big_00576,CC1(C)Cc2ccc(C(Cc3ccc4c(n3)NCCC4)C(=O)O)cc2O1,gen_12752,CC1(C)CCOc2cc(C(Cc3ccc4c(n3)NCCC4)C(=O)O)ccc21,,0.0810675,0.022618871,0.6446321,-0.13322974999999998,-0.004217826000000001,-0.04378709999999997,-5.14748,-0.0428809999999995,2,3,"SR-MMP,NR-AhR",4,av
big_00739,C[C@@H](c1cccc(-c2ccc3c(c2)COC3=O)n1)N1CCC(C(=O)O)CC1,gen_00106,CCCC(c1cccc(-c2ccc3c(c2)COC3=O)n1)N1CCC(C(=O)O)CC1,,0.03712342,0.0978241,0.66141135,-0.08407632000000001,-0.02736986999999999,-0.07270890000000008,-5.2246795,-0.07097290000000012,2,3,"SR-MMP,NR-AhR",4,av
big_00795,Cn1cc(-c2ccc(CC(NC(=O)C3CCCCC3)C(=O)O)cc2)cn1,gen_05363,O=C(NC(Cc1ccc(-c2ccccn2)cc1)C(=O)O)C1CCCCC1,,0.010254377,0.024565276,0.6853981,-0.015884485999999996,-0.003332484,-0.004889000000000032,-5.620083,-0.2698236999999999,2,3,"NR-AhR,DILI",,unmeasurable
big_00826,CCCC(c1cccc(-c2ccc(C(=O)O)cc2)n1)N1CCC(C(=O)O)CC1,gen_00106,CCCC(c1cccc(-c2ccc3c(c2)COC3=O)n1)N1CCC(C(=O)O)CC1,,0.0185695,0.03452092,0.55840266,-0.10263024,-0.09067304999999999,-0.17571758999999998,-5.6489153,-0.49520870000000006,2,3,"SR-MMP,NR-AhR",9,av
big_00915,CCCC(c1cccc(-c2ccc3c(c2)C(=O)NC3)n1)N1CCC(C(=O)O)CC1,gen_00106,CCCC(c1cccc(-c2ccc3c(c2)COC3=O)n1)N1CCC(C(=O)O)CC1,,0.056790818,0.09147133,0.6465336,-0.06440892200000001,-0.033722639999999984,-0.08758664999999999,-5.454289,-0.3005824000000006,2,3,"SR-MMP,NR-AhR",4,av
big_00976,CC1(C)CCc2cc(C(Cc3ccc4c(n3)NCCC4)C(=O)O)ccc2O1,gen_12752,CC1(C)CCOc2cc(C(Cc3ccc4c(n3)NCCC4)C(=O)O)ccc21,,0.14129858,0.02149062,0.6488325,-0.07299866999999999,-0.005346077000000001,-0.039586699999999975,-5.1511617,-0.04656269999999996,2,3,"SR-MMP,NR-AhR",4,av
big_01070,CN(C)CCn1ccnc1-c1ccc2c3c([nH]c2c1)C(CC(=O)O)CCC3,gen_13757,CC(C)Cn1ccnc1-c1ccc2c3c([nH]c2c1)C(CC(=O)O)CCC3,,0.022481266,0.11125462,0.32168016,-0.33564531400000003,-0.20654703,-0.40037599,-5.555114,-0.38397299999999923,2,3,"SR-MMP,NR-AhR",12,av
big_01110,CC1(C)COc2ccc(C(Cc3ccc4c(n3)NCCC4)C(=O)O)cc21,gen_12752,CC1(C)CCOc2cc(C(Cc3ccc4c(n3)NCCC4)C(=O)O)ccc21,,0.06884442,0.020462979,0.58918655,-0.14545282999999998,-0.0063737180000000004,-0.09923265000000003,-5.06251,0.04208900000000071,2,3,"SR-MMP,NR-AhR",4,av
big_01202,CCCC(c1cccc(-c2ccc(C(=O)O)c(Cl)c2)n1)N1CCC(C(=O)O)CC1,gen_00106,CCCC(c1cccc(-c2ccc3c(c2)COC3=O)n1)N1CCC(C(=O)O)CC1,,0.016837675,0.031648166,0.6285511,-0.104362065,-0.09354580399999998,-0.10556915,-5.559906,-0.4061994000000002,2,3,"SR-MMP,NR-AhR",9,av
big_01284,O=C1OCc2cc(-c3cccc(C(CCO)N4CCC(C(=O)O)CC4)n3)ccc21,gen_00106,CCCC(c1cccc(-c2ccc3c(c2)COC3=O)n1)N1CCC(C(=O)O)CC1,,0.023516925,0.06560396,0.6486365,-0.097682815,-0.059590009999999985,-0.08548375000000008,-5.5435305,-0.38982390000000056,2,3,"SR-MMP,NR-AhR",4,av
big_01311,O=C(NC(Cc1ccccc1-c1ccccn1)C(=O)O)C1CCCCC1,gen_05363,O=C(NC(Cc1ccc(-c2ccccn2)cc1)C(=O)O)C1CCCCC1,,0.020395178,0.013714833,0.59894186,-0.005743684999999998,-0.014182927000000001,-0.09134524,-5.34495,0.005309300000000405,2,3,"SR-MMP,NR-AhR",,unmeasurable
big_01314,O=C1OCc2cc(-c3cccc(C(CCCO)N4CCC(C(=O)O)CC4)n3)ccc21,gen_00106,CCCC(c1cccc(-c2ccc3c(c2)COC3=O)n1)N1CCC(C(=O)O)CC1,,0.035527878,0.07212869,0.6540424,-0.085671862,-0.05306527999999999,-0.08007785,-5.571551,-0.4178444000000008,2,3,"SR-MMP,NR-AhR",4,av
big_01349,O=C(O)C(Cc1ccc2c(n1)NCCC2)c1ccc2c(c1)CCCC2,gen_12752,CC1(C)CCOc2cc(C(Cc3ccc4c(n3)NCCC4)C(=O)O)ccc21,,0.081907734,0.024051283,0.5709028,-0.13238951599999998,-0.002785414,-0.11751639999999997,-5.1922827,-0.08768369999999948,2,3,"SR-MMP,NR-AhR",4,av
big_01430,CC1CCCc2cc(C(Cc3ccc4c(n3)NCCC4)C(=O)O)ccc21,gen_12752,CC1(C)CCOc2cc(C(Cc3ccc4c(n3)NCCC4)C(=O)O)ccc21,,0.168887,0.026750416,0.6251579,-0.045410249999999985,-8.628100000000055e-05,-0.06326129999999996,-5.1792464,-0.07464739999999992,2,3,"SR-MMP,NR-AhR",4,av
big_01488,O=C(O)C(Cc1ccc2c(n1)NCCC2)c1ccc2c(c1)OCCCC2,gen_12752,CC1(C)CCOc2cc(C(Cc3ccc4c(n3)NCCC4)C(=O)O)ccc21,,0.06543804,0.025791978,0.6370686,-0.14885921,-0.0010447189999999995,-0.051350600000000024,-5.1632833,-0.05868429999999947,2,3,"SR-MMP,NR-AhR",4,av
big_01519,O=C(O)C(Cc1ccc2c(n1)NCCC2)c1ccc2c(c1)CCO2,gen_12752,CC1(C)CCOc2cc(C(Cc3ccc4c(n3)NCCC4)C(=O)O)ccc21,,0.017080141,0.018705985,0.6461011,-0.197217109,-0.008130711999999998,-0.042318100000000025,-5.1660333,-0.061434299999999276,2,3,"SR-MMP,NR-AhR",4,av
big_01523,COCC1(C)CCc2cc(C(Cc3ccc4c(n3)NCCC4)C(=O)O)ccc21,gen_12752,CC1(C)CCOc2cc(C(Cc3ccc4c(n3)NCCC4)C(=O)O)ccc21,,0.08355832,0.015269728,0.54770726,-0.13073892999999998,-0.011566969,-0.14071193999999998,-5.1860776,-0.08147859999999962,2,3,"SR-MMP,NR-AhR",4,av
big_01581,COC1(C)CCc2cc(C(Cc3ccc4c(n3)NCCC4)C(=O)O)ccc21,gen_12752,CC1(C)CCOc2cc(C(Cc3ccc4c(n3)NCCC4)C(=O)O)ccc21,,0.05367999,0.016776675,0.6644474,-0.16061725999999998,-0.010060021999999998,-0.023971799999999988,-5.28932,-0.1847209999999997,2,3,"SR-MMP,NR-AhR",4,av
big_01643,O=C(O)CC1CCCc2c1[nH]c1cc(-c3nccn3CCN3CCCC3)ccc21,gen_13757,CC(C)Cn1ccnc1-c1ccc2c3c([nH]c2c1)C(CC(=O)O)CCC3,,0.043512553,0.085576855,0.28654343,-0.314614027,-0.23222479499999998,-0.43551272,-5.551012,-0.3798709999999996,2,3,"SR-MMP,NR-AhR",12,av
big_01648,Cc1cc(C(O)NCC(C(=O)O)c2ccc(F)cc2)cc(-c2cccnc2)n1,gen_12428,O=C(O)C(CNC(O)c1cc(-c2cccnc2)nc(C2CCCCC2)c1)c1ccc(F)cc1,,0.009366008,0.08665402,0.6945229,-0.145771542,-0.022724599999999998,-0.008299399999999957,-5.858886,-0.24140859999999975,2,3,"NR-AhR,DILI",3,av
big_01681,Cn1cc(C(CC2CC2)N2CCC(C(=O)O)CC2)nc1-c1ccc2c(c1)COC2=O,gen_00106,CCCC(c1cccc(-c2ccc3c(c2)COC3=O)n1)N1CCC(C(=O)O)CC1,,0.02755709,0.029664915,0.5849062,-0.09364265,-0.09552905499999999,-0.14921405,-5.3940115,-0.24030490000000082,2,3,"SR-MMP,NR-AhR",4,av
big_01748,Cn1ccnc1-c1ccc(CCC2(C)CC(C(=O)NC(Cc3ccccc3)C(=O)O)C2)cc1,gen_07789,Cn1nccc1-c1ccc(CCC2(C)CC(C(=O)NC(Cc3ccccc3)C(=O)O)C2)cc1,,0.07693265,0.033497706,0.6680338,-0.02193895,-0.004788610999999998,-0.05085525999999996,-5.5586023,-0.045417800000000064,2,3,"SR-MMP,NR-AhR",,unmeasurable
