label,pose,affinity,status,metal_ca501,hbond_asn224,tyr178_contact,hydrophobic_pocket,hbond_asn224_sidechain,hbond_anchor_window,hbond_bb_residues,n_metal_complexes,n_hbonds,n_hydrophobic_contacts,n_pi_stacking,n_salt_bridges,n_water_bridges,n_halogen_bonds
CONTROL_crystal,1,-6.76,ok,1,1,0,1,0,1,224,4,7,1,0,0,0,1
CONTROL_crystal,2,-6.751,ok,1,1,0,1,0,1,224,4,7,1,0,0,0,0
CONTROL_crystal,3,-6.749,ok,1,1,0,1,0,1,224,4,6,1,0,0,0,1
CONTROL_crystal,4,-6.738,ok,1,1,0,1,0,1,224,4,6,1,0,0,0,0
big_00036,1,-8.005,ok,0,0,0,1,0,0,,3,5,6,1,0,0,0
big_00036,2,-7.952,ok,0,0,0,1,0,0,,3,5,7,0,0,0,0
big_00036,3,-7.813,ok,0,0,1,1,0,0,,3,6,6,0,0,0,0
big_00036,4,-7.671,ok,0,0,0,1,0,0,,3,6,6,1,0,0,0
big_00036,5,-7.646,ok,0,0,1,1,0,0,,3,7,6,1,0,0,0
big_00036,6,-7.503,ok,1,0,0,1,0,0,,4,6,5,1,0,0,0
big_00036,7,-7.495,ok,0,0,1,1,0,0,,3,6,5,0,0,0,0
big_00036,8,-7.442,ok,0,1,0,1,0,1,224,0,4,3,0,0,0,0
big_00036,9,-7.434,ok,0,0,0,1,0,0,,3,4,5,0,0,0,0
big_00036,10,-7.405,ok,1,0,0,1,0,1,225,4,2,6,0,0,0,0
big_00036,11,-7.375,ok,1,0,0,1,0,1,225,4,1,6,0,0,0,0
big_00036,12,-7.309,ok,0,1,0,1,0,1,224,0,4,3,0,0,0,0
big_00036,13,-7.274,ok,0,0,0,1,0,1,226,0,4,7,0,0,0,0
big_00036,14,-7.209,ok,0,1,0,1,0,1,224,0,4,2,0,1,0,0
big_00036,15,-7.01,ok,0,1,0,1,0,1,224,0,4,5,0,0,0,0
big_00038,1,-7.498,ok,0,1,0,1,0,1,224,3,8,4,0,0,0,0
big_00038,2,-7.471,ok,0,1,0,1,0,1,224,3,7,4,0,0,0,0
big_00038,3,-7.403,ok,1,1,0,1,0,1,224,4,6,4,0,0,0,0
big_00057,1,-7.542,ok,1,0,1,1,0,0,,4,7,4,0,0,0,0
big_00057,2,-7.467,ok,1,0,1,1,0,0,,4,7,4,0,0,0,0
big_00057,3,-7.446,ok,0,0,1,1,0,0,,3,7,5,0,0,0,0
big_00057,4,-7.388,ok,1,0,1,1,0,0,,4,8,5,0,0,0,0
big_00057,5,-7.361,ok,1,0,1,1,0,0,,4,7,4,0,0,0,0
big_00057,6,-7.308,ok,1,0,1,1,0,0,,4,6,4,0,0,0,0
big_00057,7,-7.238,ok,0,0,0,1,0,0,,3,3,5,0,1,0,0
big_00058,1,-7.013,ok,0,0,0,1,0,0,,4,4,2,1,0,0,0
big_00058,2,-7.002,ok,1,0,1,1,0,0,,5,6,4,1,0,0,0
big_00058,3,-6.992,ok,0,1,0,1,0,1,224,4,5,3,1,0,0,0
big_00058,4,-6.954,ok,0,1,0,1,0,1,224,4,5,2,1,0,0,0
big_00058,5,-6.948,ok,1,1,1,1,0,1,224,5,6,3,1,0,0,0
big_00058,6,-6.943,ok,0,0,0,1,0,0,,4,5,2,1,0,0,0
big_00081,1,-7.449,ok,0,0,0,1,0,0,,3,6,3,0,0,0,0
big_00081,2,-7.436,ok,0,0,0,1,0,0,,3,5,3,0,0,0,0
big_00081,3,-7.354,ok,0,0,0,1,0,0,,3,5,4,0,0,0,0
big_00081,4,-7.31,ok,0,0,0,1,0,0,,3,4,4,0,0,0,0
big_00081,5,-7.262,ok,0,0,0,1,0,0,,3,4,4,0,0,0,0
big_00081,6,-7.246,ok,0,0,0,1,0,0,,3,2,3,0,0,0,0
big_00097,1,-7.29,ok,0,0,1,1,0,0,,3,5,4,0,0,0,0
big_00131,1,-7.964,ok,0,0,0,1,0,0,,4,7,3,0,0,0,0
big_00146,1,7.312,ok,0,0,0,1,0,0,,0,1,1,0,0,0,0
big_00146,2,16.205,ok,0,0,0,0,0,0,,4,3,3,0,0,0,0
big_00169,1,-7.41,ok,0,0,1,1,0,0,,3,6,4,0,0,0,0
big_00169,2,-7.145,ok,1,0,0,1,0,0,,4,6,5,0,0,0,0
big_00169,3,-7.096,ok,1,1,1,0,0,1,224,5,6,1,0,0,0,0
big_00169,4,-7.042,ok,1,1,1,1,0,1,224,4,7,3,0,0,0,0
big_00169,5,-7.001,ok,0,0,0,1,0,0,,3,5,5,0,0,0,0
big_00169,6,-6.936,ok,1,1,0,1,0,1,224,4,6,5,0,0,0,0
big_00169,7,-6.918,ok,0,1,1,1,0,1,224,0,5,4,0,0,0,0
big_00169,8,-6.905,ok,1,0,1,1,0,0,,4,5,3,0,0,0,0
big_00169,9,-6.883,ok,1,0,1,1,0,0,,4,5,4,0,0,0,0
big_00169,10,-6.881,ok,1,1,1,1,0,1,224,5,6,2,0,0,0,0
big_00169,11,-6.818,ok,0,0,0,1,0,0,,3,6,5,0,0,0,0
big_00169,12,-6.655,ok,0,0,0,1,0,0,,0,3,4,0,0,0,0
big_00184,1,-7.901,ok,1,0,0,1,0,0,,5,3,6,0,0,0,0
big_00184,2,-7.78,ok,0,0,0,1,0,0,,3,6,6,0,0,0,0
big_00184,3,-7.728,ok,1,0,0,1,0,0,,4,3,6,0,0,0,0
big_00184,4,-7.711,ok,0,0,0,1,0,0,,3,6,3,0,0,0,0
big_00184,5,-7.639,ok,0,0,0,1,0,0,,3,5,3,0,0,0,0
big_00184,6,-7.561,ok,0,0,0,1,0,0,,3,6,5,0,0,0,0
big_00184,7,-7.518,ok,0,0,0,1,0,0,,3,6,5,0,0,0,0
big_00184,8,-7.429,ok,0,0,0,1,0,0,,3,5,3,0,0,0,0
big_00184,9,-7.388,ok,1,0,0,1,0,0,,4,0,5,0,0,0,0
big_00199,1,-7.681,ok,1,1,0,1,0,1,224,4,8,2,0,0,0,0
big_00204,1,-8.259,ok,0,1,1,1,0,1,224,3,8,2,0,0,0,1
big_00204,2,-8.251,ok,1,1,0,1,0,1,224,4,7,2,0,0,0,0
big_00204,3,-8.248,ok,1,1,1,1,0,1,224,4,8,2,0,0,0,1
big_00204,4,-8.246,ok,0,1,0,1,0,1,224,3,8,2,0,0,0,0
big_00204,5,-8.207,ok,0,1,1,1,0,1,224,3,8,2,0,0,0,1
big_00204,6,-8.204,ok,0,1,1,1,0,1,224,3,8,2,0,0,0,1
big_00204,7,-8.154,ok,0,1,0,1,0,1,224,3,8,2,0,0,0,0
big_00204,8,-8.142,ok,1,1,1,1,0,1,224,4,7,2,0,0,0,1
big_00204,9,-8.087,ok,1,1,0,1,0,1,224,4,8,2,0,0,0,0
big_00204,10,-8.076,ok,1,1,0,1,0,1,224,4,7,2,0,0,0,0
big_00204,11,-8.036,ok,1,1,0,1,0,1,224,4,8,2,0,0,0,0
big_00204,12,-7.946,ok,1,1,1,1,0,1,224,4,8,2,0,0,0,1
big_00204,13,-7.855,ok,1,0,0,1,0,0,,4,5,2,0,0,0,2
big_00204,14,-7.82,ok,0,1,1,1,0,1,224,3,7,1,0,0,0,2
big_00204,15,-7.799,ok,1,1,0,1,0,1,224,4,8,2,0,0,0,0
big_00240,1,-8.03,ok,0,1,1,1,0,1,224,3,8,4,0,0,0,0
big_00240,2,-7.862,ok,0,1,0,1,0,1,224 226,0,5,4,0,0,0,0
big_00240,3,-7.811,ok,0,1,1,1,0,1,224,3,7,5,0,0,0,0
big_00240,4,-7.778,ok,1,0,0,1,0,0,,5,4,6,0,0,0,0
big_00240,5,-7.749,ok,1,1,0,1,0,1,224,5,6,3,0,0,0,0
big_00240,6,-7.674,ok,1,1,0,1,0,1,224,5,7,3,0,0,0,0
big_00240,7,-7.667,ok,1,0,0,1,0,0,,5,4,5,0,0,0,0
big_00240,8,-7.66,ok,1,1,0,1,0,1,224,5,4,4,0,0,0,0
big_00240,9,-7.568,ok,1,1,0,1,0,1,224,5,4,5,0,0,0,0
big_00240,10,-7.547,ok,1,1,0,1,0,1,224,5,4,4,0,0,0,0
big_00240,11,-7.489,ok,1,1,0,1,0,1,224,5,4,4,0,0,0,0
big_00240,12,-7.477,ok,1,1,0,1,0,1,224,5,4,6,0,0,0,0
big_00246,1,-6.608,ok,1,0,1,1,0,0,,4,6,3,1,0,0,0
big_00246,2,-6.574,ok,1,0,1,1,0,0,,4,6,4,0,0,0,0
big_00246,3,-6.563,ok,0,1,1,1,0,1,224,3,6,3,1,0,0,0
big_00246,4,-6.536,ok,0,0,1,1,0,0,,3,5,3,1,0,0,0
big_00265,1,-7.983,ok,0,0,0,1,0,0,,3,1,5,0,1,0,0
big_00265,2,-7.963,ok,1,1,1,1,0,1,224,4,6,6,0,0,0,0
big_00265,3,-7.952,ok,1,1,1,1,0,1,224,4,6,6,0,0,0,0
big_00265,4,-7.876,ok,1,1,1,1,0,1,224,4,6,6,0,0,0,0
big_00265,5,-7.857,ok,1,1,1,1,0,1,224,4,5,5,1,0,0,0
big_00265,6,-7.836,ok,1,0,1,1,0,0,,4,5,6,0,0,0,0
big_00265,7,-7.831,ok,0,0,0,1,0,0,,3,1,4,0,1,0,0
big_00265,8,-7.812,ok,0,0,1,1,0,0,,3,2,5,0,0,0,0
big_00265,9,-7.8,ok,1,1,1,1,0,1,224,4,4,6,0,0,0,0
big_00265,10,-7.763,ok,0,0,1,1,0,0,,3,2,6,0,0,0,0
big_00265,11,-7.746,ok,0,0,0,1,0,0,,3,5,3,0,0,0,0
big_00265,12,-7.742,ok,0,0,1,1,0,0,,3,2,6,0,0,0,0
big_00265,13,-7.736,ok,0,0,1,1,0,0,,3,2,5,0,0,0,0
big_00265,14,-7.712,ok,0,0,1,1,0,0,,3,2,6,1,0,0,0
big_00267,1,-7.9,ok,1,0,0,0,0,0,,5,7,0,0,0,0,0
big_00360,1,-8.114,ok,0,1,0,1,0,1,224,3,8,4,0,0,0,0
big_00369,1,4.082,ok,0,1,1,1,0,1,224,0,1,3,0,1,0,0
big_00369,2,10.782,ok,0,0,1,0,0,0,,0,3,1,0,1,0,0
big_00420,1,-4.135,ok,1,0,0,0,0,0,,4,6,0,0,0,0,0
big_00425,1,-7.594,ok,1,0,1,1,0,0,,4,5,4,0,0,0,0
big_00425,2,-7.572,ok,1,0,1,1,0,0,,4,5,4,0,0,0,0
big_00425,3,-7.472,ok,1,0,1,1,0,0,,4,3,4,0,0,0,0
big_00438,1,-7.341,ok,1,0,0,1,0,0,,4,3,6,0,0,0,0
big_00438,2,-7.337,ok,1,0,0,1,0,0,,5,4,5,0,0,0,0
big_00438,3,-7.303,ok,1,0,0,1,0,0,,5,3,4,0,0,0,0
big_00438,4,-7.298,ok,1,0,0,1,0,0,,4,3,6,0,0,0,0
big_00438,5,-7.296,ok,1,0,0,1,0,0,,5,3,5,0,0,0,0
big_00438,6,-7.291,ok,1,0,0,1,0,0,,4,3,4,0,0,0,0
big_00438,7,-7.279,ok,1,0,0,1,0,0,,5,2,6,0,0,0,0
big_00438,8,-7.254,ok,0,0,0,1,0,0,,3,5,5,1,0,0,0
big_00438,9,-7.176,ok,1,0,0,1,0,1,225,4,1,5,0,0,0,0
big_00438,10,-7.148,ok,1,0,0,1,0,0,,4,2,5,0,0,0,0
big_00438,11,-7.147,ok,1,0,0,1,0,0,,5,3,4,0,0,0,0
big_00438,12,-7.127,ok,1,0,0,1,0,0,,4,3,5,0,0,0,0
big_00438,13,-7.082,ok,0,1,0,1,0,1,224,0,4,2,0,1,0,0
big_00439,1,-7.921,ok,1,0,0,1,0,0,,5,4,4,0,0,0,0
big_00439,2,-7.731,ok,1,0,0,1,0,0,,4,3,1,0,1,0,0
big_00439,3,-7.693,ok,1,0,0,1,0,0,,4,2,4,0,0,0,0
big_00439,4,-7.668,ok,1,0,0,1,0,0,,4,3,2,0,1,0,0
big_00439,5,-7.625,ok,1,0,1,1,0,0,,4,2,2,0,2,0,0
big_00439,6,-7.624,ok,1,0,0,1,0,0,,4,3,1,0,1,0,0
big_00478,1,-7.751,ok,1,0,0,1,0,0,,4,1,4,0,0,0,0
big_00478,2,-7.718,ok,1,0,0,1,0,0,,4,1,4,0,0,0,0
big_00478,3,-7.69,ok,1,0,0,1,0,0,,4,1,5,0,0,0,0
big_00478,4,-7.63,ok,1,1,0,1,0,1,224,4,6,3,0,0,0,0
big_00478,5,-7.613,ok,1,0,0,1,0,0,,4,1,5,0,0,0,0
big_00478,6,-7.505,ok,1,0,0,1,0,0,,4,1,3,0,0,0,0
big_00489,1,-7.585,ok,0,0,1,1,0,0,186,3,6,6,0,0,0,0
big_00489,2,-7.409,ok,1,0,1,1,0,0,,5,6,2,1,0,0,0
big_00489,3,-6.842,ok,1,1,0,1,0,1,224,4,8,3,0,0,0,0
big_00520,1,-7.444,ok,1,0,0,1,0,0,,5,8,2,0,0,0,0
big_00520,2,-7.406,ok,0,0,0,1,0,0,186,0,3,4,0,0,0,0
big_00520,3,-7.364,ok,0,0,0,1,0,0,186,0,3,3,0,0,0,0
big_00520,4,-7.333,ok,1,1,0,1,0,1,224,4,7,3,0,0,0,0
big_00520,5,-7.292,ok,1,0,1,1,0,0,,4,5,5,0,0,0,0
big_00532,1,-8.002,ok,0,1,0,1,0,1,224 259,4,9,2,0,1,0,0
big_00532,2,-7.895,ok,0,1,0,1,0,1,224 227,3,8,3,0,1,0,0
big_00559,1,-8.309,ok,1,1,0,1,0,1,224,4,2,3,0,1,0,0
big_00559,2,-8.162,ok,1,1,0,1,0,1,224,4,2,2,0,1,0,0
big_00559,3,-8.087,ok,1,0,0,0,0,0,,4,1,0,0,0,0,0
big_00559,4,-8.048,ok,1,0,0,1,0,0,,4,3,3,0,1,0,0
big_00565,1,-8.581,ok,1,1,0,1,0,1,224,4,6,4,0,0,0,0
big_00565,2,-8.563,ok,1,0,0,1,0,0,,4,5,4,0,0,0,0
big_00565,3,-8.534,ok,0,0,1,1,0,0,,3,7,3,0,0,0,0
big_00565,4,-8.459,ok,0,1,1,1,0,1,224,3,8,3,0,0,0,0
big_00565,5,-8.401,ok,0,0,0,1,0,0,,3,4,2,0,0,0,0
big_00565,6,-8.377,ok,0,0,0,1,0,0,186,3,6,4,0,0,0,0
big_00565,7,-8.375,ok,0,0,0,1,0,0,186,3,5,6,0,1,0,1
big_00565,8,-8.33,ok,0,0,0,1,0,0,186,3,6,2,0,0,0,0
big_00565,9,-8.308,ok,0,0,0,1,0,0,,3,6,5,0,0,0,0
big_00565,10,-8.264,ok,0,0,0,1,0,0,186,3,6,4,0,0,0,0
big_00570,1,-7.658,ok,1,0,1,1,0,0,,4,6,2,0,0,0,1
big_00570,2,-7.651,ok,0,0,1,1,0,0,,3,6,2,0,0,0,1
big_00570,3,-7.63,ok,1,0,1,1,0,0,,4,6,2,0,0,0,1
big_00570,4,-7.612,ok,1,0,1,1,0,0,,4,7,2,0,0,0,1
big_00570,5,-7.58,ok,1,0,1,1,0,0,,4,7,2,0,0,0,1
big_00570,6,-7.56,ok,1,0,1,1,0,0,,4,5,2,0,0,0,1
big_00570,7,-7.529,ok,1,0,1,1,0,0,,4,5,2,0,0,0,1
big_00570,8,-7.502,ok,1,0,1,1,0,0,,4,6,2,0,0,0,1
big_00570,9,-7.499,ok,1,1,1,1,0,1,224,5,5,2,0,0,0,1
big_00570,10,-7.475,ok,1,0,1,1,0,0,,4,8,1,0,0,0,1
big_00570,11,-7.46,ok,1,1,0,1,0,1,224,4,7,1,0,0,0,1
big_00570,12,-7.454,ok,0,1,0,1,0,1,224,3,6,1,0,0,0,2
big_00570,13,-7.43,ok,1,1,1,1,0,1,224,5,5,1,0,0,0,1
big_00570,14,-7.377,ok,1,0,1,1,0,0,,4,4,2,0,0,0,1
big_00576,1,-7.451,ok,1,1,1,1,0,1,224,4,2,3,0,0,0,0
big_00576,2,-7.39,ok,1,0,1,1,0,0,,4,5,3,0,0,0,0
big_00576,3,-7.368,ok,1,1,0,1,0,1,224,4,6,4,0,0,0,0
big_00576,4,-7.357,ok,1,1,0,1,0,1,224,4,5,3,0,0,0,0
big_00576,5,-7.3,ok,1,0,1,1,0,0,,4,6,3,0,0,0,0
big_00640,1,-10.628,ok,0,0,0,1,0,0,,0,0,2,0,0,0,0
big_00684,1,-8.063,ok,0,0,0,1,0,0,,4,7,1,0,0,0,0
big_00686,1,-6.539,ok,1,0,0,1,0,0,,4,5,1,0,0,0,0
big_00686,2,-6.458,ok,1,0,0,1,0,0,,4,2,2,0,0,0,0
big_00686,3,-6.445,ok,1,0,0,1,0,0,,4,7,1,0,2,0,0
big_00686,4,-6.405,ok,0,0,0,0,0,0,,3,5,0,0,0,0,0
big_00686,5,-6.402,ok,0,0,0,1,0,0,,3,7,1,0,0,0,0
big_00686,6,-6.395,ok,1,0,0,1,0,0,,4,3,2,0,0,0,0
big_00686,7,-6.393,ok,1,1,0,1,0,1,224,4,3,2,0,1,0,0
big_00686,8,-6.391,ok,1,0,0,1,0,0,,4,2,2,0,0,0,0
big_00686,9,-6.358,ok,1,0,0,1,0,0,,4,2,2,0,0,0,0
big_00739,1,-8.29,ok,1,1,0,1,0,1,224,4,5,2,0,0,0,0
big_00739,2,-8.127,ok,1,1,0,1,0,1,224,4,5,2,0,0,0,0
big_00739,3,-7.913,ok,1,1,0,1,0,1,224,4,1,2,0,1,0,0
big_00768,1,-7.708,ok,1,0,0,1,0,0,186 187,4,5,3,0,0,0,0
big_00768,2,-7.69,ok,0,0,0,1,0,0,186 187,3,5,3,1,0,0,0
big_00768,3,-7.661,ok,0,0,0,1,0,0,186 187,3,6,4,0,0,0,0
big_00768,4,-7.659,ok,0,0,0,1,0,0,186 187,3,6,3,1,0,0,0
big_00768,5,-7.622,ok,0,0,0,1,0,0,,3,7,3,0,0,0,0
big_00768,6,-7.598,ok,0,0,0,1,0,0,186,3,5,2,0,0,0,0
big_00768,7,-7.557,ok,0,0,0,1,0,0,,3,5,3,0,0,0,0
big_00768,8,-7.489,ok,0,0,0,1,0,0,,3,8,2,0,0,0,0
big_00768,9,-7.469,ok,0,1,0,0,0,1,224,0,2,2,0,1,0,0
big_00773,1,-7.853,ok,1,1,1,1,0,1,224,4,6,3,1,0,0,0
big_00773,2,-7.837,ok,1,1,1,1,0,1,224,4,6,3,1,0,0,0
big_00773,3,-7.819,ok,1,1,1,1,0,1,224,4,7,2,1,0,0,0
big_00773,4,-7.796,ok,1,1,1,1,0,1,224,4,7,2,1,0,0,0
big_00773,5,-7.739,ok,1,0,1,1,0,0,,4,6,2,1,0,0,0
big_00785,1,-7.82,ok,0,1,1,1,0,1,224,3,7,3,0,0,0,0
big_00785,2,-7.745,ok,0,1,1,1,0,1,224,3,7,5,0,0,0,0
big_00785,3,-7.702,ok,1,0,1,1,0,0,186,4,6,4,0,0,0,0
big_00791,1,-8.169,ok,1,0,0,1,0,0,186,4,6,2,0,0,0,0
big_00795,1,-7.424,ok,1,0,0,0,0,0,,4,8,2,0,0,0,0
big_00795,2,-7.423,ok,1,0,0,0,0,0,,4,8,1,0,0,0,0
big_00795,3,-7.395,ok,1,0,0,0,0,0,,4,8,1,0,0,0,0
big_00795,4,-7.369,ok,1,0,0,0,0,0,,4,7,1,0,0,0,0
big_00814,1,-7.497,ok,1,1,1,0,0,1,224,4,8,2,0,0,0,0
big_00826,1,-7.7,ok,1,1,1,1,0,1,224,4,9,4,0,0,0,0
big_00826,2,-7.566,ok,1,0,0,1,0,0,,4,5,2,0,0,0,0
big_00826,3,-7.551,ok,1,0,0,1,0,0,,4,6,3,0,0,0,0
big_00826,4,-7.515,ok,1,0,0,1,0,0,,4,5,2,0,0,0,0
big_00826,5,-7.493,ok,1,0,0,1,0,0,,4,6,2,0,0,0,0
big_00826,6,-7.395,ok,1,0,0,1,0,0,,4,2,2,0,0,0,0
big_00826,7,-7.391,ok,1,0,0,1,0,0,,4,2,2,0,0,0,0
big_00826,8,-7.325,ok,1,0,0,1,0,0,,4,2,2,0,0,0,0
big_00848,1,-7.966,ok,1,0,0,1,0,0,,4,4,6,0,1,0,0
big_00848,2,-7.952,ok,0,0,0,1,0,0,186,0,2,5,0,1,0,0
big_00848,3,-7.938,ok,1,0,0,1,0,0,,4,3,6,0,0,0,0
big_00848,4,-7.915,ok,0,0,1,1,0,0,186,0,2,4,0,1,0,0
big_00848,5,-7.887,ok,0,0,1,1,0,0,186,0,3,4,0,1,0,0
big_00848,6,-7.865,ok,0,0,1,1,0,0,186,0,3,5,0,1,0,0
big_00848,7,-7.766,ok,0,0,0,1,0,0,186,0,1,6,0,1,0,0
big_00848,8,-7.694,ok,0,0,1,1,0,0,186,3,2,3,0,1,0,0
big_00848,9,-7.668,ok,1,0,1,1,0,0,,4,6,2,0,0,0,0
big_00848,10,-7.501,ok,0,0,0,1,0,0,,0,6,5,0,1,0,0
big_00848,11,-7.428,ok,0,0,0,1,0,0,,0,6,4,0,1,0,0
big_00848,12,-7.409,ok,0,0,0,1,0,0,,3,3,4,0,1,0,0
big_00865,1,-7.688,ok,0,1,1,1,0,1,224,0,6,5,0,0,0,0
big_00865,2,-7.589,ok,0,1,0,1,0,1,224,0,5,4,0,0,0,0
big_00865,3,-7.463,ok,1,1,1,0,0,1,224,4,7,3,0,0,0,0
big_00865,4,-7.426,ok,1,1,1,0,0,1,224,4,8,2,0,0,0,0
big_00865,5,-7.417,ok,0,1,0,1,0,1,224,0,5,4,0,0,0,0
big_00870,1,-7.353,ok,0,0,1,1,0,0,,3,5,6,0,0,0,0
big_00870,2,-7.278,ok,0,0,1,1,0,0,,3,7,4,1,0,0,0
big_00870,3,-7.277,ok,1,0,1,1,0,0,,4,5,6,0,0,0,0
big_00870,4,-7.222,ok,0,0,1,1,0,0,,3,5,3,1,0,0,0
big_00870,5,-7.19,ok,1,0,1,1,0,0,,4,6,4,1,0,0,0
big_00870,6,-7.183,ok,0,0,1,1,0,0,,3,6,5,0,0,0,0
big_00870,7,-7.088,ok,0,0,1,1,0,0,,3,6,5,0,0,0,0
big_00894,1,-7.215,ok,0,0,0,1,0,0,259,3,7,1,0,0,0,0
big_00894,2,-7.155,ok,1,0,0,1,0,0,,4,6,1,0,0,0,0
big_00894,3,-6.954,ok,1,0,1,0,0,0,259,4,7,1,1,0,0,0
big_00894,4,-6.913,ok,0,0,1,1,0,0,,3,7,1,0,0,0,0
big_00894,5,-6.906,ok,1,0,0,0,0,0,186,4,6,0,0,0,0,0
big_00894,6,-6.875,ok,1,0,0,0,0,0,,4,6,0,0,0,0,0
big_00894,7,-6.819,ok,0,0,0,1,0,0,,3,6,1,0,0,0,0
big_00894,8,-6.782,ok,1,0,0,0,0,0,,4,6,0,0,0,0,0
big_00894,9,-6.776,ok,1,0,1,1,0,0,,4,7,1,0,0,0,0
big_00894,10,-6.768,ok,1,0,1,1,0,0,,4,6,2,0,0,0,0
big_00894,11,-6.617,ok,0,0,0,1,0,0,,3,2,1,0,0,0,0
big_00894,12,-6.477,ok,0,0,1,0,0,0,,4,2,0,0,0,0,0
big_00906,1,-6.847,ok,0,0,1,1,0,0,,0,5,4,0,0,0,0
big_00906,2,-6.751,ok,0,0,1,1,0,0,,0,5,3,0,0,0,0
big_00906,3,-6.744,ok,0,0,1,1,0,0,,0,4,4,0,0,0,0
big_00906,4,-6.719,ok,0,0,1,1,0,0,,0,6,3,0,0,0,0
big_00906,5,-6.644,ok,0,0,0,1,0,0,186,3,4,4,0,1,0,0
big_00906,6,-6.637,ok,0,0,0,1,0,0,186,3,4,5,0,1,0,0
big_00906,7,-6.595,ok,0,0,0,1,0,0,186,3,4,4,0,1,0,0
big_00906,8,-6.595,ok,0,0,0,1,0,0,186,3,4,5,0,1,0,0
big_00906,9,-6.484,ok,0,0,0,1,0,0,,0,5,5,0,1,0,0
big_00906,10,-6.482,ok,0,0,1,1,0,0,,3,7,2,0,0,0,0
big_00906,11,-6.413,ok,1,0,0,1,0,0,,4,7,2,0,0,0,0
big_00915,1,-7.694,ok,0,0,0,1,0,0,,4,7,4,0,0,0,0
big_00915,2,-7.62,ok,0,0,1,1,0,0,,4,8,5,0,0,0,0
big_00915,3,-7.613,ok,0,0,0,1,0,0,,4,7,3,0,0,0,0
big_00915,4,-7.606,ok,1,0,0,1,0,0,,4,4,4,0,0,0,0
big_00915,5,-7.43,ok,0,0,0,1,0,0,227,4,4,2,0,0,0,0
big_00917,1,-7.345,ok,1,1,0,1,0,1,224,4,7,3,0,0,0,0
big_00917,2,-7.34,ok,1,1,0,1,0,1,224,4,7,3,0,0,0,0
big_00917,3,-7.311,ok,0,1,1,1,0,1,224,3,6,5,0,0,0,0
big_00917,4,-7.282,ok,0,0,1,0,0,0,,3,8,3,0,0,0,0
big_00917,5,-7.249,ok,1,1,1,1,0,1,224,4,6,5,0,0,0,0
big_00917,6,-7.241,ok,1,1,0,1,0,1,224,4,6,4,0,0,0,0
big_00917,7,-7.229,ok,1,1,0,0,0,1,224,4,6,2,0,0,0,0
big_00917,8,-7.172,ok,1,1,0,0,0,1,224,4,7,2,0,0,0,0
big_00917,9,-7.146,ok,1,1,0,0,0,1,224,4,6,2,0,0,0,0
big_00928,1,-7.083,ok,1,1,1,1,0,1,224,4,7,3,0,0,0,0
big_00928,2,-7.062,ok,0,1,0,1,0,1,224,3,8,2,0,1,0,0
big_00928,3,-6.973,ok,0,1,1,1,0,1,224 225,3,7,2,0,0,0,0
big_00928,4,-6.972,ok,1,0,1,1,0,0,,4,6,2,0,0,0,0
big_00928,5,-6.967,ok,1,1,1,1,0,1,224,4,6,3,0,0,0,0
big_00928,6,-6.882,ok,1,0,1,1,0,0,,4,5,2,0,0,0,0
big_00928,7,-6.833,ok,1,1,0,1,0,1,224,4,6,2,0,0,0,0
big_00928,8,-6.831,ok,0,1,0,1,0,1,224,3,7,2,0,0,0,0
big_00928,9,-6.822,ok,0,0,0,1,0,0,,3,6,2,0,1,0,0
big_00928,10,-6.794,ok,0,1,0,1,0,1,224 225,0,4,2,0,0,0,0
big_00928,11,-6.657,ok,0,1,1,1,0,1,224,0,3,5,0,0,0,0
big_00928,12,-6.609,ok,0,0,0,1,0,0,227,3,2,1,0,0,0,0
big_00936,1,-7.518,ok,0,1,0,1,0,1,224,3,7,2,0,0,0,3
big_00936,2,-7.493,ok,1,1,0,1,0,1,224,4,6,2,0,0,0,2
big_00936,3,-7.478,ok,1,1,0,1,0,1,224,4,4,3,0,0,0,2
big_00936,4,-7.465,ok,1,1,0,1,0,1,224,4,8,3,0,0,0,1
big_00936,5,-7.455,ok,0,1,0,1,0,1,224,3,6,3,0,0,0,2
big_00936,6,-7.45,ok,0,1,0,1,0,1,224,3,6,3,0,0,0,2
big_00936,7,-7.431,ok,0,1,0,1,0,1,224,3,6,3,0,0,0,2
big_00936,8,-7.413,ok,0,1,0,1,0,1,224,3,7,2,0,0,0,2
big_00936,9,-7.409,ok,1,1,0,1,0,1,224,4,8,3,0,0,0,0
big_00936,10,-7.406,ok,1,1,0,1,0,1,186 224,4,5,3,0,0,0,2
big_00936,11,-7.399,ok,1,1,0,1,0,1,224,4,7,2,0,0,0,2
big_00936,12,-7.387,ok,1,1,0,1,0,1,224,4,4,3,0,0,0,2
big_00936,13,-7.365,ok,1,0,0,1,0,0,,4,5,2,0,0,0,1
big_00936,14,-7.362,ok,1,1,0,1,0,1,224,4,7,3,0,0,0,1
big_00936,15,-7.306,ok,0,0,0,1,0,0,,3,6,2,0,0,0,1
big_00936,16,-7.297,ok,1,0,0,1,0,0,,4,6,2,0,0,0,1
big_00962,1,39.54,ok,0,0,1,1,0,0,,0,1,5,0,0,0,0
big_00962,2,45.522,ok,0,0,0,0,0,0,,0,0,2,0,0,0,0
big_00976,1,-7.796,ok,0,0,0,1,0,0,,3,5,6,0,0,0,0
big_00976,2,-7.707,ok,1,0,1,1,0,0,,4,5,4,0,0,0,0
big_00976,3,-7.607,ok,1,1,1,1,0,1,224,5,3,5,0,0,0,0
big_00985,1,-7.884,ok,1,0,0,1,0,0,,4,9,3,0,0,0,0
big_00985,2,-7.84,ok,1,0,0,1,0,0,,4,8,3,0,0,0,0
big_00985,3,-7.435,ok,1,0,0,1,0,0,,4,7,3,0,0,0,0
big_01020,1,-8.414,ok,1,0,0,1,0,1,225,5,6,3,0,0,0,0
big_01023,1,-7.466,ok,1,1,0,1,0,1,224,4,7,5,0,0,0,0
big_01023,2,-7.359,ok,0,0,0,1,0,0,,3,6,4,0,0,0,0
big_01023,3,-7.347,ok,1,1,0,1,0,1,224,4,7,3,0,0,0,0
big_01023,4,-7.308,ok,0,0,0,1,0,0,,3,6,3,0,0,0,0
big_01023,5,-7.294,ok,0,1,0,1,0,1,224,3,6,7,0,0,0,0
big_01023,6,-7.28,ok,1,1,0,1,0,1,224,4,7,4,0,0,0,0
big_01023,7,-7.266,ok,0,1,0,1,0,1,224,3,6,4,0,0,0,0
big_01023,8,-7.259,ok,1,1,0,1,0,1,224,4,6,3,0,0,0,0
big_01023,9,-7.206,ok,0,1,0,1,0,1,224,0,4,6,0,0,0,0
big_01023,10,-7.19,ok,1,1,0,1,0,1,224,4,7,4,0,0,0,0
big_01023,11,-7.046,ok,0,1,0,1,0,1,224,0,4,6,0,0,0,0
big_01023,12,-7.026,ok,0,1,0,1,0,1,224,0,4,7,0,0,0,0
big_01023,13,-7.012,ok,1,1,0,1,0,1,224,4,7,4,0,0,0,0
big_01028,1,-7.512,ok,0,1,0,1,0,1,224,3,6,3,0,0,0,0
big_01028,2,-7.501,ok,0,1,0,1,0,1,224,3,7,2,0,0,0,0
big_01028,3,-7.315,ok,1,1,0,1,0,1,224,4,6,5,0,0,0,0
big_01028,4,-7.232,ok,0,0,0,1,0,0,186,3,8,2,0,0,0,0
big_01028,5,-7.22,ok,0,0,0,1,0,0,,3,7,2,0,0,0,0
big_01070,1,-7.143,ok,1,1,0,1,0,1,224,4,5,2,0,1,0,0
big_01070,2,-7.135,ok,0,1,0,1,0,1,224,0,6,3,0,1,0,0
big_01070,3,-6.998,ok,1,1,0,1,0,1,224,4,5,2,0,1,0,0
big_01070,4,-6.983,ok,1,1,0,1,0,1,224,5,5,2,0,1,0,0
big_01070,5,-6.981,ok,1,1,0,1,0,1,224,4,5,2,0,1,0,0
big_01070,6,-6.925,ok,0,1,0,1,0,1,224,3,6,3,0,1,0,0
big_01070,7,-6.875,ok,1,1,0,1,0,1,224,4,2,2,0,1,0,0
big_01070,8,-6.514,ok,0,0,0,1,0,0,,0,1,1,0,0,0,0
big_01095,1,-8.047,ok,0,1,0,1,0,1,186 224,3,9,2,0,0,0,0
big_01095,2,-8.013,ok,1,1,0,1,0,1,186 224,4,4,3,0,0,0,0
big_01095,3,-8.012,ok,1,1,0,1,0,1,186 224,4,4,2,0,0,0,0
big_01095,4,-7.966,ok,0,1,0,1,0,1,186 224,0,8,3,0,0,0,0
big_01095,5,-7.86,ok,0,1,0,1,0,1,186 224,0,8,3,0,0,0,0
big_01110,1,-7.63,ok,1,0,1,1,0,0,,4,5,2,0,0,0,0
big_01112,1,-7.134,ok,1,1,0,1,0,1,224,4,7,3,0,0,0,0
big_01112,2,-7.133,ok,0,1,1,1,0,1,224,0,6,5,0,0,0,0
big_01112,3,-7.054,ok,0,1,1,1,0,1,224,0,5,5,0,1,0,0
big_01112,4,-7.037,ok,1,0,0,1,0,0,,4,5,5,1,0,0,0
big_01112,5,-7.006,ok,1,0,1,1,0,0,,4,6,5,1,0,0,0
big_01112,6,-7.004,ok,0,1,1,1,0,1,224,0,5,5,0,1,0,0
big_01112,7,-6.993,ok,0,1,1,1,0,1,224,0,5,6,0,1,0,0
big_01112,8,-6.949,ok,1,0,0,1,0,0,186,4,7,2,0,0,0,0
big_01112,9,-6.927,ok,1,0,1,1,0,0,,4,1,6,0,0,0,0
big_01112,10,-6.886,ok,1,0,1,1,0,0,,4,7,6,1,0,0,0
big_01112,11,-6.883,ok,0,0,1,1,0,0,,3,5,6,0,0,0,0
big_01112,12,-6.826,ok,1,0,0,1,0,0,,5,4,5,1,0,0,0
big_01112,13,-6.812,ok,0,0,1,1,0,0,,3,7,5,1,0,0,0
big_01112,14,-6.663,ok,0,1,1,1,0,1,224,0,6,5,0,0,0,0
big_01112,15,-6.543,ok,0,1,0,1,0,1,224,0,5,3,0,0,0,0
big_01183,1,-7.702,ok,0,0,0,1,0,0,,3,4,5,0,2,0,0
big_01183,2,-7.697,ok,0,0,0,1,0,0,,3,5,5,0,2,0,0
big_01183,3,-7.69,ok,0,0,0,1,0,0,,3,4,4,0,2,0,0
big_01183,4,-7.66,ok,0,0,0,1,0,0,,3,4,6,0,2,0,0
big_01183,5,-7.652,ok,0,0,0,1,0,0,,3,4,7,0,0,0,0
big_01183,6,-7.65,ok,0,0,0,1,0,0,,3,4,7,0,0,0,0
big_01183,7,-7.627,ok,0,0,0,1,0,0,,3,5,5,0,2,0,0
big_01183,8,-7.62,ok,0,0,0,1,0,0,,3,4,6,0,2,0,0
big_01183,9,-7.488,ok,0,0,0,1,0,0,,3,4,5,0,2,0,0
big_01183,10,-7.442,ok,0,0,0,1,0,0,,3,5,5,0,2,0,0
big_01183,11,-7.223,ok,0,0,0,1,0,0,,3,4,4,0,0,0,0
big_01192,1,-6.827,ok,0,1,1,1,0,1,224,3,5,1,0,2,0,0
big_01192,2,-6.768,ok,0,1,1,1,0,1,224,3,6,1,0,2,0,0
big_01202,1,-7.858,ok,1,0,0,1,0,0,,4,8,2,0,0,0,0
big_01202,2,-7.776,ok,1,0,0,1,0,0,,5,3,5,0,0,0,0
big_01202,3,-7.721,ok,1,1,1,1,0,1,224,4,4,2,0,0,0,0
big_01202,4,-7.718,ok,1,1,0,1,0,1,224,4,3,2,0,0,0,0
big_01202,5,-7.631,ok,1,1,0,1,0,1,224,4,3,2,0,0,0,0
big_01202,6,-7.608,ok,1,1,0,1,0,1,224,4,3,2,0,0,0,0
big_01202,7,-7.581,ok,1,1,0,1,0,1,224,4,3,2,0,0,0,0
big_01202,8,-7.57,ok,1,1,1,1,0,1,224,4,4,2,0,0,0,0
big_01211,1,-7.554,ok,0,0,0,1,0,0,186,3,8,2,0,0,0,0
big_01211,2,-7.474,ok,0,0,0,1,0,0,186,3,8,1,0,0,0,0
big_01211,3,-7.352,ok,1,1,1,1,0,1,224,4,3,3,0,0,0,0
big_01211,4,-7.289,ok,0,0,0,1,0,0,186,3,7,3,0,0,0,0
big_01230,1,-7.678,ok,1,1,0,1,0,1,186 224,4,7,2,0,0,0,0
big_01230,2,-7.623,ok,1,1,0,1,0,1,224 259,4,10,2,0,0,0,0
big_01230,3,-7.6,ok,1,0,0,1,0,0,186,4,6,2,0,0,0,0
big_01260,1,-7.654,ok,1,0,0,1,0,0,,4,5,3,0,0,0,0
big_01260,2,-7.65,ok,1,0,0,1,0,0,,4,5,3,0,0,0,0
big_01260,3,-7.484,ok,1,1,0,1,0,1,224,4,7,1,0,0,0,2
big_01260,4,-7.475,ok,1,1,0,1,0,1,224,4,6,1,0,0,0,2
big_01260,5,-7.45,ok,1,1,1,1,0,1,224,4,7,1,0,0,0,1
big_01260,6,-7.433,ok,1,1,0,1,0,1,224,4,8,2,0,0,0,0
big_01260,7,-7.426,ok,1,1,0,1,0,1,224,4,6,1,0,0,0,2
big_01260,8,-7.421,ok,1,1,1,1,0,1,224,4,7,1,0,0,0,1
big_01260,9,-7.42,ok,1,1,0,1,0,1,224,4,6,2,0,0,0,2
big_01260,10,-7.415,ok,1,0,0,1,0,0,,4,5,2,0,0,0,0
big_01260,11,-7.413,ok,1,1,1,1,0,1,224,4,5,1,0,0,0,1
big_01260,12,-7.374,ok,1,1,1,1,0,1,224,4,7,2,0,0,0,1
big_01260,13,-7.366,ok,1,1,0,1,0,1,224,4,8,2,0,0,0,0
big_01260,14,-7.364,ok,1,1,0,1,0,1,224,4,6,1,0,0,0,2
big_01260,15,-7.345,ok,1,0,1,1,0,0,,4,7,2,0,0,0,1
big_01260,16,-7.296,ok,1,1,0,1,0,1,224,4,7,2,0,0,0,2
big_01266,1,-7.727,ok,1,1,0,1,0,1,224,4,7,7,0,0,0,0
big_01266,2,-7.713,ok,1,1,0,1,0,1,224,4,6,7,0,0,0,0
big_01266,3,-7.667,ok,1,1,0,1,0,1,224,4,7,6,0,0,0,0
big_01273,1,-7.607,ok,0,0,0,1,0,0,186 227,0,6,1,0,0,0,0
big_01273,2,-7.588,ok,0,0,0,1,0,0,186 227,0,6,2,0,0,0,0
big_01273,3,-7.574,ok,0,1,0,1,0,1,186 224,0,6,2,0,0,0,0
big_01273,4,-7.472,ok,0,1,0,1,0,1,186 224,0,6,1,0,0,0,0
big_01273,5,-7.22,ok,0,0,0,1,0,1,225,0,5,3,0,1,0,0
big_01283,1,-7.676,ok,1,0,1,1,0,0,,4,8,6,0,0,0,0
big_01283,2,-7.576,ok,0,0,1,1,0,0,,3,7,3,0,0,0,0
big_01283,3,-7.509,ok,0,0,0,0,0,0,186,3,6,1,0,0,0,0
big_01283,4,-7.505,ok,1,0,1,1,0,0,,4,8,4,0,0,0,0
big_01283,5,-7.463,ok,0,0,0,1,0,0,186,3,6,2,0,1,0,0
big_01283,6,-7.386,ok,0,0,0,1,0,0,,3,6,6,0,0,0,0
big_01283,7,-7.358,ok,0,0,1,1,0,0,,3,8,3,0,0,0,0
big_01283,8,-7.314,ok,0,0,0,1,0,0,,3,4,7,0,2,0,0
big_01283,9,-7.248,ok,1,0,1,1,0,0,,4,8,5,0,0,0,0
big_01283,10,-7.207,ok,1,0,1,1,0,0,,4,8,3,1,0,0,0
big_01283,11,-7.159,ok,0,0,0,1,0,0,,0,3,3,0,0,0,0
big_01284,1,-7.735,ok,0,0,1,1,0,0,,3,6,2,0,1,0,0
big_01284,2,-7.709,ok,0,1,0,1,0,1,224,0,4,3,0,1,0,0
big_01284,3,-7.502,ok,0,0,0,1,0,0,186,0,4,3,0,0,0,0
big_01284,4,-7.477,ok,0,1,0,1,0,1,186 224,0,6,2,0,0,0,0
big_01284,5,-7.449,ok,0,0,1,1,0,0,,3,5,6,0,1,0,0
big_01311,1,-6.466,ok,0,0,1,0,0,0,,3,6,1,0,0,0,0
big_01311,2,-6.422,ok,1,0,0,1,0,0,,4,5,2,0,0,0,0
big_01311,3,-6.418,ok,1,0,1,0,0,0,,4,5,1,0,0,0,0
big_01311,4,-6.416,ok,1,0,0,1,0,0,,4,6,3,0,0,0,0
big_01311,5,-6.407,ok,0,0,0,1,0,0,,3,5,2,0,0,0,0
big_01311,6,-6.405,ok,1,0,0,1,0,0,,4,5,3,0,0,0,0
big_01314,1,-7.629,ok,1,1,0,1,0,1,224,4,1,3,0,1,0,0
big_01314,2,-7.6,ok,1,0,0,1,0,0,,4,1,3,0,1,0,0
big_01342,1,-7.768,ok,0,1,1,1,0,1,224,3,7,4,0,0,0,0
big_01342,2,-7.745,ok,0,0,0,1,0,0,,3,3,4,0,0,0,0
big_01342,3,-7.74,ok,0,1,1,1,0,1,224,3,7,4,0,0,0,0
big_01342,4,-7.74,ok,0,1,1,1,0,1,224,3,8,4,0,0,0,0
big_01342,5,-7.687,ok,0,0,0,1,0,0,,3,3,5,0,0,0,0
big_01342,6,-7.678,ok,0,1,1,1,0,1,224,3,7,4,0,0,0,0
big_01342,7,-7.664,ok,1,0,0,1,0,0,,4,4,4,0,0,0,0
big_01342,8,-7.659,ok,0,1,1,1,0,1,224,3,7,2,1,0,0,0
big_01342,9,-7.656,ok,0,1,1,1,0,1,224,3,7,5,0,0,0,0
big_01342,10,-7.606,ok,0,1,1,1,0,1,224,3,7,2,1,0,0,0
big_01342,11,-7.485,ok,1,1,1,1,0,1,224,4,7,3,1,0,0,0
big_01347,1,0.976,ok,0,0,0,1,0,0,133,0,2,4,0,0,0,0
big_01347,2,4.494,ok,0,0,0,1,0,1,225,0,3,3,0,0,0,0
big_01347,3,8.071,ok,0,1,1,0,0,1,224,0,4,2,0,0,0,0
big_01349,1,-7.588,ok,1,0,1,1,0,0,,4,5,5,0,0,0,0
big_01369,1,-8.158,ok,0,0,0,1,0,0,,4,8,2,0,0,0,0
big_01369,2,-7.992,ok,1,1,0,1,0,1,224,4,8,2,0,0,0,0
big_01430,1,-7.579,ok,1,0,1,1,0,0,,4,6,4,0,0,0,0
big_01430,2,-7.533,ok,1,0,1,1,0,0,,4,7,4,0,0,0,0
big_01430,3,-7.496,ok,1,0,0,1,0,0,,4,7,3,0,0,0,0
big_01468,1,-7.591,ok,1,0,0,1,0,0,,5,7,2,0,0,0,0
big_01468,2,-7.584,ok,1,0,0,1,0,0,,5,7,2,0,0,0,0
big_01468,3,-7.574,ok,1,1,1,1,0,1,224,4,9,4,0,0,0,0
big_01468,4,-7.497,ok,1,1,1,1,0,1,224,4,8,4,0,0,0,0
big_01488,1,-2.252,ok,0,0,0,0,0,0,,0,0,1,0,1,0,0
big_01488,2,3.402,ok,0,0,1,0,0,0,,0,2,1,0,1,0,0
big_01519,1,-7.486,ok,0,0,0,1,0,0,186,3,7,2,1,0,0,0
big_01519,2,-7.467,ok,0,0,0,1,0,0,186,3,6,2,1,0,0,0
big_01519,3,-7.343,ok,0,0,1,1,0,0,,3,5,3,0,0,0,0
big_01523,1,-7.704,ok,0,0,0,1,0,0,186,3,4,1,0,0,0,0
big_01523,2,-7.602,ok,0,0,0,1,0,0,186,3,4,1,0,0,0,0
big_01523,3,-7.583,ok,0,0,0,1,0,0,186,3,5,2,0,0,0,0
big_01537,1,-7.178,ok,0,1,0,1,0,1,224,0,3,5,0,2,0,0
big_01537,2,-7.141,ok,0,1,0,1,0,1,224,0,3,5,0,1,0,0
big_01537,3,-7.125,ok,0,1,0,1,0,1,224,3,6,4,0,0,0,0
big_01537,4,-7.044,ok,0,1,0,1,0,1,224,0,4,3,0,0,0,0
big_01537,5,-7.032,ok,0,1,1,1,0,1,224,0,4,4,0,0,0,0
big_01537,6,-7.028,ok,0,1,0,1,0,1,224,0,4,4,0,0,0,0
big_01537,7,-7.019,ok,1,1,0,1,0,1,224,4,7,4,0,0,0,0
big_01537,8,-7.016,ok,0,1,0,1,0,1,224,0,4,3,0,0,0,0
big_01537,9,-7.014,ok,0,1,0,0,0,1,224,0,3,2,1,0,0,0
big_01537,10,-6.958,ok,0,1,0,1,0,1,224,0,5,3,0,0,0,0
big_01537,11,-6.856,ok,1,0,0,1,0,0,,4,6,4,0,0,0,0
big_01581,1,-8.018,ok,1,0,0,1,0,0,,4,7,3,0,0,0,0
big_01610,1,-7.552,ok,0,1,0,0,0,1,224,4,2,1,0,0,0,0
big_01610,2,-7.535,ok,0,1,0,0,0,1,224,4,2,1,0,0,0,0
big_01613,1,-7.777,ok,0,0,0,1,0,0,,3,9,2,0,0,0,0
big_01613,2,-7.749,ok,1,1,0,1,0,1,224,4,6,4,0,0,0,1
big_01618,1,-8.208,ok,1,0,1,1,0,0,,4,6,5,0,0,0,0
big_01618,2,-8.189,ok,1,0,1,1,0,0,,4,5,4,0,0,0,0
big_01618,3,-8.181,ok,0,0,0,1,0,0,,0,4,4,0,0,0,0
big_01618,4,-8.163,ok,0,0,0,0,0,0,,0,4,4,0,0,0,0
big_01618,5,-8.147,ok,1,0,0,1,0,0,,5,6,5,0,0,0,0
big_01618,6,-8.146,ok,0,0,0,1,0,0,,0,5,4,0,0,0,0
big_01618,7,-8.116,ok,1,0,1,1,0,0,,4,6,5,0,0,0,0
big_01618,8,-8.116,ok,0,0,0,1,0,0,,0,6,3,0,0,0,0
big_01618,9,-8.013,ok,0,0,0,1,0,0,,0,6,3,0,0,0,0
big_01618,10,-8.008,ok,0,0,1,0,0,0,,0,4,2,0,0,0,0
big_01618,11,-7.997,ok,1,0,1,1,0,0,,5,6,5,0,0,0,0
big_01618,12,-7.906,ok,0,0,0,0,0,0,,0,3,2,0,1,0,0
big_01618,13,-7.875,ok,0,0,1,1,0,0,,3,6,5,0,0,0,0
big_01625,1,-8.389,ok,1,0,0,1,0,0,186,5,4,6,0,0,0,0
big_01625,2,-8.283,ok,1,0,0,1,0,0,186,5,4,6,0,0,0,0
big_01625,3,-8.235,ok,0,0,1,1,0,0,,3,1,4,0,0,0,0
big_01625,4,-8.234,ok,1,0,0,1,0,0,186,5,4,6,0,0,0,0
big_01625,5,-8.231,ok,1,0,1,1,0,0,,4,3,4,0,0,0,0
big_01625,6,-8.219,ok,1,0,0,1,0,0,,4,3,2,0,0,0,0
big_01625,7,-8.142,ok,1,0,1,1,0,0,,4,4,6,0,0,0,0
big_01625,8,-8.126,ok,0,0,1,1,0,0,,3,1,4,0,0,0,0
big_01625,9,-8.119,ok,1,0,0,1,0,0,,5,3,4,0,0,0,0
big_01625,10,-8.106,ok,1,0,1,1,0,0,,4,3,5,0,0,0,0
big_01625,11,-8.102,ok,1,0,0,1,0,0,186,4,4,8,0,0,0,0
big_01625,12,-8.068,ok,1,0,0,1,0,0,227,4,4,6,0,0,0,0
big_01625,13,-8.06,ok,1,0,0,1,0,0,186,4,5,7,0,0,0,0
big_01625,14,-7.962,ok,1,0,1,1,0,0,,4,4,6,0,0,0,0
big_01625,15,-7.951,ok,0,0,0,1,0,0,186,3,5,6,1,0,0,0
big_01625,16,-7.856,ok,1,0,0,1,0,0,186,4,2,7,1,0,0,0
big_01643,1,-7.712,ok,0,1,0,1,0,1,224,3,8,5,0,1,0,0
big_01643,2,-7.707,ok,0,1,0,1,0,1,224,3,7,5,0,1,0,0
big_01643,3,-7.445,ok,0,1,0,1,0,1,224,3,7,4,0,1,0,0
big_01648,1,-7.411,ok,0,0,0,1,0,1,225,3,6,4,0,0,0,0
big_01648,2,-7.354,ok,1,0,0,1,0,0,,5,3,2,1,0,0,0
big_01648,3,-7.303,ok,0,0,0,1,0,1,225,3,7,2,0,0,0,0
big_01648,4,-7.299,ok,1,1,0,1,0,1,224,5,5,2,1,0,0,0
big_01648,5,-7.298,ok,1,1,0,1,0,1,224,5,5,3,1,0,0,0
big_01648,6,-7.255,ok,1,0,0,1,0,0,,5,5,3,1,0,0,0
big_01672,1,-1.737,ok,0,0,1,0,0,0,134,0,1,2,0,0,0,0
big_01672,2,-1.601,ok,0,0,0,1,0,0,,0,0,3,0,0,0,0
big_01672,3,-0.515,ok,0,0,1,1,0,0,,0,1,3,0,1,0,0
big_01672,4,1.716,ok,0,1,1,1,0,1,224,0,1,2,0,0,0,0
big_01674,1,-7.488,ok,0,0,0,1,0,0,,3,9,3,0,1,0,0
big_01674,2,-7.453,ok,0,0,0,1,0,0,,3,9,2,0,2,0,0
big_01674,3,-7.005,ok,1,1,0,0,0,1,224,4,8,0,0,1,0,0
big_01674,4,-6.905,ok,1,1,0,0,0,1,224,4,7,0,0,1,0,0
big_01674,5,-6.888,ok,1,1,0,1,0,1,224,4,5,2,0,0,0,0
big_01674,6,-6.793,ok,1,1,0,0,0,1,224,4,8,0,0,1,0,0
big_01674,7,-6.79,ok,1,1,0,1,0,1,224,5,5,2,0,0,0,0
big_01674,8,-6.769,ok,1,1,0,0,0,1,224,4,7,0,0,1,0,0
big_01681,1,-7.618,ok,0,0,0,1,0,0,,3,5,5,0,0,0,0
big_01681,2,-7.283,ok,0,1,1,1,0,1,224,3,8,4,0,1,0,0
big_01681,3,-7.261,ok,1,0,0,1,0,0,,4,5,4,0,0,0,0
big_01681,4,-7.228,ok,0,1,1,1,0,1,224,3,9,4,0,1,0,0
big_01681,5,-7.132,ok,0,1,1,1,0,1,224,3,9,4,0,1,0,0
big_01688,1,-7.654,ok,1,0,0,1,0,0,,5,0,6,0,0,0,0
big_01688,2,-7.552,ok,1,0,1,1,0,0,,5,0,6,0,0,0,0
big_01688,3,-7.472,ok,1,0,0,1,0,0,,5,1,5,0,0,0,0
big_01688,4,-7.437,ok,1,0,0,1,0,0,,4,6,3,1,0,0,0
big_01688,5,-7.372,ok,1,0,0,1,0,0,,4,4,4,1,0,0,0
big_01688,6,-7.352,ok,1,0,1,1,0,0,,5,4,7,0,0,0,0
big_01688,7,-7.238,ok,1,0,0,1,0,0,,5,3,5,0,0,0,0
big_01688,8,-7.217,ok,1,0,1,1,0,0,,5,2,5,0,0,0,0
big_01688,9,-7.21,ok,1,0,1,1,0,0,,4,4,5,0,0,0,0
big_01688,10,-7.159,ok,0,0,0,1,0,0,,3,6,4,0,0,0,0
big_01688,11,-7.152,ok,1,0,1,1,0,0,,5,3,4,0,0,0,0
big_01688,12,-7.152,ok,1,0,1,1,0,0,,5,3,4,0,0,0,0
big_01688,13,-7.077,ok,1,0,1,1,0,0,186,4,8,5,0,0,0,0
big_01688,14,-7.05,ok,0,0,0,1,0,0,186,3,8,3,0,0,0,0
big_01688,15,-7.0,ok,1,0,0,1,0,0,,4,5,3,0,0,0,0
big_01694,1,-7.911,ok,0,0,0,1,0,0,,3,6,2,0,0,0,0
big_01694,2,-7.867,ok,0,1,0,1,0,1,224,3,8,2,0,0,0,0
big_01694,3,-7.862,ok,0,0,1,1,0,0,,3,7,2,0,0,0,1
big_01694,4,-7.768,ok,0,0,0,1,0,0,,3,6,2,0,0,0,0
big_01694,5,-7.728,ok,0,1,0,1,0,1,224,3,3,1,0,0,0,2
big_01694,6,-7.718,ok,0,1,0,1,0,1,224,0,3,1,0,0,0,2
big_01694,7,-7.714,ok,0,1,0,1,0,1,224,0,2,1,0,0,0,3
big_01694,8,-7.686,ok,0,1,0,1,0,1,224,0,3,1,0,0,0,3
big_01694,9,-7.679,ok,0,1,0,1,0,1,224,3,3,1,0,0,0,3
big_01694,10,-7.662,ok,0,1,0,1,0,1,224,3,3,1,0,0,0,2
big_01694,11,-7.651,ok,0,1,1,1,0,1,224,3,3,2,0,0,0,1
big_01694,12,-7.621,ok,1,1,0,1,0,1,224,4,2,1,0,0,0,2
big_01694,13,-7.598,ok,0,0,0,1,0,1,225,0,4,1,0,0,0,2
big_01694,14,-7.591,ok,1,1,1,1,0,1,224,4,3,2,0,0,0,1
big_01694,15,-7.563,ok,1,1,0,1,0,1,224,4,4,2,0,0,0,0
big_01694,16,-7.558,ok,1,1,1,1,0,1,224,4,5,1,0,0,0,1
big_01748,1,-7.945,ok,1,0,0,1,0,0,,4,5,4,0,0,0,0
big_01748,2,-7.939,ok,1,0,0,1,0,0,,4,5,4,0,0,0,0
big_01748,3,-7.935,ok,1,1,1,1,0,1,224,4,6,3,0,0,0,0
big_01748,4,-7.875,ok,1,0,0,1,0,0,,4,4,4,0,0,0,0
big_01748,5,-7.862,ok,1,0,0,1,0,0,,4,6,4,0,0,0,0
big_01748,6,-7.857,ok,1,0,0,1,0,0,,4,5,3,0,0,0,0
big_01748,7,-7.819,ok,1,0,0,1,0,0,,4,6,4,0,0,0,0
big_01748,8,-7.765,ok,1,0,0,1,0,0,,4,4,4,0,0,0,0
big_01748,9,-7.753,ok,1,0,0,1,0,0,,4,4,3,0,0,0,0
big_01748,10,-7.737,ok,1,1,1,1,0,1,224,4,7,4,0,0,0,0
big_01748,11,-7.694,ok,1,1,1,1,0,1,224,4,5,5,0,0,0,0
big_01748,12,-7.639,ok,1,1,1,1,0,1,224,4,4,4,0,0,0,0
big_01748,13,-7.604,ok,1,0,0,1,0,0,,4,4,3,0,0,0,0
big_01748,14,-7.547,ok,1,1,1,1,0,1,224,4,6,3,1,0,0,0
big_01768,1,-6.978,ok,0,0,0,0,0,0,186,3,7,3,0,0,0,0
big_01768,2,-6.739,ok,0,0,0,1,0,0,,3,5,2,0,0,0,0
big_01768,3,-6.704,ok,0,0,0,0,0,0,,3,5,2,0,0,0,0
big_01768,4,-6.695,ok,1,0,0,1,0,0,,4,6,1,0,0,0,0
big_01768,5,-6.692,ok,0,0,0,1,0,0,,3,6,2,0,0,0,0
big_01768,6,-6.689,ok,0,0,0,1,0,0,,3,5,2,0,0,0,0
big_01768,7,-6.688,ok,0,0,1,0,0,0,186,3,5,4,0,0,0,0
big_01768,8,-6.618,ok,0,0,0,0,0,0,,3,5,1,0,0,0,0
big_01768,9,-6.585,ok,0,0,1,1,0,0,,3,4,4,0,1,0,0
big_01768,10,-6.56,ok,0,0,1,1,0,0,,3,4,4,0,1,0,0
big_01768,11,-6.527,ok,0,0,1,0,0,1,225,3,7,3,0,0,0,0
big_01768,12,-6.427,ok,1,0,0,1,0,0,,4,2,3,0,0,0,0
big_01768,13,-6.4,ok,0,0,0,1,0,0,,3,5,3,0,0,0,0
big_01768,14,-6.354,ok,0,0,0,1,0,0,,3,4,2,0,0,0,0
big_01768,15,-6.336,ok,1,0,1,1,0,1,225,5,6,4,0,0,0,0
big_01768,16,-6.318,ok,0,0,1,1,0,0,,3,3,3,0,1,0,0
big_01788,1,-7.26,ok,0,0,1,1,0,0,,3,7,2,1,0,0,0
big_01788,2,-7.236,ok,0,0,1,1,0,0,,3,7,2,1,0,0,0
big_01788,3,-7.199,ok,1,0,1,1,0,0,,4,7,2,1,0,0,0
big_01788,4,-7.167,ok,1,0,1,1,0,0,,4,7,2,1,0,0,0
big_01788,5,-7.164,ok,1,0,1,1,0,0,,4,7,2,1,0,0,0
big_01788,6,-7.052,ok,1,0,1,1,0,0,,4,8,3,1,0,0,0
