label,n_poses,n_passing_poses,geometry_pass,structure_pass,best_affinity,best_passing_affinity,affinity_pass,plip_metal_any_passing,plip_hbond_any_passing,plip_gate_pass,min_ca_dist,min_donor_dist
CONTROL_crystal,3,3,True,True,-6.759,-6.759,False,True,True,True,2.757,2.877
gen_00021,13,0,False,False,-6.658,,False,False,False,False,2.56,inf
gen_00057,9,0,False,False,-8.069,,False,False,False,False,2.401,3.029
gen_00091,1,0,False,False,-6.775,,False,False,False,False,3.24,inf
gen_00106,8,2,False,True,-7.661,-7.48,True,True,True,True,2.212,4.074
gen_00114,10,0,False,False,-7.353,,False,False,False,False,3.176,3.603
gen_00115,8,0,False,False,-7.601,,False,False,False,False,2.552,inf
gen_00118,5,0,False,False,-6.186,,False,False,False,False,2.614,inf
gen_00128,7,0,False,False,-6.808,,False,False,False,False,2.837,inf
gen_00192,5,0,False,False,12.273,,False,False,False,False,2.149,2.668
gen_00220,1,0,False,False,-8.811,,False,False,False,False,5.611,7.966
gen_00245,5,0,False,False,-7.249,,False,False,False,False,3.142,inf
gen_00357,1,0,False,False,-1.257,,False,False,False,False,6.498,9.147
gen_00358,6,0,False,False,-7.457,,False,False,False,False,3.326,inf
gen_00410,11,1,True,True,-6.795,-6.546,False,True,True,True,2.829,3.008
gen_00437,11,0,False,False,-7.562,,False,False,False,False,2.807,2.873
gen_00446,2,1,True,True,-8.234,-8.234,True,True,True,True,2.795,2.792
gen_00462,4,0,False,False,-7.309,,False,False,False,False,3.053,inf
gen_00478,16,0,False,False,-7.192,,False,False,False,False,2.728,inf
gen_00541,12,0,False,False,-6.632,,False,False,False,False,2.724,inf
gen_00584,4,0,False,False,-7.908,,False,False,False,False,3.211,3.004
gen_00626,3,0,False,False,-6.451,,False,False,False,False,2.772,inf
gen_00658,4,0,False,False,-6.241,,False,False,False,False,2.681,5.582
gen_00716,12,0,False,False,-7.159,,False,False,False,False,2.707,inf
gen_00722,3,0,False,False,-7.642,,False,False,False,False,2.565,5.726
gen_00820,2,0,False,False,-6.864,,False,False,False,False,2.858,inf
gen_00858,4,0,True,False,-8.068,,False,False,False,False,2.852,2.923
gen_01052,4,0,False,False,-7.301,,False,False,False,False,3.032,inf
gen_01083,11,0,False,False,-6.839,,False,False,False,False,2.407,inf
gen_01110,6,0,False,False,-7.172,,False,False,False,False,2.829,8.594
gen_01218,2,0,False,False,-7.465,,False,False,False,False,3.138,5.583
gen_01436,2,0,False,False,-6.745,,False,False,False,False,3.261,2.848
gen_01483,13,0,True,False,-7.538,,False,False,False,False,2.811,2.926
gen_01535,5,0,False,False,-7.699,,False,False,False,False,2.547,inf
gen_01602,10,0,False,False,-6.695,,False,False,False,False,2.78,inf
gen_01617,7,0,False,False,-7.166,,False,False,False,False,2.278,3.054
gen_01650,3,0,False,False,-6.956,,False,False,False,False,2.84,inf
gen_01660,5,0,False,False,-6.18,,False,False,False,False,7.84,inf
gen_01715,8,0,False,False,-8.756,,False,False,False,False,2.813,3.976
gen_01744,10,0,False,False,-7.722,,False,False,False,False,3.143,2.988
gen_01745,3,2,True,True,-8.061,-8.023,True,True,True,True,2.769,2.89
gen_01764,5,0,False,False,-6.645,,False,False,False,False,2.772,inf
gen_01871,2,0,False,False,-1.355,,False,False,False,False,6.752,10.338
gen_01936,10,0,True,False,-7.413,,False,False,False,False,2.376,2.697
gen_01958,5,0,False,False,-6.687,,False,False,False,False,3.125,inf
gen_01966,9,0,False,False,-7.199,,False,False,False,False,2.608,inf
gen_01998,11,0,False,False,-6.501,,False,False,False,False,2.216,inf
gen_02011,12,1,True,True,-7.937,-7.86,True,True,True,True,2.385,3.23
gen_02063,13,0,False,False,-6.185,,False,False,False,False,2.742,4.355
gen_02159,7,0,False,False,-6.962,,False,False,False,False,2.928,inf
gen_02166,7,0,False,False,-7.214,,False,False,False,False,3.216,inf
gen_02201,9,0,False,False,-6.535,,False,False,False,False,2.758,inf
gen_02255,5,0,False,False,-6.792,,False,False,False,False,2.79,inf
gen_02269,2,0,False,False,-6.76,,False,False,False,False,3.048,inf
gen_02274,1,0,False,False,-6.488,,False,False,False,False,2.848,3.85
gen_02291,10,3,True,True,-6.93,-6.772,False,True,True,True,2.294,2.803
gen_02294,4,0,False,False,-7.273,,False,False,False,False,2.714,4.206
gen_02308,2,0,False,False,-7.096,,False,False,False,False,2.286,4.869
gen_02316,6,0,False,False,-7.66,,False,False,False,False,2.689,inf
gen_02436,4,0,False,False,-7.536,,False,False,False,False,3.664,inf
gen_02444,14,0,False,False,-6.876,,False,False,False,False,2.265,inf
gen_02452,2,0,False,False,-7.545,,False,False,False,False,2.705,inf
gen_02465,12,0,False,False,-7.608,,False,False,False,False,2.799,inf
gen_02542,3,0,False,False,-6.98,,False,False,False,False,2.475,5.511
gen_02572,14,4,True,True,-8.209,-8.209,True,True,True,True,2.73,2.866
gen_02580,5,0,False,False,-7.643,,False,False,False,False,2.774,inf
gen_02586,2,0,False,False,-7.0,,False,False,False,False,3.257,3.095
gen_02629,5,0,False,False,-7.497,,False,False,False,False,2.28,inf
gen_02655,2,0,False,False,-5.961,,False,False,False,False,2.766,inf
gen_02662,2,0,False,False,-6.357,,False,False,False,False,6.974,5.63
gen_02680,10,0,False,False,-7.311,,False,False,False,False,2.823,inf
gen_02734,6,0,False,False,-6.565,,False,False,False,False,2.286,inf
gen_02759,7,0,False,False,-6.907,,False,False,False,False,2.284,inf
gen_02832,16,0,False,False,-7.007,,False,False,False,False,2.782,inf
gen_02848,12,0,False,False,-6.974,,False,False,False,False,2.526,inf
gen_02886,12,0,False,False,-7.179,,False,False,False,False,2.207,inf
gen_02901,11,0,False,False,-8.121,,False,False,False,False,2.787,4.705
gen_02907,4,1,True,True,-7.572,-7.341,True,True,True,True,2.746,2.995
gen_02908,5,0,False,False,-7.39,,False,False,False,False,3.062,inf
gen_02937,13,0,False,False,-7.223,,False,False,False,False,2.827,inf
gen_02947,2,0,False,False,-7.224,,False,False,False,False,2.239,inf
gen_02948,14,0,False,False,-6.1,,False,False,False,False,10.063,2.907
gen_02969,5,0,False,False,-6.547,,False,False,False,False,2.538,inf
gen_02973,1,0,False,False,-8.114,,False,False,False,False,3.179,8.824
gen_03040,2,0,False,False,-6.326,,False,False,False,False,2.648,5.823
gen_03163,7,1,True,True,-7.433,-7.195,True,True,True,True,2.778,3.049
gen_03193,14,0,False,False,-7.004,,False,False,False,False,2.785,inf
gen_03198,9,0,False,False,-6.312,,False,False,False,False,2.442,inf
gen_03220,2,2,True,True,-7.182,-7.182,True,True,True,True,2.745,2.979
gen_03245,3,0,False,False,-6.641,,False,False,False,False,2.881,inf
gen_03248,4,0,False,False,-6.357,,False,False,False,False,2.755,inf
gen_03329,7,1,False,True,-7.404,-7.263,True,True,True,True,2.416,3.832
gen_03410,1,0,True,False,-6.86,,False,False,False,False,3.036,2.965
gen_03447,15,2,True,True,-7.238,-6.939,False,True,True,True,2.27,2.81
gen_03453,13,0,False,False,-7.269,,False,False,False,False,2.537,inf
gen_03518,7,2,False,True,-6.249,-6.249,False,True,True,True,2.762,inf
gen_03524,3,0,False,False,-6.258,,False,False,False,False,2.955,inf
gen_03644,13,0,False,False,-6.906,,False,False,False,False,2.388,inf
gen_03655,8,0,False,False,-6.731,,False,False,False,False,2.783,5.761
gen_03659,1,0,True,False,-7.909,,False,False,False,False,3.175,3.13
gen_03680,6,0,False,False,-6.711,,False,False,False,False,3.087,inf
gen_03835,3,0,False,False,-5.818,,False,False,False,False,3.216,5.647
gen_03882,10,7,True,True,-7.235,-7.235,True,True,True,True,2.215,3.1
gen_03950,1,0,True,False,-7.621,,False,False,False,False,2.57,3.344
gen_04033,8,0,False,False,-6.441,,False,False,False,False,2.728,inf
gen_04194,1,0,False,False,-6.616,,False,False,False,False,2.916,inf
gen_04254,8,0,False,False,-6.415,,False,False,False,False,2.283,inf
gen_04266,8,0,False,False,-6.555,,False,False,False,False,2.408,4.006
gen_04299,6,0,False,False,-6.83,,False,False,False,False,2.987,inf
gen_04336,10,0,True,False,-6.155,,False,False,False,False,2.83,2.726
gen_04377,2,0,False,False,-6.611,,False,False,False,False,2.434,inf
gen_04391,5,0,False,False,-8.431,,False,False,False,False,3.166,5.337
gen_04421,3,1,True,True,-7.293,-6.923,False,True,True,True,2.437,2.94
gen_04451,9,0,False,False,-7.81,,False,False,False,False,2.56,5.745
gen_04588,3,0,False,False,-0.212,,False,False,False,False,6.195,inf
gen_04601,4,1,True,True,-7.08,-7.027,True,True,True,True,2.234,2.636
gen_04610,5,0,False,False,-6.539,,False,False,False,False,3.124,inf
gen_04652,8,0,False,False,-7.196,,False,False,False,False,2.343,3.861
gen_04684,3,0,False,False,1.061,,False,False,False,False,2.507,5.018
gen_04700,4,0,False,False,-6.727,,False,False,False,False,2.752,inf
gen_04707,9,0,False,False,-7.669,,False,False,False,False,2.255,3.332
gen_04724,5,0,False,False,-6.399,,False,False,False,False,2.374,inf
gen_04812,2,0,False,False,-8.091,,False,False,False,False,2.865,inf
gen_04819,14,0,False,False,-7.377,,False,False,False,False,2.206,inf
gen_04857,2,0,False,False,-6.06,,False,False,False,False,3.076,3.183
gen_04907,5,0,False,False,-7.033,,False,False,False,False,2.203,4.552
gen_04953,11,0,False,False,-6.747,,False,False,False,False,2.348,inf
gen_04964,8,0,False,False,-7.534,,False,False,False,False,2.807,5.102
gen_04996,7,0,False,False,-6.412,,False,False,False,False,3.119,6.045
gen_05055,10,0,False,False,-8.259,,False,False,False,False,2.335,inf
gen_05128,14,0,False,False,-7.547,,False,False,False,False,2.59,inf
gen_05182,3,0,False,False,-8.482,,False,False,False,False,3.565,inf
gen_05208,2,0,False,False,-7.591,,False,False,False,False,3.223,inf
gen_05314,8,0,False,False,-6.922,,False,False,False,False,3.13,4.506
gen_05363,6,1,False,True,-7.404,-7.063,True,True,True,True,2.752,3.707
gen_05367,2,0,False,False,-7.283,,False,False,False,False,2.952,5.197
gen_05383,9,2,True,True,-7.274,-7.15,True,True,True,True,2.696,3.068
gen_05472,7,0,False,False,-6.935,,False,False,False,False,2.449,inf
gen_05491,6,0,False,False,-6.885,,False,False,False,False,2.259,inf
gen_05525,3,0,False,False,-7.349,,False,False,False,False,2.212,4.86
gen_05566,5,0,False,False,-8.083,,False,False,False,False,3.081,4.197
gen_05576,2,1,True,True,-6.594,-6.594,False,True,True,True,2.422,2.917
gen_05593,11,0,False,False,-7.186,,False,False,False,False,2.259,3.275
gen_05608,12,0,False,False,-7.062,,False,False,False,False,2.367,3.078
gen_05634,3,0,False,False,-6.561,,False,False,False,False,3.129,inf
gen_05645,4,0,False,False,-7.265,,False,False,False,False,2.794,5.722
gen_05795,9,0,False,False,-7.5,,False,False,False,False,8.736,3.157
gen_05897,1,0,False,False,-7.41,,False,False,False,False,3.28,4.387
gen_05898,2,0,False,False,-6.858,,False,False,False,False,2.859,2.765
gen_05972,9,0,False,False,-6.157,,False,False,False,False,2.769,inf
gen_05997,3,0,False,False,1.626,,False,False,False,False,3.907,6.622
gen_06109,5,1,True,True,-7.796,-7.2,True,True,True,True,2.697,3.038
gen_06128,11,4,True,True,-6.796,-6.48,False,True,True,True,2.384,2.854
gen_06202,6,0,True,False,-7.532,,False,False,False,False,3.109,2.907
gen_06246,14,0,False,False,-6.818,,False,False,False,False,2.422,inf
gen_06257,5,0,False,False,-7.494,,False,False,False,False,3.208,5.111
gen_06305,7,0,False,False,-7.665,,False,False,False,False,7.478,6.17
gen_06421,4,0,False,False,-7.107,,False,False,False,False,2.735,6.198
gen_06488,12,0,False,False,-6.912,,False,False,False,False,2.203,inf
gen_06493,6,0,False,False,-6.914,,False,False,False,False,3.171,inf
gen_06524,9,2,True,True,-7.039,-6.931,False,True,True,True,2.451,3.426
gen_06547,1,0,False,False,-6.349,,False,False,False,False,2.32,inf
gen_06552,3,0,False,False,-6.372,,False,False,False,False,2.606,inf
gen_06583,4,1,True,True,-8.084,-8.022,True,True,True,True,2.81,2.85
gen_06595,13,0,False,False,-7.157,,False,False,False,False,2.733,2.81
gen_06605,14,0,False,False,-6.027,,False,False,False,False,2.224,inf
gen_06657,2,0,False,False,8.105,,False,False,False,False,5.51,inf
gen_06682,8,0,False,False,-6.764,,False,False,False,False,2.353,4.441
gen_06722,1,0,False,False,22.177,,False,False,False,False,4.399,2.048
gen_06749,1,0,False,False,-7.02,,False,False,False,False,3.194,inf
gen_06773,2,0,False,False,-6.922,,False,False,False,False,2.791,inf
gen_06774,13,0,False,False,-7.504,,False,False,False,False,2.726,inf
gen_06824,3,0,False,False,-7.229,,False,False,False,False,2.85,inf
gen_06897,13,0,False,False,-7.438,,False,False,False,False,2.821,inf
gen_06900,3,0,True,False,-7.28,,False,False,False,False,2.754,3.311
gen_06925,15,0,False,False,-5.819,,False,False,False,False,2.299,inf
gen_06973,8,0,True,False,-6.694,,False,False,False,False,2.764,3.411
gen_07019,12,1,True,True,-6.992,-6.664,False,True,True,True,2.557,2.983
gen_07131,6,0,False,False,-7.078,,False,False,False,False,2.883,5.396
gen_07211,13,0,False,False,-7.399,,False,False,False,False,2.213,inf
gen_07284,10,0,False,False,-7.968,,False,False,False,False,2.592,3.604
gen_07315,7,0,False,False,-7.232,,False,False,False,False,2.202,inf
gen_07352,6,0,False,False,-7.411,,False,False,False,False,2.771,inf
gen_07359,13,0,False,False,-6.96,,False,False,False,False,2.726,inf
gen_07386,5,0,False,False,-6.492,,False,False,False,False,3.21,inf
gen_07392,16,0,False,False,-6.873,,False,False,False,False,2.45,4.354
gen_07396,6,0,False,False,-6.99,,False,False,False,False,2.863,inf
gen_07397,9,0,False,False,-7.624,,False,False,False,False,2.359,inf
gen_07459,6,0,False,False,-6.262,,False,False,False,False,2.24,inf
gen_07593,7,0,False,False,-6.615,,False,False,False,False,2.766,inf
gen_07643,12,0,False,False,-7.159,,False,False,False,False,2.421,inf
gen_07663,6,0,False,False,-7.374,,False,False,False,False,2.726,inf
gen_07689,5,0,False,False,-6.622,,False,False,False,False,2.525,inf
gen_07700,7,0,False,False,-7.79,,False,False,False,False,3.112,3.206
gen_07771,13,0,False,False,-7.912,,False,False,False,False,2.736,inf
gen_07789,11,5,True,True,-8.069,-8.069,True,True,True,True,2.364,3.255
gen_07884,10,0,False,False,-6.934,,False,False,False,False,2.57,inf
gen_07954,7,0,False,False,-6.272,,False,False,False,False,2.769,inf
gen_07987,6,0,False,False,-7.164,,False,False,False,False,2.819,inf
gen_08016,9,1,True,True,-7.058,-6.608,False,True,True,True,2.354,3.022
gen_08068,4,0,False,False,-5.995,,False,False,False,False,2.716,inf
gen_08150,9,0,False,False,-7.039,,False,False,False,False,2.366,inf
gen_08177,2,2,True,True,-8.03,-8.03,True,True,True,True,2.408,2.97
gen_08256,14,0,False,False,-6.812,,False,False,False,False,2.198,inf
gen_08287,15,0,False,False,-6.625,,False,False,False,False,3.236,3.715
gen_08293,12,0,False,False,-7.304,,False,False,False,False,2.414,inf
gen_08318,8,0,False,False,-8.24,,False,False,False,False,7.602,3.021
gen_08503,9,0,False,False,-6.947,,False,False,False,False,2.477,3.74
gen_08535,3,0,False,False,-7.792,,False,False,False,False,3.429,4.053
gen_08546,9,0,False,False,-6.921,,False,False,False,False,2.768,inf
gen_08548,10,0,False,False,-6.999,,False,False,False,False,2.388,2.844
gen_08618,2,0,False,False,-7.082,,False,False,False,False,2.837,inf
gen_08645,8,0,False,False,-6.527,,False,False,False,False,2.207,inf
gen_08664,12,0,False,False,-7.151,,False,False,False,False,2.726,3.111
gen_08673,3,0,False,False,-3.598,,False,False,False,False,7.292,inf
gen_08724,9,0,False,False,-7.012,,False,False,False,False,3.172,5.363
gen_08734,3,0,False,False,-6.74,,False,False,False,False,3.131,inf
gen_08864,13,0,True,False,-6.703,,False,False,False,False,2.737,2.809
gen_08870,7,0,False,False,-7.184,,False,False,False,False,3.112,7.831
gen_08900,8,0,False,False,-6.644,,False,False,False,False,2.229,5.024
gen_08911,4,0,False,False,-7.069,,False,False,False,False,3.116,inf
gen_08912,10,0,False,False,-6.66,,False,False,False,False,3.052,2.923
gen_08941,2,0,False,False,-7.125,,False,False,False,False,3.264,4.032
gen_08943,2,0,False,False,-1.878,,False,False,False,False,5.862,inf
gen_08983,12,0,False,False,-7.821,,False,False,False,False,3.146,inf
gen_08990,10,1,True,True,-7.176,-7.03,True,True,True,True,2.706,2.978
gen_08997,2,0,False,False,-6.833,,False,False,False,False,2.482,inf
gen_09014,2,0,True,False,-6.717,,False,False,False,False,2.793,3.226
gen_09051,12,0,True,False,-8.084,,False,False,False,False,2.731,3.139
gen_09092,8,0,False,False,-7.254,,False,False,False,False,2.502,7.138
gen_09100,15,0,False,False,-7.243,,False,False,False,False,2.248,inf
gen_09138,7,0,False,False,-7.913,,False,False,False,False,2.208,inf
gen_09153,11,0,False,False,-6.988,,False,False,False,False,2.333,inf
gen_09165,9,0,False,False,-7.293,,False,False,False,False,2.277,2.766
gen_09189,13,0,False,False,-6.353,,False,False,False,False,2.441,inf
gen_09234,15,0,False,False,-7.48,,False,False,False,False,2.794,inf
gen_09236,7,0,False,False,-6.522,,False,False,False,False,3.216,3.036
gen_09404,8,0,False,False,-8.191,,False,False,False,False,2.154,6.096
gen_09452,2,0,False,False,-8.301,,False,False,False,False,16.546,5.507
gen_09513,1,1,True,True,-6.523,-6.523,False,True,True,True,2.433,2.845
gen_09534,10,0,True,False,-7.058,,False,False,False,False,3.172,3.386
gen_09537,3,0,False,False,-7.202,,False,False,False,False,3.302,3.539
gen_09584,8,4,True,True,-6.58,-6.58,False,True,True,True,2.767,3.009
gen_09594,2,0,False,False,-7.859,,False,False,False,False,3.87,3.095
gen_09600,13,0,False,False,-6.443,,False,False,False,False,3.152,inf
gen_09633,6,0,False,False,-6.911,,False,False,False,False,2.791,inf
gen_09637,9,0,False,False,-7.334,,False,False,False,False,2.656,inf
gen_09639,14,0,False,False,-6.488,,False,False,False,False,2.348,inf
gen_09689,3,0,False,False,-7.183,,False,False,False,False,3.2,inf
gen_09697,11,0,False,False,-7.617,,False,False,False,False,2.205,inf
gen_09701,15,0,False,False,-7.47,,False,False,False,False,2.569,3.475
gen_09833,11,0,False,False,-6.723,,False,False,False,False,2.32,inf
gen_09860,14,1,True,True,-5.985,-5.761,False,True,True,True,2.21,2.921
gen_09875,10,1,True,True,-6.328,-6.168,False,True,True,True,2.197,2.786
gen_09897,10,0,False,False,-6.778,,False,False,False,False,2.211,inf
gen_10033,1,0,False,False,-5.975,,False,False,False,False,3.168,inf
gen_10078,13,0,False,False,-6.074,,False,False,False,False,2.262,inf
gen_10096,7,0,False,False,-7.549,,False,False,False,False,3.132,4.614
gen_10158,12,0,False,False,-6.487,,False,False,False,False,2.531,inf
gen_10231,12,0,False,False,-6.744,,False,False,False,False,2.2,inf
gen_10242,13,0,False,False,-8.035,,False,False,False,False,2.298,inf
gen_10243,6,3,True,True,-6.662,-6.662,False,True,True,True,2.194,2.898
gen_10322,11,0,False,False,-7.037,,False,False,False,False,2.724,inf
gen_10401,13,0,False,False,-5.558,,False,False,False,False,2.199,inf
gen_10411,7,0,False,False,-6.882,,False,False,False,False,2.791,3.072
gen_10432,10,0,False,False,-7.689,,False,False,False,False,2.767,5.898
gen_10498,4,0,False,False,-7.74,,False,False,False,False,2.794,3.71
gen_10536,5,0,False,False,-7.037,,False,False,False,False,3.33,5.711
gen_10657,9,0,False,False,-6.249,,False,False,False,False,3.125,inf
gen_10684,8,0,True,False,-6.882,,False,False,False,False,2.592,2.91
gen_10763,15,0,False,False,-6.764,,False,False,False,False,2.523,inf
gen_10772,4,0,False,False,-6.918,,False,False,False,False,3.214,2.903
gen_10797,5,0,False,False,-6.426,,False,False,False,False,3.189,inf
gen_10842,14,0,False,False,-6.875,,False,False,False,False,2.421,2.831
gen_10895,16,0,False,False,-6.957,,False,False,False,False,2.25,4.372
gen_10972,13,0,False,False,-7.672,,False,False,False,False,2.789,2.801
gen_11058,9,4,True,True,-8.496,-8.496,True,True,True,True,2.203,3.091
gen_11062,4,0,False,False,-7.025,,False,False,False,False,2.515,inf
gen_11078,2,0,False,False,-7.516,,False,False,False,False,2.78,6.391
gen_11083,15,4,True,True,-8.1,-7.812,True,True,True,True,2.235,2.847
gen_11092,9,0,True,False,-7.339,,False,False,False,False,3.018,3.273
gen_11134,4,0,True,False,-8.489,,False,False,False,False,3.187,2.867
gen_11145,6,0,False,False,-8.306,,False,False,False,False,2.67,inf
gen_11276,4,1,True,True,-7.208,-7.029,True,True,True,True,2.843,2.923
gen_11363,4,0,False,False,-8.091,,False,False,False,False,2.786,inf
gen_11381,11,1,True,True,-6.273,-5.929,False,True,True,True,2.372,2.84
gen_11518,1,0,True,False,-7.803,,False,False,False,False,3.156,3.003
gen_11543,6,0,False,False,-7.802,,False,False,False,False,2.833,inf
gen_11545,9,0,False,False,-6.902,,False,False,False,False,2.296,inf
gen_11668,9,2,True,True,-6.813,-6.813,False,True,True,True,2.265,2.878
gen_11703,2,0,False,False,-10.61,,False,False,False,False,4.805,inf
gen_11788,4,0,False,False,-7.256,,False,False,False,False,2.306,inf
gen_11827,8,0,False,False,-6.38,,False,False,False,False,2.715,inf
gen_11896,10,0,False,False,-6.752,,False,False,False,False,3.118,4.28
gen_11919,6,0,False,False,-6.507,,False,False,False,False,2.844,inf
gen_11948,13,1,False,True,-6.453,-6.122,False,True,True,True,2.232,3.111
gen_12092,11,0,False,False,-5.967,,False,False,False,False,2.711,6.142
gen_12128,1,0,False,False,-7.775,,False,False,False,False,3.179,inf
gen_12207,1,0,False,False,-1.204,,False,False,False,False,7.856,inf
gen_12220,15,0,False,False,-7.038,,False,False,False,False,2.544,inf
gen_12253,2,0,False,False,-7.463,,False,False,False,False,2.958,inf
gen_12255,3,0,False,False,-6.608,,False,False,False,False,2.749,inf
gen_12412,4,0,False,False,-6.702,,False,False,False,False,2.818,inf
gen_12428,7,1,False,True,-7.854,-7.854,True,True,True,True,2.717,2.846
gen_12466,15,0,False,False,-7.207,,False,False,False,False,2.205,2.923
gen_12544,7,0,False,False,-7.307,,False,False,False,False,4.269,4.279
gen_12580,14,0,False,False,-7.566,,False,False,False,False,2.5,4.917
gen_12625,9,0,False,False,-7.163,,False,False,False,False,3.146,inf
gen_12641,2,0,False,False,-6.499,,False,False,False,False,2.843,inf
gen_12673,8,0,False,False,-6.884,,False,False,False,False,3.074,inf
gen_12694,13,0,False,False,-7.228,,False,False,False,False,2.559,inf
gen_12695,10,0,False,False,-6.876,,False,False,False,False,3.162,inf
gen_12721,5,0,False,False,-6.314,,False,False,False,False,2.807,inf
gen_12723,12,1,True,True,-6.651,-6.306,False,True,True,True,2.215,2.84
gen_12739,12,0,False,False,-6.562,,False,False,False,False,2.293,2.904
gen_12752,3,2,True,True,-7.929,-7.929,True,True,True,True,2.224,2.866
gen_13048,4,0,False,False,-6.433,,False,False,False,False,2.75,inf
gen_13051,7,0,False,False,-7.459,,False,False,False,False,2.948,inf
gen_13078,6,0,True,False,-6.408,,False,False,False,False,2.205,2.735
gen_13084,7,0,True,False,-5.921,,False,False,False,False,2.61,3.145
gen_13101,10,0,False,False,-6.163,,False,False,False,False,2.472,inf
gen_13106,10,0,False,False,-7.451,,False,False,False,False,3.069,inf
gen_13193,2,0,False,False,-8.394,,False,False,False,False,3.326,2.868
gen_13308,4,0,False,False,-6.573,,False,False,False,False,2.727,4.749
gen_13358,16,0,False,False,-6.999,,False,False,False,False,2.797,inf
gen_13417,14,0,False,False,-6.26,,False,False,False,False,2.448,inf
gen_13437,1,0,False,False,4.847,,False,False,False,False,5.427,inf
gen_13513,4,0,False,False,-6.85,,False,False,False,False,4.247,2.888
gen_13585,15,0,False,False,-6.494,,False,False,False,False,2.409,inf
gen_13634,9,0,False,False,-7.778,,False,False,False,False,2.203,5.505
gen_13644,10,0,False,False,-5.76,,False,False,False,False,2.333,inf
gen_13645,9,0,False,False,-7.497,,False,False,False,False,8.741,inf
gen_13701,12,0,False,False,-7.117,,False,False,False,False,2.423,inf
gen_13732,2,0,False,False,-6.214,,False,False,False,False,2.829,inf
gen_13757,4,2,True,True,-7.361,-7.361,True,True,True,True,2.369,2.885
