label,geometry_pass,best_passing_affinity,affinity_pass,interaction_pass,interaction_status,selectivity,selectivity_pass,selectivity_status,selectivity_calibrated,selectivity_calibration_ran,toxicity,toxicity_pass,toxicity_worse_than_reference,toxicity_mean_pass,caco2,caco2_pass,caco2_better_than_reference,caco2_preregistered_pass,admet_status,plip_metal_any_passing,plip_hbond_any_passing,n_poses,SR-MMP,NR-AhR,DILI,hERG,AMES,CYP3A4_Veith,CYP2C9_Veith,CYP2D6_Veith,Solubility_AqSolDB,selectivity_excluded,all_stages,all_stages_preregistered
gen_03329,True,-7.263,True,True,ok,,,unevaluable,False,True,0.2116408521666667,True,[],False,-5.3235655,True,True,False,ok,True,True,7,0.001270066,0.0037003905,0.6299521,0.05447991,0.0357813,0.0037545147,0.013300267,0.009682329,-2.6484566,True,True,False
gen_08990,True,-7.03,True,True,ok,,,unevaluable,False,True,0.18487665510000004,True,[],False,-5.6983933,True,False,False,ok,True,True,10,0.0065936996,0.0049997657,0.5430365,0.082305685,0.0207132,0.013587713,0.064229816,0.033028293,-3.3865561,True,True,False
gen_11276,True,-7.029,True,True,ok,,,unevaluable,False,True,0.21151591506666667,True,[],False,-5.440537,True,True,False,ok,True,True,4,0.0015529592,0.010371526,0.62262326,0.15235211,0.0182064,0.04621704,0.024505602,0.015551227,-1.9152374,True,True,False
gen_11058,True,-8.496,True,True,ok,,,unevaluable,False,True,0.2546889866666667,False,"['SR-MMP', 'NR-AhR']",False,-5.491815,True,True,False,ok,True,True,9,0.03872673,0.12155549,0.60378474,0.67483574,0.3531345,0.029481906,0.019516885,0.21531908,-3.180589,True,False,False
gen_00446,True,-8.234,True,True,ok,,,unevaluable,False,True,0.182728362,False,"['SR-MMP', 'NR-AhR']",False,-5.655822,True,False,False,ok,True,True,2,0.012204019,0.042425517,0.49355555,0.2959866,0.0738744,0.018982183,0.02296139,0.111053765,-2.9086921,True,False,False
gen_02572,True,-8.209,True,True,ok,,,unevaluable,False,True,0.31948899000000003,False,"['SR-MMP', 'NR-AhR']",False,-5.669123,True,False,False,ok,True,True,14,0.35599655,0.08789452,0.5145759,0.9744135,0.07359553,0.9667581,0.5761398,0.85728693,-4.283904,True,False,False
gen_07789,True,-8.069,True,True,ok,,,unevaluable,False,True,0.28534899233333333,False,"['SR-MMP', 'NR-AhR', 'DILI']",False,-5.5131845,True,True,False,ok,True,True,11,0.0988716,0.038286317,0.71888906,0.7602277,0.07187098,0.62812126,0.394542,0.16488555,-4.2084937,True,False,False
gen_08177,True,-8.03,True,True,ok,,,unevaluable,False,True,0.2703889686666667,False,"['SR-MMP', 'NR-AhR']",False,-5.4243145,True,True,False,ok,True,True,2,0.017907586,0.15051632,0.642743,0.31764066,0.32054168,0.06954633,0.062420685,0.1127283,-3.3836257,True,False,False
gen_01745,True,-8.023,True,True,ok,,,unevaluable,False,True,0.15452418933333334,False,"['SR-MMP', 'NR-AhR']",True,-5.327806,True,True,False,ok,True,True,3,0.020700917,0.010826671,0.43204498,0.19529423,0.07641472,0.01674831,0.027334133,0.06108743,-3.110824,True,False,False
gen_06583,True,-8.022,True,True,ok,,,unevaluable,False,True,0.4138233,False,"['SR-MMP', 'NR-AhR']",False,-5.5059447,True,True,False,ok,True,True,4,0.5646111,0.06488456,0.61197424,0.8793777,0.049783815,0.48626906,0.5927642,0.6547625,-3.5403163,True,False,False
gen_12752,True,-7.929,True,True,ok,,,unevaluable,False,True,0.309851049,False,"['SR-MMP', 'NR-AhR', 'DILI']",False,-5.104599,True,True,False,ok,True,True,3,0.21429725,0.026836697,0.6884192,0.45680055,0.037480623,0.1709471,0.22070917,0.08859438,-4.0014715,True,False,False
gen_02011,True,-7.86,True,True,ok,,,unevaluable,False,True,0.11482782366666666,False,"['SR-MMP', 'NR-AhR']",True,-5.542528,True,True,False,ok,True,True,12,0.014889525,0.022326306,0.30726764,0.44990262,0.2873825,0.043124124,0.034933086,0.18309602,-3.64563,True,False,False
gen_12428,True,-7.854,True,True,ok,,,unevaluable,False,True,0.3224461566666667,False,"['SR-MMP', 'NR-AhR', 'DILI']",False,-5.6174774,True,False,False,ok,True,True,7,0.15513755,0.10937862,0.7028223,0.85683596,0.026488956,0.47187918,0.32231688,0.5990367,-3.955132,True,False,False
gen_11083,True,-7.812,True,True,ok,,,unevaluable,False,True,0.11330724600000001,False,"['SR-MMP', 'NR-AhR']",True,-5.6483026,True,False,False,ok,True,True,15,0.023314815,0.010813463,0.30579346,0.85073125,0.03238272,0.20506322,0.0666415,0.6574523,-3.2076116,True,False,False
gen_00106,True,-7.48,True,True,ok,,,unevaluable,False,True,0.3268379866666667,False,"['SR-MMP', 'NR-AhR', 'DILI']",False,-5.1537066,True,True,False,ok,True,True,8,0.12119974,0.12519397,0.73412025,0.5215233,0.21948466,0.06883581,0.26850656,0.271105,-3.4924386,True,False,False
gen_13757,True,-7.361,True,True,ok,,,unevaluable,False,True,0.4659947933333333,False,"['SR-MMP', 'NR-AhR', 'DILI']",False,-5.171141,True,True,False,ok,True,True,4,0.35812658,0.31780165,0.72205615,0.6952988,0.19167495,0.27192038,0.3922406,0.44344267,-4.1877537,True,False,False
gen_02907,True,-7.341,True,True,ok,,,unevaluable,False,True,0.20209942266666667,False,"['SR-MMP', 'NR-AhR']",False,-5.3898106,True,True,False,ok,True,True,4,0.028257683,0.042776685,0.5352639,0.5058013,0.07923434,0.07010485,0.10682696,0.32236704,-2.7576575,True,False,False
gen_03882,True,-7.235,True,True,ok,,,unevaluable,False,True,0.27109861500000004,False,"['SR-MMP', 'NR-AhR']",False,-5.591267,True,False,False,ok,True,True,10,0.1165507,0.051497985,0.64524716,0.2070198,0.042716317,0.050359465,0.17046198,0.16162403,-2.8376236,True,False,False
gen_06109,True,-7.2,True,True,ok,,,unevaluable,False,True,0.235785613,False,['SR-MMP'],False,-5.4839997,True,True,False,ok,True,True,5,0.032088093,0.008399406,0.66686934,0.2663993,0.020145506,0.010446223,0.07800015,0.06466408,-4.181681,True,False,False
gen_03163,True,-7.195,True,True,ok,,,unevaluable,False,True,0.23852942066666669,False,"['SR-MMP', 'NR-AhR']",False,-5.647035,True,False,False,ok,True,True,7,0.015428188,0.039439574,0.6607205,0.40188152,0.08785691,0.12987725,0.056230687,0.056660812,-3.0313385,True,False,False
gen_03220,True,-7.182,True,True,ok,,,unevaluable,False,True,0.24235713869999997,False,['DILI'],False,-5.64306,True,False,False,ok,True,True,2,0.0010880876,0.0048559285,0.7211274,0.026532147,0.031649195,0.0024539542,0.01092516,0.0056616636,-1.7891623,True,False,False
gen_05383,True,-7.15,True,True,ok,,,unevaluable,False,True,0.19003048,False,"['SR-MMP', 'NR-AhR']",False,-5.1713324,True,True,False,ok,True,True,9,0.0627903,0.05716567,0.45013547,0.48724478,0.027206302,0.048944235,0.0589545,0.29626107,-4.585504,True,False,False
gen_05363,True,-7.063,True,True,ok,,,unevaluable,False,True,0.24810790766666668,False,"['SR-MMP', 'NR-AhR', 'DILI']",False,-5.3502593,True,True,False,ok,True,True,6,0.026138863,0.02789776,0.6902871,0.20199475,0.102646366,0.02582038,0.047170322,0.024522997,-3.3671181,True,False,False
gen_04601,True,-7.027,True,True,ok,,,unevaluable,False,True,0.2940230366666667,False,"['SR-MMP', 'NR-AhR', 'DILI']",False,-5.525804,True,True,False,ok,True,True,4,0.07256992,0.07191209,0.7375871,0.15545246,0.05166939,0.027768064,0.20032659,0.08225773,-4.4601693,True,False,False
gen_03447,True,-6.939,False,True,ok,,,unevaluable,False,True,0.22421020653333332,False,['SR-MMP'],False,-5.3115625,True,True,False,ok,True,True,15,0.030052174,0.0053891456,0.6371893,0.3906526,0.03424153,0.34259173,0.20411758,0.069610216,-3.9349563,True,False,False
gen_06524,True,-6.931,False,True,ok,,,unevaluable,False,True,0.268268833,False,"['SR-MMP', 'NR-AhR', 'DILI']",False,-4.987387,True,True,True,ok,True,True,9,0.031525075,0.025399774,0.74788165,0.26841262,0.12477088,0.1115499,0.17176461,0.043127347,-3.7544491,True,False,False
gen_04421,True,-6.923,False,True,ok,,,unevaluable,False,True,0.13395210966666668,False,['NR-AhR'],True,-5.299863,True,True,False,ok,True,True,3,0.008954134,0.014088295,0.3788139,0.10529236,0.12392713,0.004253936,0.018541068,0.055235498,-2.139851,True,False,False
gen_11668,True,-6.813,False,True,ok,,,unevaluable,False,True,0.24539792116666667,False,['SR-MMP'],False,-4.8816023,True,True,True,ok,True,True,9,0.07900858,0.0059834835,0.6512017,0.23216644,0.014643942,0.13227236,0.21312205,0.024771253,-3.3514278,True,False,False
gen_02291,True,-6.772,False,True,ok,,,unevaluable,False,True,0.11164235676666666,True,[],True,-5.1044855,True,True,False,ok,True,True,10,0.0063274903,0.00719813,0.32140145,0.12420998,0.05735892,0.002323448,0.008122729,0.04149606,-2.7214792,True,False,False
CONTROL_crystal,True,-6.759,False,True,ok,,,unevaluable,False,True,,False,"['SR-MMP', 'NR-AhR', 'DILI']",False,,True,False,False,missing,True,True,3,,,,,,,,,,True,False,False
gen_07019,True,-6.664,False,True,ok,,,unevaluable,False,True,0.33979771999999997,False,"['SR-MMP', 'NR-AhR']",False,-5.1433854,True,True,False,ok,True,True,12,0.2495842,0.1822396,0.58756936,0.92566377,0.13533545,0.6655211,0.6322654,0.8567751,-3.6623826,True,False,False
gen_10243,True,-6.662,False,True,ok,,,unevaluable,False,True,0.2728213986666667,False,"['SR-MMP', 'NR-AhR']",False,-5.3889794,True,True,False,ok,True,True,6,0.083008036,0.08842856,0.6470276,0.31968904,0.019036887,0.09376981,0.3234201,0.25058907,-4.231397,True,False,False
gen_08016,True,-6.608,False,True,ok,,,unevaluable,False,True,0.23599738700000003,False,"['SR-MMP', 'NR-AhR']",False,-5.353001,True,True,False,ok,True,True,9,0.018184805,0.030875806,0.65893155,0.407008,0.05560314,0.15990198,0.13928638,0.13279666,-2.4470134,True,False,False
gen_05576,True,-6.594,False,True,ok,,,unevaluable,False,True,0.470237626,False,"['SR-MMP', 'NR-AhR']",False,-5.157722,True,True,False,ok,True,True,2,0.72053546,0.028505918,0.6616715,0.7176782,0.026558395,0.29084557,0.4818545,0.21835618,-4.426525,True,False,False
gen_09584,True,-6.58,False,True,ok,,,unevaluable,False,True,0.22625193209999997,False,['NR-AhR'],False,-5.533231,True,True,False,ok,True,True,8,0.0062236963,0.03910824,0.63342386,0.30483884,0.037432313,0.09635153,0.051552374,0.115815446,-2.1553807,True,False,False
gen_00410,True,-6.546,False,True,ok,,,unevaluable,False,True,0.14694750833333334,False,"['SR-MMP', 'NR-AhR']",True,-4.855129,True,True,True,ok,True,True,11,0.025802393,0.029380232,0.3856599,0.35220483,0.16373333,0.056858905,0.035427913,0.080145106,-3.649259,True,False,False
gen_09513,True,-6.523,False,True,ok,,,unevaluable,False,True,0.2810078676666667,False,"['SR-MMP', 'NR-AhR', 'DILI']",False,-5.487979,True,True,False,ok,True,True,1,0.035621993,0.07891996,0.72848165,0.1801157,0.036966406,0.058042407,0.14463516,0.044438314,-2.7840939,True,False,False
gen_06128,True,-6.48,False,True,ok,,,unevaluable,False,True,0.23955492433333334,False,"['SR-MMP', 'NR-AhR']",False,-5.144813,True,True,False,ok,True,True,11,0.1110663,0.052468073,0.5551304,0.47205752,0.08685519,0.08786686,0.1531899,0.25031492,-3.9106948,True,False,False
gen_12723,True,-6.306,False,True,ok,,,unevaluable,False,True,0.21038526866666665,False,"['SR-MMP', 'NR-AhR']",False,-5.4636984,True,True,False,ok,True,True,12,0.054131813,0.011627093,0.5653969,0.11351345,0.025499653,0.0060271425,0.12521239,0.05189141,-4.1790376,True,False,False
gen_03518,True,-6.249,False,True,ok,,,unevaluable,False,True,0.2525353792333333,False,"['NR-AhR', 'DILI']",False,-5.4355,True,True,False,ok,True,True,7,0.0041928887,0.016594099,0.73681915,0.043627016,0.036182236,0.0054705953,0.059875034,0.017095808,-3.4401753,True,False,False
gen_09875,True,-6.168,False,True,ok,,,unevaluable,False,True,0.08817715733333333,False,"['SR-MMP', 'NR-AhR']",True,-5.2517653,True,True,False,ok,True,True,10,0.13069692,0.011892292,0.12194226,0.64365184,0.020505538,0.02428667,0.04703761,0.5146402,-3.9006042,True,False,False
gen_11948,True,-6.122,False,True,ok,,,unevaluable,False,True,0.050628121,False,['NR-AhR'],True,-5.530198,True,True,False,ok,True,True,13,0.010930313,0.02557059,0.11538346,0.30013135,0.078383364,0.009897615,0.019594774,0.26886815,-2.658463,True,False,False
gen_11381,True,-5.929,False,True,ok,,,unevaluable,False,True,0.30446538533333334,False,"['SR-MMP', 'NR-AhR', 'DILI']",False,-5.0940323,True,True,False,ok,True,True,11,0.087070026,0.09594943,0.7303767,0.41674668,0.127027,0.09723715,0.20003366,0.14197616,-3.5313907,True,False,False
gen_09860,True,-5.761,False,True,ok,,,unevaluable,False,True,0.3898900966666667,False,"['SR-MMP', 'NR-AhR', 'DILI']",False,-5.124031,True,True,False,ok,True,True,14,0.3653979,0.11405156,0.69022083,0.7001562,0.13660607,0.4062512,0.44279805,0.28996938,-4.421088,True,False,False
