label,smiles,affinity,parent,parent_affinity,delta,DILI,SR_MMP,NR_AhR,caco2,track
big_00773,Cn1cc(CC(NC(=O)C2CCCCC2)C(=O)O)cc1-c1ccccn1,-7.853,gen_05363,-7.063,-0.79,0.5504775,0.0033566519,0.0048652487,-5.5011377,optimised_lead
big_00240,O=C(O)COC(=O)C(Cc1ccc2c(c1)OCCO2)CN1CCN(CCc2ccc3c(n2)NCCC3)CC1,-7.749,gen_11083,-7.812,0.063,0.18856493,0.00446429,0.008543413,-5.8039074,optimised_lead
big_01266,CCC(CN1CCC(CCc2ccc3c(n2)NCCC3)CC1)C(=O)O,-7.727,gen_11083,-7.812,0.085,0.06899122,0.0081596635,0.005421172,-5.2903647,optimised_lead
big_01230,CNCC1(O)CCc2ccc(C(CC(=O)O)c3ccc4c(n3)NCCC4)cc21,-7.678,gen_01745,-8.023,0.345,0.15572473,0.0022415186,0.0071487213,-5.9078264,optimised_lead
big_01694,O=C(O)CCNC(=O)C1CCC(C(=O)Nc2cc(C(F)(F)F)cc(C(F)(F)F)c2)C1C(=O)O,-7.621,gen_03882,-7.235,-0.386,0.57479274,0.006817659,0.010300165,-5.7912536,optimised_lead
big_00814,CN1Cc2ccc([C@@H](CC(=O)O)c3ccc4c(n3)NCCC4)cc2C1(C)O,-7.497,gen_01745,-8.023,0.526,0.23348942,0.004527641,0.009635186,-5.498261,optimised_lead
big_01023,CCCC(CN1CCC(CCc2ccc3c(n2)NCCC3)CC1)C(=O)O,-7.466,gen_11083,-7.812,0.346,0.07824522,0.010975991,0.005863766,-5.25381,optimised_lead
big_00928,CN(C)CC1(O)CCc2ccc(C(CC(=O)O)c3ccc4c(n3)NCCC4)cc21,-7.083,gen_01745,-8.023,0.94,0.13820675,0.0045840754,0.0047145975,-5.6479154,optimised_lead
big_01537,COC(=O)C(CC(=O)O)CN1CCC(CCc2ccc3c(n2)NCCC3)CC1,-7.019,gen_11083,-7.812,0.793,0.076531544,0.0076000057,0.0036972552,-5.5709414,optimised_lead
big_01674,O=C(O)CN1CCN(C[C@@H](Cc2ccc3c(c2)OCCO3)C(=O)O)CC1,-7.005,gen_11083,-7.812,0.807,0.15677586,0.0010675298,0.008189434,-5.822297,optimised_lead
