label,smiles,SR-MMP,NR-AhR,DILI,Caco2_Wang,gate_failures,over,a2bb3_span,a2bb3_side
gen_03329,O=C(Cc1ccc2c(c1)CCC(C(=O)O)C2)NCc1ccccn1,0.001270066,0.0037003905,0.6299521,-5.3235655,0,,,unmeasurable
gen_08990,C=CCC1(C(=O)O)CCC(OCc2ccc(C(CC(=O)O)c3ccccn3)c(O)c2)CC1,0.0065936996,0.0049997657,0.5430365,-5.6983933,0,,,unmeasurable
gen_11276,O=C(O)C(Cc1cccnc1)Cc1ccc2c(n1)NCCC2,0.0015529592,0.010371526,0.62262326,-5.440537,0,,4,av
gen_11058,CC(=O)c1ccc(C)c(-c2nc(C)nc3cc(OCCCN4CCC(C(=O)O)CC4)ccc23)c1,0.03872673,0.12155549,0.60378474,-5.491815,2,"SR-MMP,NR-AhR",4,av
gen_00446,O=C(O)C1CNc2nc(CCc3ccc4c(n3)NCCC4)ccc2C1,0.012204019,0.042425517,0.49355555,-5.655822,2,"SR-MMP,NR-AhR",10,av
gen_02572,CC(NC(C(=O)NC(Cc1ccc2c(c1)OCO2)C(=O)O)C1CC1)c1ccccc1CC1CCCCC1,0.35599655,0.08789452,0.5145759,-5.669123,2,"SR-MMP,NR-AhR",5,av
gen_07789,Cn1nccc1-c1ccc(CCC2(C)CC(C(=O)NC(Cc3ccccc3)C(=O)O)C2)cc1,0.0988716,0.038286317,0.71888906,-5.5131845,3,"SR-MMP,NR-AhR,DILI",,unmeasurable
gen_08177,CC1(C)CNc2ncc(-c3cc(F)cc(C(=O)NCC(=O)O)c3)cc21,0.017907586,0.15051632,0.642743,-5.4243145,2,"SR-MMP,NR-AhR",9,av
gen_01745,CC1(O)CCc2ccc(C(CC(=O)O)c3ccc4c(n3)NCCC4)cc21,0.020700917,0.010826671,0.43204498,-5.327806,2,"SR-MMP,NR-AhR",4,av
gen_06583,CC(O)(C(=O)O)c1ccc2c(c1)CC(c1ccccc1CN1CCCn3cccc31)CO2,0.5646111,0.06488456,0.61197424,-5.5059447,2,"SR-MMP,NR-AhR",,unmeasurable
gen_12752,CC1(C)CCOc2cc(C(Cc3ccc4c(n3)NCCC4)C(=O)O)ccc21,0.21429725,0.026836697,0.6884192,-5.104599,3,"SR-MMP,NR-AhR,DILI",4,av
gen_02011,CC(C)(CCN1CCC(CC(Cc2ccc3c(c2)C(=O)c2ccccc2C3)C(=O)O)CC1)C(=O)O,0.014889525,0.022326306,0.30726764,-5.542528,2,"SR-MMP,NR-AhR",6,av
gen_12428,O=C(O)C(CNC(O)c1cc(-c2cccnc2)nc(C2CCCCC2)c1)c1ccc(F)cc1,0.15513755,0.10937862,0.7028223,-5.6174774,3,"SR-MMP,NR-AhR,DILI",3,av
gen_11083,O=C(O)COC(=O)C(Cc1ccc2c(c1)OCCO2)CN1CCC(CCc2ccc3c(n2)NCCC3)CC1,0.023314815,0.010813463,0.30579346,-5.6483026,2,"SR-MMP,NR-AhR",13,av
gen_00106,CCCC(c1cccc(-c2ccc3c(c2)COC3=O)n1)N1CCC(C(=O)O)CC1,0.12119974,0.12519397,0.73412025,-5.1537066,3,"SR-MMP,NR-AhR,DILI",4,av
gen_13757,CC(C)Cn1ccnc1-c1ccc2c3c([nH]c2c1)C(CC(=O)O)CCC3,0.35812658,0.31780165,0.72205615,-5.171141,3,"SR-MMP,NR-AhR,DILI",,unmeasurable
gen_02907,O=C(O)CN1CCCc2ccc(CCc3ccc4c(n3)NCCC4)nc21,0.028257683,0.042776685,0.5352639,-5.3898106,2,"SR-MMP,NR-AhR",9,av
gen_03882,O=C(O)C1CCC(C(=O)Nc2cc(C(F)(F)F)cc(C(F)(F)F)c2)C1C(=O)O,0.1165507,0.051497985,0.64524716,-5.591267,2,"SR-MMP,NR-AhR",,unmeasurable
gen_06109,CC1(C)CCC(c2cc(C(=O)O)nc3ccc(Cc4ccccn4)cc23)CC1CC(O)CO,0.032088093,0.008399406,0.66686934,-5.4839997,1,SR-MMP,,unmeasurable
gen_03163,Cc1nccn1-c1ccc(C(CC(=O)O)Cc2ccc3c(n2)NCCC3)cc1,0.015428188,0.039439574,0.6607205,-5.647035,2,"SR-MMP,NR-AhR",5,av
gen_03220,O=C(O)C(Cc1ccc2c(n1)NCCC2)c1ccnnc1,0.0010880876,0.0048559285,0.7211274,-5.64306,1,DILI,4,av
gen_05383,Cc1c(NCC2CCC(C(=O)O)CC2)ccc(-c2ncc[nH]2)c1C(F)(F)F,0.0627903,0.05716567,0.45013547,-5.1713324,2,"SR-MMP,NR-AhR",,unmeasurable
gen_05363,O=C(NC(Cc1ccc(-c2ccccn2)cc1)C(=O)O)C1CCCCC1,0.026138863,0.02789776,0.6902871,-5.3502593,3,"SR-MMP,NR-AhR,DILI",,unmeasurable
gen_04601,O=C(O)c1ccc(C(O)(c2ccccc2)c2nc3ccccc3[nH]2)cc1,0.07256992,0.07191209,0.7375871,-5.525804,3,"SR-MMP,NR-AhR,DILI",,unmeasurable
