label,smiles,affinity,charge_ph74,mw,DILI,SR_MMP,NR_AhR,n_tox_failures,failing,dili_band,caco2,pampa,hia,bioavail,track
gen_03329,O=C(Cc1ccc2c(c1)CCC(C(=O)O)C2)NCc1ccccn1,-7.263,-1,324.4,0.6299521,0.001270066,0.0037003905,0,none,passes,-5.3235655,0.2966388,0.97229815,0.93280923,direct_lead
gen_08990,C=CCC1(C(=O)O)CCC(OCc2ccc(C(CC(=O)O)c3ccccn3)c(O)c2)CC1,-7.03,-2,439.5,0.5430365,0.0065936996,0.0049997657,0,none,passes,-5.6983933,0.028478999,0.67388624,0.76517,direct_lead
gen_11276,O=C(O)C(Cc1cccnc1)Cc1ccc2c(n1)NCCC2,-7.029,0,297.4,0.62262326,0.0015529592,0.010371526,0,none,passes,-5.440537,0.4742771,0.9980453,0.9420816,direct_lead
gen_06109,CC1(C)CCC(c2cc(C(=O)O)nc3ccc(Cc4ccccn4)cc23)CC1CC(O)CO,-7.2,-1,448.6,0.66686934,0.032088093,0.008399406,1,SR-MMP,passes,-5.4839997,0.20437507,0.91189206,0.8947692,optimize
gen_03220,O=C(O)C(Cc1ccc2c(n1)NCCC2)c1ccnnc1,-7.182,0,284.3,0.7211274,0.0010880876,0.0048559285,1,DILI,conversion_54pct,-5.64306,0.121249735,0.96487963,0.91404563,optimize
gen_11058,CC(=O)c1ccc(C)c(-c2nc(C)nc3cc(OCCCN4CCC(C(=O)O)CC4)ccc23)c1,-8.496,0,461.6,0.60378474,0.03872673,0.12155549,2,SR-MMP;NR-AhR,passes,-5.491815,0.63097286,0.97949994,0.9068054,not_viable_parent
gen_00446,O=C(O)C1CNc2nc(CCc3ccc4c(n3)NCCC4)ccc2C1,-8.234,1,338.4,0.49355555,0.012204019,0.042425517,2,SR-MMP;NR-AhR,passes,-5.655822,0.43855533,0.9715525,0.9006462,not_viable_parent
gen_02572,CC(NC(C(=O)NC(Cc1ccc2c(c1)OCO2)C(=O)O)C1CC1)c1ccccc1CC1CCCCC1,-8.209,0,506.6,0.5145759,0.35599655,0.08789452,2,SR-MMP;NR-AhR,passes,-5.669123,0.7497966,0.99847203,0.57382125,not_viable_parent
gen_08177,CC1(C)CNc2ncc(-c3cc(F)cc(C(=O)NCC(=O)O)c3)cc21,-8.03,0,343.4,0.642743,0.017907586,0.15051632,2,SR-MMP;NR-AhR,passes,-5.4243145,0.25078836,0.83866566,0.8334962,not_viable_parent
gen_01745,CC1(O)CCc2ccc(C(CC(=O)O)c3ccc4c(n3)NCCC4)cc21,-8.023,0,352.4,0.43204498,0.020700917,0.010826671,2,SR-MMP;NR-AhR,passes,-5.327806,0.1921681,0.9266632,0.86529243,not_viable_parent
gen_06583,CC(O)(C(=O)O)c1ccc2c(c1)CC(c1ccccc1CN1CCCn3cccc31)CO2,-8.022,-1,432.5,0.61197424,0.5646111,0.06488456,2,SR-MMP;NR-AhR,passes,-5.5059447,0.63467914,0.99063027,0.7396234,not_viable_parent
gen_02011,CC(C)(CCN1CCC(CC(Cc2ccc3c(c2)C(=O)c2ccccc2C3)C(=O)O)CC1)C(=O)O,-7.86,-1,477.6,0.30726764,0.014889525,0.022326306,2,SR-MMP;NR-AhR,passes,-5.542528,0.23168445,0.82776546,0.76571786,not_viable_parent
gen_11083,O=C(O)COC(=O)C(Cc1ccc2c(c1)OCCO2)CN1CCC(CCc2ccc3c(n2)NCCC3)CC1,-7.812,1,523.6,0.30579346,0.023314815,0.010813463,2,SR-MMP;NR-AhR,passes,-5.6483026,0.55589634,0.97309095,0.7669821,not_viable_parent
gen_02907,O=C(O)CN1CCCc2ccc(CCc3ccc4c(n3)NCCC4)nc21,-7.341,0,352.4,0.5352639,0.028257683,0.042776685,2,SR-MMP;NR-AhR,passes,-5.3898106,0.6105021,0.98160446,0.90163213,not_viable_parent
gen_03882,O=C(O)C1CCC(C(=O)Nc2cc(C(F)(F)F)cc(C(F)(F)F)c2)C1C(=O)O,-7.235,-2,413.3,0.64524716,0.1165507,0.051497985,2,SR-MMP;NR-AhR,passes,-5.591267,0.22418329,0.7219142,0.72053564,not_viable_parent
gen_03163,Cc1nccn1-c1ccc(C(CC(=O)O)Cc2ccc3c(n2)NCCC3)cc1,-7.195,0,376.5,0.6607205,0.015428188,0.039439574,2,SR-MMP;NR-AhR,passes,-5.647035,0.2555126,0.9690035,0.88968295,not_viable_parent
gen_05383,Cc1c(NCC2CCC(C(=O)O)CC2)ccc(-c2ncc[nH]2)c1C(F)(F)F,-7.15,-1,381.4,0.45013547,0.0627903,0.05716567,2,SR-MMP;NR-AhR,passes,-5.1713324,0.415982,0.96877927,0.85042685,not_viable_parent
gen_07789,Cn1nccc1-c1ccc(CCC2(C)CC(C(=O)NC(Cc3ccccc3)C(=O)O)C2)cc1,-8.069,-1,445.6,0.71888906,0.0988716,0.038286317,3,DILI;SR-MMP;NR-AhR,conversion_54pct,-5.5131845,0.67694676,0.9938191,0.85491,not_viable_parent
gen_12752,CC1(C)CCOc2cc(C(Cc3ccc4c(n3)NCCC4)C(=O)O)ccc21,-7.929,0,366.5,0.6884192,0.21429725,0.026836697,3,DILI;SR-MMP;NR-AhR,conversion_54pct,-5.104599,0.685064,0.9907299,0.9068694,not_viable_parent
gen_12428,O=C(O)C(CNC(O)c1cc(-c2cccnc2)nc(C2CCCCC2)c1)c1ccc(F)cc1,-7.854,0,449.5,0.7028223,0.15513755,0.10937862,3,DILI;SR-MMP;NR-AhR,conversion_54pct,-5.6174774,0.38222703,0.96796495,0.853368,not_viable_parent
gen_00106,CCCC(c1cccc(-c2ccc3c(c2)COC3=O)n1)N1CCC(C(=O)O)CC1,-7.48,0,394.5,0.73412025,0.12119974,0.12519397,3,DILI;SR-MMP;NR-AhR,conversion_54pct,-5.1537066,0.48436064,0.950894,0.838508,not_viable_parent
gen_13757,CC(C)Cn1ccnc1-c1ccc2c3c([nH]c2c1)C(CC(=O)O)CCC3,-7.361,-1,351.5,0.72205615,0.35812658,0.31780165,3,DILI;SR-MMP;NR-AhR,conversion_54pct,-5.171141,0.5097526,0.9325965,0.78207034,not_viable_parent
gen_05363,O=C(NC(Cc1ccc(-c2ccccn2)cc1)C(=O)O)C1CCCCC1,-7.063,-1,352.4,0.6902871,0.026138863,0.02789776,3,DILI;SR-MMP;NR-AhR,conversion_54pct,-5.3502593,0.3734115,0.96199304,0.8952817,not_viable_parent
gen_04601,O=C(O)c1ccc(C(O)(c2ccccc2)c2nc3ccccc3[nH]2)cc1,-7.027,-1,344.4,0.7375871,0.07256992,0.07191209,3,DILI;SR-MMP;NR-AhR,conversion_54pct,-5.525804,0.047614694,0.73732454,0.7137003,not_viable_parent
