fold,kind,epoch,nll
fold1,training,1,45.032325744628906
fold1,training,2,42.701446533203125
fold1,training,3,40.087928771972656
fold1,training,4,38.72333908081055
fold1,training,5,37.430389404296875
fold1,training,6,35.53321838378906
fold1,training,7,34.58332824707031
fold1,training,8,34.12210464477539
fold1,training,9,33.08646011352539
fold1,training,10,31.985004425048828
fold1,training,11,31.599544525146484
fold1,training,12,31.515010833740234
fold1,training,13,29.958574295043945
fold1,training,14,29.843961715698242
fold1,training,15,29.436141967773438
fold1,training,16,29.167354583740234
fold1,training,17,28.35243797302246
fold1,training,18,28.29505729675293
fold1,training,19,27.809255599975586
fold1,training,20,26.958206176757812
fold1,training,21,27.2061824798584
fold1,training,22,26.522520065307617
fold1,training,23,26.404033660888672
fold1,training,24,26.24373435974121
fold1,training,25,25.92521095275879
fold1,training,26,25.136383056640625
fold1,training,27,25.55291175842285
fold1,training,28,25.40837287902832
fold1,training,29,24.574947357177734
fold1,training,30,24.78927230834961
fold1,training,31,24.775489807128906
fold1,training,32,24.322708129882812
fold1,training,33,24.282352447509766
fold1,training,34,23.62273597717285
fold1,training,35,23.39748764038086
fold1,training,36,23.545305252075195
fold1,training,37,23.538915634155273
fold1,training,38,23.389263153076172
fold1,training,39,23.43111228942871
fold1,training,40,22.918874740600586
fold1,training,41,22.843090057373047
fold1,training,42,22.9552059173584
fold1,training,43,22.622426986694336
fold1,training,44,22.509105682373047
fold1,training,45,22.551496505737305
fold1,training,46,22.152584075927734
fold1,training,47,22.370473861694336
fold1,training,48,21.743297576904297
fold1,training,49,22.40825653076172
fold1,training,50,22.378082275390625
fold1,training,51,21.71265411376953
fold1,training,52,21.73628807067871
fold1,training,53,21.76669692993164
fold1,training,54,22.005661010742188
fold1,training,55,21.452892303466797
fold1,training,56,21.530380249023438
fold1,training,57,21.255701065063477
fold1,training,58,21.355342864990234
fold1,training,59,21.2784481048584
fold1,training,60,21.09974479675293
fold1,training,61,20.848485946655273
fold1,training,62,20.795013427734375
fold1,training,63,21.008573532104492
fold1,training,64,20.80728530883789
fold1,training,65,20.635934829711914
fold1,training,66,20.577688217163086
fold1,training,67,21.151092529296875
fold1,training,68,20.7427921295166
fold1,training,69,20.502450942993164
fold1,training,70,20.691680908203125
fold1,training,71,20.00541877746582
fold1,training,72,19.976980209350586
fold1,training,73,20.155344009399414
fold1,training,74,20.18350601196289
fold1,training,75,19.784894943237305
fold1,training,76,20.179161071777344
fold1,training,77,20.007734298706055
fold1,training,78,20.137630462646484
fold1,training,79,20.030973434448242
fold1,training,80,19.790691375732422
fold1,training,81,19.842227935791016
fold1,training,82,19.82027244567871
fold1,training,83,19.573503494262695
fold1,training,84,19.648046493530273
fold1,training,85,19.456832885742188
fold1,training,86,19.480934143066406
fold1,training,87,19.85973358154297
fold1,training,88,19.239961624145508
fold1,training,89,19.281808853149414
fold1,training,90,19.881393432617188
fold1,training,91,19.375072479248047
fold1,training,92,19.06193733215332
fold1,training,93,19.499828338623047
fold1,training,94,19.073265075683594
fold1,training,95,19.375255584716797
fold1,training,96,19.51211929321289
fold1,training,97,19.234615325927734
fold1,training,98,19.20916175842285
fold1,training,99,19.166208267211914
fold1,training,100,19.1380558013916
fold1,training,101,19.46360206604004
fold1,training,102,18.876161575317383
fold1,training,103,18.8962345123291
fold1,training,104,19.32168960571289
fold1,training,105,19.306564331054688
fold1,training,106,18.89194107055664
fold1,training,107,18.973236083984375
fold1,training,108,19.0067081451416
fold1,training,109,18.842931747436523
fold1,training,110,18.860191345214844
fold1,training,111,18.842512130737305
fold1,training,112,18.578989028930664
fold1,training,113,18.989431381225586
fold1,training,114,18.923723220825195
fold1,training,115,18.88190460205078
fold1,training,116,18.808992385864258
fold1,training,117,18.7642879486084
fold1,training,118,18.97695541381836
fold1,training,119,18.53363609313965
fold1,training,120,18.646684646606445
fold1,training,121,18.6751766204834
fold1,training,122,18.730073928833008
fold1,training,123,18.831445693969727
fold1,training,124,18.784727096557617
fold1,training,125,18.697677612304688
fold1,training,126,18.489578247070312
fold1,training,127,18.551210403442383
fold1,training,128,18.6193904876709
fold1,training,129,18.649656295776367
fold1,training,130,18.144994735717773
fold1,training,131,18.354040145874023
fold1,training,132,18.360706329345703
fold1,training,133,18.568857192993164
fold1,training,134,18.120784759521484
fold1,training,135,18.39307975769043
fold1,training,136,17.739791870117188
fold1,training,137,18.539758682250977
fold1,training,138,18.387157440185547
fold1,training,139,18.180387496948242
fold1,training,140,17.991539001464844
fold1,training,141,18.00751304626465
fold1,training,142,17.74852752685547
fold1,training,143,18.08124351501465
fold1,training,144,18.19297981262207
fold1,training,145,18.559656143188477
fold1,training,146,18.075361251831055
fold1,training,147,18.39212989807129
fold1,training,148,18.434751510620117
fold1,training,149,18.156654357910156
fold1,training,150,17.872888565063477
fold1,training,151,17.8441104888916
fold1,training,152,18.232728958129883
fold1,training,153,18.068740844726562
fold1,training,154,18.04283905029297
fold1,training,155,18.00540542602539
fold1,training,156,17.86707305908203
fold1,training,157,17.671842575073242
fold1,training,158,17.882568359375
fold1,training,159,17.689023971557617
fold1,training,160,17.78899383544922
fold1,training,161,17.8239803314209
fold1,training,162,18.022783279418945
fold1,training,163,17.884296417236328
fold1,training,164,17.74595832824707
fold1,training,165,17.74593162536621
fold1,training,166,18.127164840698242
fold1,training,167,17.664766311645508
fold1,training,168,17.40072250366211
fold1,training,169,17.72975730895996
fold1,training,170,17.827558517456055
fold1,training,171,17.61777687072754
fold1,training,172,18.304506301879883
fold1,training,173,17.705904006958008
fold1,training,174,17.62087631225586
fold1,training,175,17.336776733398438
fold1,training,176,17.794490814208984
fold1,training,177,17.470605850219727
fold1,training,178,17.099634170532227
fold1,training,179,17.585105895996094
fold1,training,180,17.724609375
fold1,training,181,17.735504150390625
fold1,training,182,17.512325286865234
fold1,training,183,17.996898651123047
fold1,training,184,17.867467880249023
fold1,training,185,17.831912994384766
fold1,training,186,17.625478744506836
fold1,training,187,17.49449348449707
fold1,training,188,17.423725128173828
fold1,training,189,17.390899658203125
fold1,training,190,17.432720184326172
fold1,training,191,17.516767501831055
fold1,training,192,17.65568733215332
fold1,training,193,17.48872947692871
fold1,training,194,17.062301635742188
fold1,training,195,17.652568817138672
fold1,training,196,17.351457595825195
fold1,training,197,17.352323532104492
fold1,training,198,17.44354820251465
fold1,training,199,17.398456573486328
fold1,training,200,17.465076446533203
fold1,validation,1,43.74856185913086
fold1,validation,2,42.33438491821289
fold1,validation,3,41.198394775390625
fold1,validation,4,40.257102966308594
fold1,validation,5,38.61249542236328
fold1,validation,6,39.05451965332031
fold1,validation,7,37.498966217041016
fold1,validation,8,37.826045989990234
fold1,validation,9,36.31190872192383
fold1,validation,10,36.884765625
fold1,validation,11,35.788414001464844
fold1,validation,12,35.23440933227539
fold1,validation,13,34.0299186706543
fold1,validation,14,33.8486213684082
fold1,validation,15,35.04579162597656
fold1,validation,16,33.72380447387695
fold1,validation,17,32.956451416015625
fold1,validation,18,31.748485565185547
fold1,validation,19,32.64861297607422
fold1,validation,20,34.21706008911133
fold1,validation,21,32.981842041015625
fold1,validation,22,32.392799377441406
fold1,validation,23,32.5664176940918
fold1,validation,24,31.66298484802246
fold1,validation,25,32.220008850097656
fold1,validation,26,32.50007629394531
fold1,validation,27,31.69886589050293
fold1,validation,28,31.292829513549805
fold1,validation,29,31.220138549804688
fold1,validation,30,30.916358947753906
fold1,validation,31,30.718664169311523
fold1,validation,32,30.668184280395508
fold1,validation,33,30.9541072845459
fold1,validation,34,30.617977142333984
fold1,validation,35,31.41839599609375
fold1,validation,36,31.312950134277344
fold1,validation,37,31.20537757873535
fold1,validation,38,29.957204818725586
fold1,validation,39,30.384977340698242
fold1,validation,40,31.260011672973633
fold1,validation,41,30.184324264526367
fold1,validation,42,30.476972579956055
fold1,validation,43,30.060033798217773
fold1,validation,44,30.893692016601562
fold1,validation,45,29.902374267578125
fold1,validation,46,28.983713150024414
fold1,validation,47,30.062469482421875
fold1,validation,48,30.769386291503906
fold1,validation,49,30.167417526245117
fold1,validation,50,30.23316764831543
fold1,validation,51,29.662349700927734
fold1,validation,52,28.61203384399414
fold1,validation,53,29.054737091064453
fold1,validation,54,29.575275421142578
fold1,validation,55,30.142200469970703
fold1,validation,56,29.290420532226562
fold1,validation,57,29.1678524017334
fold1,validation,58,28.424915313720703
fold1,validation,59,29.338842391967773
fold1,validation,60,29.37123680114746
fold1,validation,61,28.599262237548828
fold1,validation,62,27.88727378845215
fold1,validation,63,29.5789737701416
fold1,validation,64,28.974254608154297
fold1,validation,65,29.654773712158203
fold1,validation,66,29.62026596069336
fold1,validation,67,28.8344783782959
fold1,validation,68,28.655981063842773
fold1,validation,69,28.365501403808594
fold1,validation,70,28.846721649169922
fold1,validation,71,28.655441284179688
fold1,validation,72,29.812274932861328
fold1,validation,73,29.271106719970703
fold1,validation,74,28.5213680267334
fold1,validation,75,29.043561935424805
fold1,validation,76,28.98018455505371
fold1,validation,77,29.5001220703125
fold1,validation,78,28.780216217041016
fold1,validation,79,27.8619327545166
fold1,validation,80,29.116985321044922
fold1,validation,81,28.572242736816406
fold1,validation,82,29.069217681884766
fold1,validation,83,29.203516006469727
fold1,validation,84,29.155515670776367
fold1,validation,85,29.474609375
fold1,validation,86,29.58799171447754
fold1,validation,87,27.820594787597656
fold1,validation,88,29.105955123901367
fold1,validation,89,29.773202896118164
fold1,validation,90,28.012094497680664
fold1,validation,91,27.698017120361328
fold1,validation,92,27.436891555786133
fold1,validation,93,28.040597915649414
fold1,validation,94,28.85809326171875
fold1,validation,95,29.284984588623047
fold1,validation,96,29.486967086791992
fold1,validation,97,28.94019889831543
fold1,validation,98,29.361360549926758
fold1,validation,99,28.149709701538086
fold1,validation,100,27.92849349975586
fold1,validation,101,28.215087890625
fold1,validation,102,28.835674285888672
fold1,validation,103,29.38096046447754
fold1,validation,104,27.916688919067383
fold1,validation,105,28.701528549194336
fold1,validation,106,28.84303855895996
fold1,validation,107,29.282625198364258
fold1,validation,108,28.096378326416016
fold1,validation,109,28.641460418701172
fold1,validation,110,28.3232421875
fold1,validation,111,28.57083511352539
fold1,validation,112,28.140424728393555
fold1,validation,113,27.38836097717285
fold1,validation,114,27.85162353515625
fold1,validation,115,28.533143997192383
fold1,validation,116,28.244028091430664
fold1,validation,117,27.71346664428711
fold1,validation,118,28.483922958374023
fold1,validation,119,28.791582107543945
fold1,validation,120,28.401105880737305
fold1,validation,121,28.60771369934082
fold1,validation,122,28.549959182739258
fold1,validation,123,28.213869094848633
fold1,validation,124,28.5445499420166
fold1,validation,125,28.361650466918945
fold1,validation,126,27.103818893432617
fold1,validation,127,27.987945556640625
fold1,validation,128,28.09676170349121
fold1,validation,129,28.77458381652832
fold1,validation,130,27.634008407592773
fold1,validation,131,29.46669578552246
fold1,validation,132,27.631980895996094
fold1,validation,133,29.268651962280273
fold1,validation,134,27.09247398376465
fold1,validation,135,28.68712615966797
fold1,validation,136,27.918907165527344
fold1,validation,137,27.47039222717285
fold1,validation,138,27.095876693725586
fold1,validation,139,29.157085418701172
fold1,validation,140,29.15471076965332
fold1,validation,141,28.11994743347168
fold1,validation,142,28.18235969543457
fold1,validation,143,27.65818214416504
fold1,validation,144,28.823392868041992
fold1,validation,145,28.580793380737305
fold1,validation,146,27.57615852355957
fold1,validation,147,28.835779190063477
fold1,validation,148,28.41995620727539
fold1,validation,149,27.83685874938965
fold1,validation,150,27.617053985595703
fold1,validation,151,28.580835342407227
fold1,validation,152,27.219709396362305
fold1,validation,153,28.220603942871094
fold1,validation,154,27.51038360595703
fold1,validation,155,27.33829116821289
fold1,validation,156,28.168582916259766
fold1,validation,157,28.21274185180664
fold1,validation,158,27.88322639465332
fold1,validation,159,27.382829666137695
fold1,validation,160,28.10928726196289
fold1,validation,161,28.745018005371094
fold1,validation,162,28.194128036499023
fold1,validation,163,28.572832107543945
fold1,validation,164,27.858034133911133
fold1,validation,165,28.070449829101562
fold1,validation,166,27.709461212158203
fold1,validation,167,27.88863754272461
fold1,validation,168,28.038585662841797
fold1,validation,169,27.995346069335938
fold1,validation,170,28.190805435180664
fold1,validation,171,28.686782836914062
fold1,validation,172,27.375499725341797
fold1,validation,173,28.116971969604492
fold1,validation,174,27.654647827148438
fold1,validation,175,27.21010398864746
fold1,validation,176,28.625244140625
fold1,validation,177,28.893341064453125
fold1,validation,178,28.761960983276367
fold1,validation,179,28.35063934326172
fold1,validation,180,27.567880630493164
fold1,validation,181,28.206768035888672
fold1,validation,182,28.478296279907227
fold1,validation,183,26.898273468017578
fold1,validation,184,28.4619083404541
fold1,validation,185,27.880783081054688
fold1,validation,186,28.082273483276367
fold1,validation,187,27.920759201049805
fold1,validation,188,28.3153133392334
fold1,validation,189,27.72736167907715
fold1,validation,190,28.55140495300293
fold1,validation,191,28.079137802124023
fold1,validation,192,28.378515243530273
fold1,validation,193,27.48442268371582
fold1,validation,194,27.932537078857422
fold1,validation,195,28.9138126373291
fold1,validation,196,28.237167358398438
fold1,validation,197,28.086170196533203
fold1,validation,198,27.99165153503418
fold1,validation,199,28.617509841918945
fold1,validation,200,27.862810134887695
fold2,training,1,45.48262405395508
fold2,training,2,42.656959533691406
fold2,training,3,40.87237548828125
fold2,training,4,39.427772521972656
fold2,training,5,37.82227325439453
fold2,training,6,35.58258056640625
fold2,training,7,34.90254592895508
fold2,training,8,33.77114486694336
fold2,training,9,33.23078155517578
fold2,training,10,31.784204483032227
fold2,training,11,31.73291015625
fold2,training,12,31.358631134033203
fold2,training,13,30.501604080200195
fold2,training,14,29.664968490600586
fold2,training,15,29.778278350830078
fold2,training,16,28.688045501708984
fold2,training,17,27.921463012695312
fold2,training,18,27.81147003173828
fold2,training,19,27.59700584411621
fold2,training,20,27.210769653320312
fold2,training,21,27.114057540893555
fold2,training,22,26.332979202270508
fold2,training,23,26.541885375976562
fold2,training,24,25.827491760253906
fold2,training,25,25.71811294555664
fold2,training,26,25.344297409057617
fold2,training,27,25.665363311767578
fold2,training,28,24.94835662841797
fold2,training,29,25.04889488220215
fold2,training,30,24.56970977783203
fold2,training,31,24.77569007873535
fold2,training,32,24.17812728881836
fold2,training,33,24.063831329345703
fold2,training,34,23.51385498046875
fold2,training,35,23.771900177001953
fold2,training,36,23.600765228271484
fold2,training,37,23.75258445739746
fold2,training,38,23.36677360534668
fold2,training,39,22.95450782775879
fold2,training,40,22.759033203125
fold2,training,41,23.27587127685547
fold2,training,42,22.651025772094727
fold2,training,43,22.846681594848633
fold2,training,44,22.19144058227539
fold2,training,45,22.49557876586914
fold2,training,46,22.27598762512207
fold2,training,47,22.17782211303711
fold2,training,48,22.235681533813477
fold2,training,49,21.721057891845703
fold2,training,50,21.90623664855957
fold2,training,51,22.026573181152344
fold2,training,52,21.910064697265625
fold2,training,53,21.61084747314453
fold2,training,54,21.396625518798828
fold2,training,55,21.31822967529297
fold2,training,56,21.327880859375
fold2,training,57,21.32826805114746
fold2,training,58,21.422649383544922
fold2,training,59,21.42861557006836
fold2,training,60,21.54341697692871
fold2,training,61,20.881135940551758
fold2,training,62,21.099151611328125
fold2,training,63,20.629426956176758
fold2,training,64,20.979026794433594
fold2,training,65,20.639677047729492
fold2,training,66,20.852575302124023
fold2,training,67,20.56610107421875
fold2,training,68,20.684524536132812
fold2,training,69,20.68637466430664
fold2,training,70,20.707618713378906
fold2,training,71,20.518558502197266
fold2,training,72,20.325098037719727
fold2,training,73,20.32489013671875
fold2,training,74,20.208633422851562
fold2,training,75,20.48313331604004
fold2,training,76,19.840810775756836
fold2,training,77,19.546560287475586
fold2,training,78,19.809972763061523
fold2,training,79,20.369138717651367
fold2,training,80,19.977935791015625
fold2,training,81,20.19359016418457
fold2,training,82,20.08102798461914
fold2,training,83,19.463285446166992
fold2,training,84,19.71886444091797
fold2,training,85,19.949848175048828
fold2,training,86,19.74603843688965
fold2,training,87,20.52950096130371
fold2,training,88,19.63654899597168
fold2,training,89,19.611330032348633
fold2,training,90,19.55792236328125
fold2,training,91,19.56311798095703
fold2,training,92,19.834592819213867
fold2,training,93,19.481304168701172
fold2,training,94,19.338693618774414
fold2,training,95,19.32976531982422
fold2,training,96,18.936573028564453
fold2,training,97,19.47521209716797
fold2,training,98,19.405500411987305
fold2,training,99,19.308441162109375
fold2,training,100,19.759267807006836
fold2,training,101,19.088985443115234
fold2,training,102,19.243637084960938
fold2,training,103,19.174808502197266
fold2,training,104,18.800338745117188
fold2,training,105,19.14816665649414
fold2,training,106,18.938701629638672
fold2,training,107,18.99131202697754
fold2,training,108,19.101856231689453
fold2,training,109,18.70272445678711
fold2,training,110,18.671384811401367
fold2,training,111,18.597026824951172
fold2,training,112,18.732440948486328
fold2,training,113,18.56207275390625
fold2,training,114,19.143396377563477
fold2,training,115,19.025623321533203
fold2,training,116,18.794939041137695
fold2,training,117,19.015172958374023
fold2,training,118,18.785533905029297
fold2,training,119,18.589109420776367
fold2,training,120,18.684181213378906
fold2,training,121,18.46877670288086
fold2,training,122,18.780345916748047
fold2,training,123,18.36865997314453
fold2,training,124,18.864723205566406
fold2,training,125,18.387147903442383
fold2,training,126,18.603120803833008
fold2,training,127,18.741182327270508
fold2,training,128,18.57767105102539
fold2,training,129,18.55125617980957
fold2,training,130,18.20319175720215
fold2,training,131,18.03971290588379
fold2,training,132,18.169816970825195
fold2,training,133,18.375133514404297
fold2,training,134,18.289663314819336
fold2,training,135,18.10394287109375
fold2,training,136,18.156259536743164
fold2,training,137,17.960285186767578
fold2,training,138,18.200584411621094
fold2,training,139,18.128700256347656
fold2,training,140,18.189950942993164
fold2,training,141,18.701627731323242
fold2,training,142,18.210973739624023
fold2,training,143,18.131067276000977
fold2,training,144,18.033084869384766
fold2,training,145,18.33043670654297
fold2,training,146,18.46266746520996
fold2,training,147,17.874629974365234
fold2,training,148,18.011476516723633
fold2,training,149,17.933780670166016
fold2,training,150,17.97820281982422
fold2,training,151,17.920909881591797
fold2,training,152,17.955249786376953
fold2,training,153,18.190689086914062
fold2,training,154,17.995574951171875
fold2,training,155,17.98812484741211
fold2,training,156,17.729427337646484
fold2,training,157,17.94464111328125
fold2,training,158,17.7862548828125
fold2,training,159,17.870336532592773
fold2,training,160,18.043241500854492
fold2,training,161,17.972522735595703
fold2,training,162,17.778396606445312
fold2,training,163,18.02585792541504
fold2,training,164,17.787620544433594
fold2,training,165,17.566686630249023
fold2,training,166,17.755857467651367
fold2,training,167,17.863134384155273
fold2,training,168,17.62754249572754
fold2,training,169,17.612163543701172
fold2,training,170,17.934568405151367
fold2,training,171,18.034896850585938
fold2,training,172,17.74213409423828
fold2,training,173,17.69611930847168
fold2,training,174,17.779891967773438
fold2,training,175,17.653173446655273
fold2,training,176,17.684890747070312
fold2,training,177,18.34760093688965
fold2,training,178,17.49820899963379
fold2,training,179,17.445287704467773
fold2,training,180,17.607250213623047
fold2,training,181,17.71416664123535
fold2,training,182,17.41114044189453
fold2,training,183,17.479598999023438
fold2,training,184,17.79184341430664
fold2,training,185,18.128679275512695
fold2,training,186,17.345035552978516
fold2,training,187,17.349624633789062
fold2,training,188,17.711698532104492
fold2,training,189,17.170421600341797
fold2,training,190,17.920604705810547
fold2,training,191,17.734432220458984
fold2,training,192,17.687467575073242
fold2,training,193,17.94465446472168
fold2,training,194,17.73765754699707
fold2,training,195,17.666147232055664
fold2,training,196,17.526508331298828
fold2,training,197,17.60042381286621
fold2,training,198,17.561199188232422
fold2,training,199,17.402074813842773
fold2,training,200,17.255971908569336
fold2,validation,1,43.71611785888672
fold2,validation,2,40.98747253417969
fold2,validation,3,40.56319046020508
fold2,validation,4,39.858245849609375
fold2,validation,5,37.84040451049805
fold2,validation,6,37.31413650512695
fold2,validation,7,37.05724334716797
fold2,validation,8,35.28384017944336
fold2,validation,9,35.14430618286133
fold2,validation,10,34.35667037963867
fold2,validation,11,34.56249237060547
fold2,validation,12,32.88307189941406
fold2,validation,13,33.68593978881836
fold2,validation,14,33.117340087890625
fold2,validation,15,31.702157974243164
fold2,validation,16,31.07084083557129
fold2,validation,17,31.534320831298828
fold2,validation,18,31.869224548339844
fold2,validation,19,30.75333595275879
fold2,validation,20,30.462942123413086
fold2,validation,21,29.972993850708008
fold2,validation,22,29.880447387695312
fold2,validation,23,29.830991744995117
fold2,validation,24,29.73360252380371
fold2,validation,25,28.99851417541504
fold2,validation,26,28.345623016357422
fold2,validation,27,29.224973678588867
fold2,validation,28,27.783132553100586
fold2,validation,29,28.570178985595703
fold2,validation,30,28.576162338256836
fold2,validation,31,28.51331329345703
fold2,validation,32,27.409095764160156
fold2,validation,33,28.566232681274414
fold2,validation,34,28.289316177368164
fold2,validation,35,27.547834396362305
fold2,validation,36,28.297454833984375
fold2,validation,37,27.028953552246094
fold2,validation,38,28.534379959106445
fold2,validation,39,26.784658432006836
fold2,validation,40,27.135860443115234
fold2,validation,41,28.36899757385254
fold2,validation,42,27.184328079223633
fold2,validation,43,26.85642433166504
fold2,validation,44,27.253286361694336
fold2,validation,45,26.344152450561523
fold2,validation,46,27.453105926513672
fold2,validation,47,26.622467041015625
fold2,validation,48,26.586959838867188
fold2,validation,49,27.941328048706055
fold2,validation,50,26.280912399291992
fold2,validation,51,27.02292823791504
fold2,validation,52,25.57139778137207
fold2,validation,53,27.4691162109375
fold2,validation,54,25.913021087646484
fold2,validation,55,27.165666580200195
fold2,validation,56,25.375383377075195
fold2,validation,57,26.195234298706055
fold2,validation,58,27.280118942260742
fold2,validation,59,25.260238647460938
fold2,validation,60,25.91264533996582
fold2,validation,61,25.601621627807617
fold2,validation,62,25.721359252929688
fold2,validation,63,25.133501052856445
fold2,validation,64,25.45050048828125
fold2,validation,65,25.995874404907227
fold2,validation,66,26.243576049804688
fold2,validation,67,25.679744720458984
fold2,validation,68,24.175373077392578
fold2,validation,69,26.043245315551758
fold2,validation,70,25.826324462890625
fold2,validation,71,25.693132400512695
fold2,validation,72,25.07615089416504
fold2,validation,73,25.80235481262207
fold2,validation,74,26.430021286010742
fold2,validation,75,26.078332901000977
fold2,validation,76,25.474327087402344
fold2,validation,77,25.174663543701172
fold2,validation,78,25.847673416137695
fold2,validation,79,25.90001678466797
fold2,validation,80,25.47797393798828
fold2,validation,81,25.863649368286133
fold2,validation,82,25.324485778808594
fold2,validation,83,25.193574905395508
fold2,validation,84,25.415550231933594
fold2,validation,85,25.11528778076172
fold2,validation,86,25.34943389892578
fold2,validation,87,26.803850173950195
fold2,validation,88,25.245113372802734
fold2,validation,89,24.5413875579834
fold2,validation,90,25.5067138671875
fold2,validation,91,24.816612243652344
fold2,validation,92,25.17045783996582
fold2,validation,93,24.506017684936523
fold2,validation,94,25.258609771728516
fold2,validation,95,24.978504180908203
fold2,validation,96,24.202165603637695
fold2,validation,97,25.015670776367188
fold2,validation,98,24.46714210510254
fold2,validation,99,25.48284339904785
fold2,validation,100,24.985631942749023
fold2,validation,101,25.629924774169922
fold2,validation,102,25.104843139648438
fold2,validation,103,23.82069206237793
fold2,validation,104,24.763357162475586
fold2,validation,105,24.17194175720215
fold2,validation,106,24.333072662353516
fold2,validation,107,25.717140197753906
fold2,validation,108,24.49474334716797
fold2,validation,109,23.888744354248047
fold2,validation,110,25.976470947265625
fold2,validation,111,24.521406173706055
fold2,validation,112,24.558435440063477
fold2,validation,113,24.18926429748535
fold2,validation,114,24.57613754272461
fold2,validation,115,23.856101989746094
fold2,validation,116,24.628009796142578
fold2,validation,117,23.942440032958984
fold2,validation,118,24.770767211914062
fold2,validation,119,24.3291015625
fold2,validation,120,24.111948013305664
fold2,validation,121,24.292240142822266
fold2,validation,122,25.273239135742188
fold2,validation,123,23.817270278930664
fold2,validation,124,24.827693939208984
fold2,validation,125,23.736167907714844
fold2,validation,126,24.242456436157227
fold2,validation,127,24.636917114257812
fold2,validation,128,24.713260650634766
fold2,validation,129,23.874723434448242
fold2,validation,130,23.876752853393555
fold2,validation,131,24.24117088317871
fold2,validation,132,24.33658790588379
fold2,validation,133,24.985633850097656
fold2,validation,134,24.649085998535156
fold2,validation,135,24.52552604675293
fold2,validation,136,24.298070907592773
fold2,validation,137,24.25299835205078
fold2,validation,138,23.847028732299805
fold2,validation,139,24.693355560302734
fold2,validation,140,23.923852920532227
fold2,validation,141,23.89090347290039
fold2,validation,142,23.760955810546875
fold2,validation,143,23.20021629333496
fold2,validation,144,23.937471389770508
fold2,validation,145,24.184070587158203
fold2,validation,146,24.299663543701172
fold2,validation,147,24.306034088134766
fold2,validation,148,24.2847957611084
fold2,validation,149,24.083736419677734
fold2,validation,150,24.36298370361328
fold2,validation,151,24.185762405395508
fold2,validation,152,23.545860290527344
fold2,validation,153,24.137069702148438
fold2,validation,154,24.10553550720215
fold2,validation,155,23.89983558654785
fold2,validation,156,23.585973739624023
fold2,validation,157,23.93390464782715
fold2,validation,158,24.26189422607422
fold2,validation,159,23.334863662719727
fold2,validation,160,24.103605270385742
fold2,validation,161,23.228031158447266
fold2,validation,162,23.15052032470703
fold2,validation,163,24.656526565551758
fold2,validation,164,23.23100471496582
fold2,validation,165,23.722803115844727
fold2,validation,166,24.155824661254883
fold2,validation,167,25.0390625
fold2,validation,168,23.626693725585938
fold2,validation,169,23.658008575439453
fold2,validation,170,24.006988525390625
fold2,validation,171,24.346345901489258
fold2,validation,172,23.40066909790039
fold2,validation,173,23.985807418823242
fold2,validation,174,24.224952697753906
fold2,validation,175,24.315832138061523
fold2,validation,176,23.317567825317383
fold2,validation,177,23.841873168945312
fold2,validation,178,23.728384017944336
fold2,validation,179,24.573070526123047
fold2,validation,180,24.552234649658203
fold2,validation,181,24.98525047302246
fold2,validation,182,24.251384735107422
fold2,validation,183,23.60519027709961
fold2,validation,184,23.943424224853516
fold2,validation,185,23.596920013427734
fold2,validation,186,24.282190322875977
fold2,validation,187,23.271516799926758
fold2,validation,188,23.801753997802734
fold2,validation,189,23.665006637573242
fold2,validation,190,23.495882034301758
fold2,validation,191,23.837890625
fold2,validation,192,23.875308990478516
fold2,validation,193,24.027307510375977
fold2,validation,194,23.320884704589844
fold2,validation,195,24.120752334594727
fold2,validation,196,23.3868350982666
fold2,validation,197,24.015016555786133
fold2,validation,198,24.278520584106445
fold2,validation,199,24.219383239746094
fold2,validation,200,23.629047393798828
fold3,training,1,45.25271224975586
fold3,training,2,42.43608093261719
fold3,training,3,40.40239715576172
fold3,training,4,38.36484909057617
fold3,training,5,36.59052658081055
fold3,training,6,35.74091720581055
fold3,training,7,34.570953369140625
fold3,training,8,34.037391662597656
fold3,training,9,32.86880111694336
fold3,training,10,32.378318786621094
fold3,training,11,31.287710189819336
fold3,training,12,30.924747467041016
fold3,training,13,30.093387603759766
fold3,training,14,29.26827621459961
fold3,training,15,29.760025024414062
fold3,training,16,28.855844497680664
fold3,training,17,28.204513549804688
fold3,training,18,27.891666412353516
fold3,training,19,28.000782012939453
fold3,training,20,27.276203155517578
fold3,training,21,27.176597595214844
fold3,training,22,27.222545623779297
fold3,training,23,26.61993408203125
fold3,training,24,25.901226043701172
fold3,training,25,25.86166000366211
fold3,training,26,25.867755889892578
fold3,training,27,25.40159034729004
fold3,training,28,25.34394645690918
fold3,training,29,25.099899291992188
fold3,training,30,24.415931701660156
fold3,training,31,24.56153106689453
fold3,training,32,24.44783592224121
fold3,training,33,24.075519561767578
fold3,training,34,24.06026840209961
fold3,training,35,23.977888107299805
fold3,training,36,24.21882438659668
fold3,training,37,23.386615753173828
fold3,training,38,23.458332061767578
fold3,training,39,23.071922302246094
fold3,training,40,22.899566650390625
fold3,training,41,23.163105010986328
fold3,training,42,22.988115310668945
fold3,training,43,22.896038055419922
fold3,training,44,22.59921646118164
fold3,training,45,22.201879501342773
fold3,training,46,22.704538345336914
fold3,training,47,21.84780502319336
fold3,training,48,22.05958366394043
fold3,training,49,22.27444839477539
fold3,training,50,21.952383041381836
fold3,training,51,22.087265014648438
fold3,training,52,21.535940170288086
fold3,training,53,21.70601463317871
fold3,training,54,22.158231735229492
fold3,training,55,21.555246353149414
fold3,training,56,21.24883460998535
fold3,training,57,21.570661544799805
fold3,training,58,21.293014526367188
fold3,training,59,21.11925506591797
fold3,training,60,21.018299102783203
fold3,training,61,21.32326316833496
fold3,training,62,20.83869743347168
fold3,training,63,21.301509857177734
fold3,training,64,21.35198974609375
fold3,training,65,20.977710723876953
fold3,training,66,20.634782791137695
fold3,training,67,20.75819969177246
fold3,training,68,20.82199478149414
fold3,training,69,20.435930252075195
fold3,training,70,20.38494300842285
fold3,training,71,20.53331756591797
fold3,training,72,20.45768928527832
fold3,training,73,20.208572387695312
fold3,training,74,20.091249465942383
fold3,training,75,20.410934448242188
fold3,training,76,20.245790481567383
fold3,training,77,20.199880599975586
fold3,training,78,20.239543914794922
fold3,training,79,19.843534469604492
fold3,training,80,19.884477615356445
fold3,training,81,19.797433853149414
fold3,training,82,20.140525817871094
fold3,training,83,20.073318481445312
fold3,training,84,19.812307357788086
fold3,training,85,19.796348571777344
fold3,training,86,19.903512954711914
fold3,training,87,19.903642654418945
fold3,training,88,19.43892478942871
fold3,training,89,19.735815048217773
fold3,training,90,19.777292251586914
fold3,training,91,19.55739974975586
fold3,training,92,19.485116958618164
fold3,training,93,19.75383758544922
fold3,training,94,19.209585189819336
fold3,training,95,19.086143493652344
fold3,training,96,19.194835662841797
fold3,training,97,19.222640991210938
fold3,training,98,19.071880340576172
fold3,training,99,19.20856475830078
fold3,training,100,18.87001609802246
fold3,training,101,19.337644577026367
fold3,training,102,19.222612380981445
fold3,training,103,18.880048751831055
fold3,training,104,18.94186019897461
fold3,training,105,18.96659278869629
fold3,training,106,19.157106399536133
fold3,training,107,18.81226921081543
fold3,training,108,19.03731346130371
fold3,training,109,19.10896873474121
fold3,training,110,18.988985061645508
fold3,training,111,18.980880737304688
fold3,training,112,18.822864532470703
fold3,training,113,18.810510635375977
fold3,training,114,19.07805824279785
fold3,training,115,18.911434173583984
fold3,training,116,18.77405548095703
fold3,training,117,18.64107322692871
fold3,training,118,18.48798370361328
fold3,training,119,18.611583709716797
fold3,training,120,18.859167098999023
fold3,training,121,18.348360061645508
fold3,training,122,18.677621841430664
fold3,training,123,18.78224754333496
fold3,training,124,18.412527084350586
fold3,training,125,18.71962547302246
fold3,training,126,18.76083755493164
fold3,training,127,18.431039810180664
fold3,training,128,18.35880470275879
fold3,training,129,18.319639205932617
fold3,training,130,18.444849014282227
fold3,training,131,18.301881790161133
fold3,training,132,18.555997848510742
fold3,training,133,18.465951919555664
fold3,training,134,18.14267349243164
fold3,training,135,18.30561065673828
fold3,training,136,18.47061538696289
fold3,training,137,18.083221435546875
fold3,training,138,18.362773895263672
fold3,training,139,18.21459197998047
fold3,training,140,18.03130531311035
fold3,training,141,18.239307403564453
fold3,training,142,18.04913330078125
fold3,training,143,18.36020851135254
fold3,training,144,18.26076889038086
fold3,training,145,18.1474609375
fold3,training,146,18.249656677246094
fold3,training,147,17.972436904907227
fold3,training,148,18.15382194519043
fold3,training,149,18.361616134643555
fold3,training,150,18.15062713623047
fold3,training,151,17.814483642578125
fold3,training,152,18.125173568725586
fold3,training,153,17.92218017578125
fold3,training,154,18.145668029785156
fold3,training,155,18.0203914642334
fold3,training,156,17.99090576171875
fold3,training,157,17.716453552246094
fold3,training,158,17.9455509185791
fold3,training,159,18.158056259155273
fold3,training,160,17.767932891845703
fold3,training,161,17.881519317626953
fold3,training,162,17.791702270507812
fold3,training,163,17.900596618652344
fold3,training,164,17.921939849853516
fold3,training,165,17.621843338012695
fold3,training,166,18.035615921020508
fold3,training,167,17.632394790649414
fold3,training,168,17.482057571411133
fold3,training,169,17.830345153808594
fold3,training,170,17.893577575683594
fold3,training,171,17.756315231323242
fold3,training,172,17.876123428344727
fold3,training,173,17.8295841217041
fold3,training,174,17.84902000427246
fold3,training,175,17.764406204223633
fold3,training,176,18.012102127075195
fold3,training,177,17.519248962402344
fold3,training,178,17.12395477294922
fold3,training,179,17.67797088623047
fold3,training,180,17.90264320373535
fold3,training,181,17.564786911010742
fold3,training,182,17.606037139892578
fold3,training,183,17.70688247680664
fold3,training,184,17.71017837524414
fold3,training,185,17.556241989135742
fold3,training,186,17.654024124145508
fold3,training,187,17.78508758544922
fold3,training,188,17.397321701049805
fold3,training,189,17.306427001953125
fold3,training,190,17.55602264404297
fold3,training,191,17.800975799560547
fold3,training,192,17.404897689819336
fold3,training,193,17.446590423583984
fold3,training,194,17.578516006469727
fold3,training,195,17.570444107055664
fold3,training,196,17.62554168701172
fold3,training,197,17.415006637573242
fold3,training,198,17.655935287475586
fold3,training,199,17.521747589111328
fold3,training,200,17.83567237854004
fold3,validation,1,45.76885986328125
fold3,validation,2,44.946205139160156
fold3,validation,3,41.808441162109375
fold3,validation,4,41.5511474609375
fold3,validation,5,39.64015579223633
fold3,validation,6,37.5882568359375
fold3,validation,7,37.45914840698242
fold3,validation,8,35.48240661621094
fold3,validation,9,36.51762771606445
fold3,validation,10,36.33594512939453
fold3,validation,11,34.06991958618164
fold3,validation,12,34.493247985839844
fold3,validation,13,33.266990661621094
fold3,validation,14,32.876373291015625
fold3,validation,15,33.0857048034668
fold3,validation,16,33.08002853393555
fold3,validation,17,31.304418563842773
fold3,validation,18,32.3736686706543
fold3,validation,19,30.80817413330078
fold3,validation,20,30.72894287109375
fold3,validation,21,30.190853118896484
fold3,validation,22,31.3233585357666
fold3,validation,23,30.796098709106445
fold3,validation,24,31.1176815032959
fold3,validation,25,30.11556053161621
fold3,validation,26,29.744436264038086
fold3,validation,27,29.78938865661621
fold3,validation,28,29.241891860961914
fold3,validation,29,30.058921813964844
fold3,validation,30,28.230037689208984
fold3,validation,31,30.0939884185791
fold3,validation,32,28.2149600982666
fold3,validation,33,28.959909439086914
fold3,validation,34,27.74981689453125
fold3,validation,35,27.89390754699707
fold3,validation,36,27.947444915771484
fold3,validation,37,27.402116775512695
fold3,validation,38,27.84048080444336
fold3,validation,39,28.817964553833008
fold3,validation,40,27.614585876464844
fold3,validation,41,27.874773025512695
fold3,validation,42,27.89567756652832
fold3,validation,43,27.95365333557129
fold3,validation,44,28.064725875854492
fold3,validation,45,27.265972137451172
fold3,validation,46,28.186246871948242
fold3,validation,47,26.335838317871094
fold3,validation,48,26.724735260009766
fold3,validation,49,27.547405242919922
fold3,validation,50,26.68299102783203
fold3,validation,51,27.39173126220703
fold3,validation,52,27.03169059753418
fold3,validation,53,25.574398040771484
fold3,validation,54,27.655237197875977
fold3,validation,55,26.71233558654785
fold3,validation,56,26.70851707458496
fold3,validation,57,27.694162368774414
fold3,validation,58,28.030412673950195
fold3,validation,59,26.1178035736084
fold3,validation,60,26.45519256591797
fold3,validation,61,26.23566436767578
fold3,validation,62,26.224512100219727
fold3,validation,63,26.323348999023438
fold3,validation,64,26.762598037719727
fold3,validation,65,25.923025131225586
fold3,validation,66,26.831890106201172
fold3,validation,67,27.03800392150879
fold3,validation,68,25.474393844604492
fold3,validation,69,24.878374099731445
fold3,validation,70,25.78582000732422
fold3,validation,71,26.569854736328125
fold3,validation,72,25.90583610534668
fold3,validation,73,26.379600524902344
fold3,validation,74,25.989643096923828
fold3,validation,75,27.068038940429688
fold3,validation,76,25.673444747924805
fold3,validation,77,25.76289176940918
fold3,validation,78,26.07651710510254
fold3,validation,79,25.726892471313477
fold3,validation,80,26.28371810913086
fold3,validation,81,25.75945281982422
fold3,validation,82,26.096866607666016
fold3,validation,83,26.253938674926758
fold3,validation,84,25.657299041748047
fold3,validation,85,25.311664581298828
fold3,validation,86,25.816017150878906
fold3,validation,87,25.2830867767334
fold3,validation,88,25.403547286987305
fold3,validation,89,25.940853118896484
fold3,validation,90,24.361597061157227
fold3,validation,91,25.276317596435547
fold3,validation,92,25.136980056762695
fold3,validation,93,25.728633880615234
fold3,validation,94,25.621749877929688
fold3,validation,95,26.098169326782227
fold3,validation,96,26.111013412475586
fold3,validation,97,24.239246368408203
fold3,validation,98,25.18805503845215
fold3,validation,99,25.704973220825195
fold3,validation,100,25.39617919921875
fold3,validation,101,25.332977294921875
fold3,validation,102,25.20160484313965
fold3,validation,103,25.395631790161133
fold3,validation,104,24.63230323791504
fold3,validation,105,24.56230926513672
fold3,validation,106,25.543439865112305
fold3,validation,107,25.525314331054688
fold3,validation,108,25.88621711730957
fold3,validation,109,24.66484260559082
fold3,validation,110,25.05780601501465
fold3,validation,111,25.414358139038086
fold3,validation,112,24.92993927001953
fold3,validation,113,24.99991226196289
fold3,validation,114,23.75969886779785
fold3,validation,115,24.62192153930664
fold3,validation,116,25.546844482421875
fold3,validation,117,25.548416137695312
fold3,validation,118,25.21877098083496
fold3,validation,119,24.67396354675293
fold3,validation,120,25.30027198791504
fold3,validation,121,24.46114158630371
fold3,validation,122,24.75550651550293
fold3,validation,123,25.36402702331543
fold3,validation,124,25.184429168701172
fold3,validation,125,24.33597183227539
fold3,validation,126,25.156599044799805
fold3,validation,127,25.1499080657959
fold3,validation,128,24.108409881591797
fold3,validation,129,25.603363037109375
fold3,validation,130,25.6136531829834
fold3,validation,131,24.79741668701172
fold3,validation,132,24.818984985351562
fold3,validation,133,24.298053741455078
fold3,validation,134,24.9100341796875
fold3,validation,135,24.539363861083984
fold3,validation,136,24.799335479736328
fold3,validation,137,25.116893768310547
fold3,validation,138,24.64251708984375
fold3,validation,139,24.70256996154785
fold3,validation,140,25.9228515625
fold3,validation,141,24.978452682495117
fold3,validation,142,24.306289672851562
fold3,validation,143,24.65285301208496
fold3,validation,144,24.44490623474121
fold3,validation,145,25.185705184936523
fold3,validation,146,24.414161682128906
fold3,validation,147,24.964515686035156
fold3,validation,148,24.95149040222168
fold3,validation,149,25.321746826171875
fold3,validation,150,25.601024627685547
fold3,validation,151,24.305208206176758
fold3,validation,152,25.466781616210938
fold3,validation,153,23.859394073486328
fold3,validation,154,24.812328338623047
fold3,validation,155,25.02918815612793
fold3,validation,156,24.754920959472656
fold3,validation,157,24.578893661499023
fold3,validation,158,24.67417335510254
fold3,validation,159,25.123477935791016
fold3,validation,160,25.73930549621582
fold3,validation,161,24.499391555786133
fold3,validation,162,23.92591094970703
fold3,validation,163,24.68170166015625
fold3,validation,164,24.520692825317383
fold3,validation,165,24.28745460510254
fold3,validation,166,24.68370246887207
fold3,validation,167,24.96282386779785
fold3,validation,168,24.61457633972168
fold3,validation,169,24.23790168762207
fold3,validation,170,23.75852394104004
fold3,validation,171,25.230607986450195
fold3,validation,172,24.489233016967773
fold3,validation,173,24.984256744384766
fold3,validation,174,24.136507034301758
fold3,validation,175,24.75750160217285
fold3,validation,176,25.485172271728516
fold3,validation,177,24.570716857910156
fold3,validation,178,24.270727157592773
fold3,validation,179,24.93756866455078
fold3,validation,180,24.266468048095703
fold3,validation,181,24.215757369995117
fold3,validation,182,24.63234519958496
fold3,validation,183,24.511079788208008
fold3,validation,184,24.0971736907959
fold3,validation,185,24.551788330078125
fold3,validation,186,24.030332565307617
fold3,validation,187,24.753982543945312
fold3,validation,188,24.50731658935547
fold3,validation,189,23.298635482788086
fold3,validation,190,24.34099578857422
fold3,validation,191,24.747777938842773
fold3,validation,192,24.248838424682617
fold3,validation,193,23.920480728149414
fold3,validation,194,24.97633934020996
fold3,validation,195,24.56008529663086
fold3,validation,196,24.737632751464844
fold3,validation,197,24.375659942626953
fold3,validation,198,23.82575225830078
fold3,validation,199,24.092241287231445
fold3,validation,200,24.79270362854004
fold4,training,1,46.164859771728516
fold4,training,2,43.952266693115234
fold4,training,3,40.97041320800781
fold4,training,4,39.412967681884766
fold4,training,5,37.35719680786133
fold4,training,6,36.623779296875
fold4,training,7,35.55490493774414
fold4,training,8,34.850337982177734
fold4,training,9,33.25493621826172
fold4,training,10,32.81582260131836
fold4,training,11,32.34992599487305
fold4,training,12,31.777345657348633
fold4,training,13,30.982099533081055
fold4,training,14,30.123327255249023
fold4,training,15,30.092199325561523
fold4,training,16,29.43006706237793
fold4,training,17,29.197336196899414
fold4,training,18,28.60875701904297
fold4,training,19,28.38082504272461
fold4,training,20,28.125926971435547
fold4,training,21,27.125642776489258
fold4,training,22,27.247541427612305
fold4,training,23,26.587764739990234
fold4,training,24,26.220767974853516
fold4,training,25,26.187667846679688
fold4,training,26,25.750839233398438
fold4,training,27,25.595272064208984
fold4,training,28,24.88871955871582
fold4,training,29,25.289365768432617
fold4,training,30,25.324413299560547
fold4,training,31,24.98917007446289
fold4,training,32,24.035341262817383
fold4,training,33,23.81892204284668
fold4,training,34,24.425687789916992
fold4,training,35,23.61550521850586
fold4,training,36,24.27500343322754
fold4,training,37,23.816925048828125
fold4,training,38,23.796842575073242
fold4,training,39,23.426803588867188
fold4,training,40,23.377805709838867
fold4,training,41,23.227828979492188
fold4,training,42,23.154123306274414
fold4,training,43,23.252033233642578
fold4,training,44,22.337146759033203
fold4,training,45,23.226652145385742
fold4,training,46,23.03286361694336
fold4,training,47,22.78277015686035
fold4,training,48,22.666542053222656
fold4,training,49,22.18901252746582
fold4,training,50,22.167953491210938
fold4,training,51,22.104860305786133
fold4,training,52,22.2086124420166
fold4,training,53,21.9952392578125
fold4,training,54,21.682296752929688
fold4,training,55,21.831106185913086
fold4,training,56,21.928739547729492
fold4,training,57,21.870662689208984
fold4,training,58,21.545663833618164
fold4,training,59,21.576683044433594
fold4,training,60,21.764772415161133
fold4,training,61,21.653348922729492
fold4,training,62,21.51209831237793
fold4,training,63,20.95995330810547
fold4,training,64,20.99454689025879
fold4,training,65,20.87496566772461
fold4,training,66,20.854496002197266
fold4,training,67,21.168384552001953
fold4,training,68,20.690834045410156
fold4,training,69,20.68587303161621
fold4,training,70,20.850238800048828
fold4,training,71,20.717241287231445
fold4,training,72,20.580093383789062
fold4,training,73,20.380294799804688
fold4,training,74,20.292287826538086
fold4,training,75,20.221166610717773
fold4,training,76,20.434743881225586
fold4,training,77,20.491668701171875
fold4,training,78,20.108375549316406
fold4,training,79,20.1405086517334
fold4,training,80,20.11429786682129
fold4,training,81,19.971874237060547
fold4,training,82,20.358015060424805
fold4,training,83,19.99305534362793
fold4,training,84,19.749229431152344
fold4,training,85,19.864458084106445
fold4,training,86,19.58441162109375
fold4,training,87,19.766685485839844
fold4,training,88,19.813825607299805
fold4,training,89,19.614086151123047
fold4,training,90,19.982280731201172
fold4,training,91,19.61957359313965
fold4,training,92,19.536529541015625
fold4,training,93,19.551376342773438
fold4,training,94,19.505556106567383
fold4,training,95,19.277929306030273
fold4,training,96,19.174320220947266
fold4,training,97,19.660770416259766
fold4,training,98,19.42696762084961
fold4,training,99,19.190715789794922
fold4,training,100,19.23746109008789
fold4,training,101,19.36477279663086
fold4,training,102,18.995193481445312
fold4,training,103,18.953569412231445
fold4,training,104,18.978984832763672
fold4,training,105,19.196134567260742
fold4,training,106,19.1602840423584
fold4,training,107,19.30320167541504
fold4,training,108,19.132694244384766
fold4,training,109,19.313919067382812
fold4,training,110,18.621694564819336
fold4,training,111,18.84535789489746
fold4,training,112,19.080448150634766
fold4,training,113,19.3241024017334
fold4,training,114,18.918615341186523
fold4,training,115,18.97231101989746
fold4,training,116,18.8075008392334
fold4,training,117,18.402278900146484
fold4,training,118,18.665748596191406
fold4,training,119,18.672229766845703
fold4,training,120,19.145322799682617
fold4,training,121,19.17013931274414
fold4,training,122,18.835214614868164
fold4,training,123,18.42519760131836
fold4,training,124,18.81313705444336
fold4,training,125,18.588268280029297
fold4,training,126,18.625831604003906
fold4,training,127,18.785676956176758
fold4,training,128,18.48505401611328
fold4,training,129,18.910837173461914
fold4,training,130,19.016754150390625
fold4,training,131,18.555301666259766
fold4,training,132,18.66326141357422
fold4,training,133,18.39060401916504
fold4,training,134,18.57208251953125
fold4,training,135,18.794246673583984
fold4,training,136,18.800432205200195
fold4,training,137,18.60114097595215
fold4,training,138,18.574472427368164
fold4,training,139,18.761030197143555
fold4,training,140,18.5989990234375
fold4,training,141,18.61387825012207
fold4,training,142,18.54440689086914
fold4,training,143,18.175275802612305
fold4,training,144,18.351398468017578
fold4,training,145,18.28213882446289
fold4,training,146,18.278060913085938
fold4,training,147,18.156648635864258
fold4,training,148,18.378711700439453
fold4,training,149,18.01453971862793
fold4,training,150,18.31788444519043
fold4,training,151,18.367677688598633
fold4,training,152,17.878225326538086
fold4,training,153,18.193607330322266
fold4,training,154,18.397695541381836
fold4,training,155,17.885417938232422
fold4,training,156,17.937448501586914
fold4,training,157,18.03524398803711
fold4,training,158,18.254636764526367
fold4,training,159,18.01877784729004
fold4,training,160,17.906307220458984
fold4,training,161,17.916614532470703
fold4,training,162,18.165809631347656
fold4,training,163,17.818275451660156
fold4,training,164,17.907154083251953
fold4,training,165,17.75123405456543
fold4,training,166,17.895456314086914
fold4,training,167,17.863651275634766
fold4,training,168,18.162317276000977
fold4,training,169,18.014759063720703
fold4,training,170,17.77739715576172
fold4,training,171,17.848695755004883
fold4,training,172,17.986438751220703
fold4,training,173,17.98231315612793
fold4,training,174,18.023754119873047
fold4,training,175,17.476591110229492
fold4,training,176,17.748580932617188
fold4,training,177,17.94826889038086
fold4,training,178,17.671049118041992
fold4,training,179,17.376142501831055
fold4,training,180,17.76131248474121
fold4,training,181,17.873489379882812
fold4,training,182,17.994474411010742
fold4,training,183,17.711687088012695
fold4,training,184,17.38555335998535
fold4,training,185,17.564834594726562
fold4,training,186,17.363019943237305
fold4,training,187,17.87339210510254
fold4,training,188,18.002769470214844
fold4,training,189,17.397869110107422
fold4,training,190,17.65932273864746
fold4,training,191,17.86380958557129
fold4,training,192,17.610319137573242
fold4,training,193,17.535091400146484
fold4,training,194,17.77716636657715
fold4,training,195,17.57327651977539
fold4,training,196,17.22964096069336
fold4,training,197,17.433208465576172
fold4,training,198,17.444684982299805
fold4,training,199,17.5519962310791
fold4,training,200,17.35782241821289
fold4,validation,1,41.23415756225586
fold4,validation,2,39.6799430847168
fold4,validation,3,39.97782897949219
fold4,validation,4,37.48101806640625
fold4,validation,5,35.24272155761719
fold4,validation,6,35.11771774291992
fold4,validation,7,33.0500602722168
fold4,validation,8,33.74039077758789
fold4,validation,9,31.52018928527832
fold4,validation,10,32.893795013427734
fold4,validation,11,31.684661865234375
fold4,validation,12,30.70460319519043
fold4,validation,13,31.074356079101562
fold4,validation,14,30.06316375732422
fold4,validation,15,30.582548141479492
fold4,validation,16,28.791629791259766
fold4,validation,17,29.404075622558594
fold4,validation,18,28.7614688873291
fold4,validation,19,28.43330955505371
fold4,validation,20,27.709270477294922
fold4,validation,21,28.821269989013672
fold4,validation,22,28.044485092163086
fold4,validation,23,27.69234275817871
fold4,validation,24,27.477590560913086
fold4,validation,25,27.422855377197266
fold4,validation,26,27.2219181060791
fold4,validation,27,27.815738677978516
fold4,validation,28,26.5855712890625
fold4,validation,29,27.281713485717773
fold4,validation,30,25.8820858001709
fold4,validation,31,27.036664962768555
fold4,validation,32,26.5168399810791
fold4,validation,33,26.224590301513672
fold4,validation,34,26.42831039428711
fold4,validation,35,26.454065322875977
fold4,validation,36,26.468219757080078
fold4,validation,37,25.8944149017334
fold4,validation,38,26.289546966552734
fold4,validation,39,26.100383758544922
fold4,validation,40,25.233186721801758
fold4,validation,41,26.13378143310547
fold4,validation,42,25.73431396484375
fold4,validation,43,25.656076431274414
fold4,validation,44,24.576183319091797
fold4,validation,45,26.2114315032959
fold4,validation,46,26.432754516601562
fold4,validation,47,25.006052017211914
fold4,validation,48,25.621200561523438
fold4,validation,49,25.264129638671875
fold4,validation,50,24.95345687866211
fold4,validation,51,25.5903263092041
fold4,validation,52,26.390544891357422
fold4,validation,53,24.40614891052246
fold4,validation,54,24.341758728027344
fold4,validation,55,24.949806213378906
fold4,validation,56,25.14531898498535
fold4,validation,57,24.346704483032227
fold4,validation,58,25.56329345703125
fold4,validation,59,24.02571678161621
fold4,validation,60,24.520889282226562
fold4,validation,61,25.080345153808594
fold4,validation,62,24.573928833007812
fold4,validation,63,25.22758674621582
fold4,validation,64,24.548002243041992
fold4,validation,65,24.111679077148438
fold4,validation,66,24.205598831176758
fold4,validation,67,25.365949630737305
fold4,validation,68,24.443439483642578
fold4,validation,69,24.591760635375977
fold4,validation,70,24.273681640625
fold4,validation,71,24.883180618286133
fold4,validation,72,24.35230827331543
fold4,validation,73,23.455732345581055
fold4,validation,74,23.88486671447754
fold4,validation,75,23.963529586791992
fold4,validation,76,24.44066047668457
fold4,validation,77,24.70624351501465
fold4,validation,78,23.67807388305664
fold4,validation,79,23.802824020385742
fold4,validation,80,23.78978157043457
fold4,validation,81,24.135610580444336
fold4,validation,82,24.64975357055664
fold4,validation,83,24.425199508666992
fold4,validation,84,23.9823055267334
fold4,validation,85,24.692554473876953
fold4,validation,86,24.192163467407227
fold4,validation,87,24.630611419677734
fold4,validation,88,23.87590217590332
fold4,validation,89,24.2098388671875
fold4,validation,90,23.4422664642334
fold4,validation,91,24.099456787109375
fold4,validation,92,23.24732208251953
fold4,validation,93,23.423643112182617
fold4,validation,94,23.28554344177246
fold4,validation,95,25.41518211364746
fold4,validation,96,23.55132484436035
fold4,validation,97,23.708208084106445
fold4,validation,98,24.23045539855957
fold4,validation,99,23.861209869384766
fold4,validation,100,24.352890014648438
fold4,validation,101,24.782609939575195
fold4,validation,102,24.20916748046875
fold4,validation,103,24.445581436157227
fold4,validation,104,23.708253860473633
fold4,validation,105,24.20962142944336
fold4,validation,106,24.00408172607422
fold4,validation,107,23.94801902770996
fold4,validation,108,23.102928161621094
fold4,validation,109,23.445192337036133
fold4,validation,110,22.90325355529785
fold4,validation,111,23.68431282043457
fold4,validation,112,23.73098373413086
fold4,validation,113,23.103660583496094
fold4,validation,114,23.210426330566406
fold4,validation,115,23.33580780029297
fold4,validation,116,23.66044044494629
fold4,validation,117,24.45983123779297
fold4,validation,118,23.76503562927246
fold4,validation,119,23.454607009887695
fold4,validation,120,22.849008560180664
fold4,validation,121,23.674772262573242
fold4,validation,122,22.909059524536133
fold4,validation,123,23.836963653564453
fold4,validation,124,23.529216766357422
fold4,validation,125,23.442909240722656
fold4,validation,126,24.199522018432617
fold4,validation,127,22.61737060546875
fold4,validation,128,23.105205535888672
fold4,validation,129,23.9019775390625
fold4,validation,130,23.41596794128418
fold4,validation,131,22.229215621948242
fold4,validation,132,23.18705177307129
fold4,validation,133,24.231115341186523
fold4,validation,134,24.0462646484375
fold4,validation,135,23.30507469177246
fold4,validation,136,23.613248825073242
fold4,validation,137,23.691625595092773
fold4,validation,138,23.621931076049805
fold4,validation,139,24.468538284301758
fold4,validation,140,23.3306941986084
fold4,validation,141,24.140302658081055
fold4,validation,142,23.328824996948242
fold4,validation,143,23.707447052001953
fold4,validation,144,23.449188232421875
fold4,validation,145,23.616533279418945
fold4,validation,146,23.860218048095703
fold4,validation,147,23.31160545349121
fold4,validation,148,23.33354949951172
fold4,validation,149,23.638437271118164
fold4,validation,150,23.54286766052246
fold4,validation,151,23.787677764892578
fold4,validation,152,22.77679443359375
fold4,validation,153,23.21199607849121
fold4,validation,154,23.774477005004883
fold4,validation,155,24.24734115600586
fold4,validation,156,22.109773635864258
fold4,validation,157,23.777984619140625
fold4,validation,158,23.172849655151367
fold4,validation,159,23.202003479003906
fold4,validation,160,23.8037109375
fold4,validation,161,22.72820281982422
fold4,validation,162,23.779356002807617
fold4,validation,163,23.874197006225586
fold4,validation,164,22.75364875793457
fold4,validation,165,22.864870071411133
fold4,validation,166,22.53501319885254
fold4,validation,167,23.051706314086914
fold4,validation,168,23.847827911376953
fold4,validation,169,23.09746551513672
fold4,validation,170,22.548444747924805
fold4,validation,171,22.651330947875977
fold4,validation,172,23.128591537475586
fold4,validation,173,23.328096389770508
fold4,validation,174,22.68834686279297
fold4,validation,175,23.3994197845459
fold4,validation,176,22.93670082092285
fold4,validation,177,23.151012420654297
fold4,validation,178,23.35746955871582
fold4,validation,179,22.891420364379883
fold4,validation,180,24.20659637451172
fold4,validation,181,22.825618743896484
fold4,validation,182,22.552532196044922
fold4,validation,183,22.94624900817871
fold4,validation,184,23.67765235900879
fold4,validation,185,24.467601776123047
fold4,validation,186,23.820310592651367
fold4,validation,187,22.104774475097656
fold4,validation,188,23.01798439025879
fold4,validation,189,23.584136962890625
fold4,validation,190,23.122169494628906
fold4,validation,191,22.940780639648438
fold4,validation,192,23.466007232666016
fold4,validation,193,22.505346298217773
fold4,validation,194,23.031131744384766
fold4,validation,195,23.634294509887695
fold4,validation,196,23.69232940673828
fold4,validation,197,23.465744018554688
fold4,validation,198,23.170927047729492
fold4,validation,199,23.94394302368164
fold4,validation,200,23.41313362121582
fold5,training,1,44.825889587402344
fold5,training,2,41.48432540893555
fold5,training,3,39.81264114379883
fold5,training,4,37.80152893066406
fold5,training,5,36.97652816772461
fold5,training,6,35.615726470947266
fold5,training,7,34.951934814453125
fold5,training,8,33.67640686035156
fold5,training,9,32.54420471191406
fold5,training,10,31.48143768310547
fold5,training,11,30.804243087768555
fold5,training,12,30.438669204711914
fold5,training,13,29.49028968811035
fold5,training,14,29.403841018676758
fold5,training,15,28.815397262573242
fold5,training,16,28.875638961791992
fold5,training,17,27.17330551147461
fold5,training,18,27.119041442871094
fold5,training,19,26.829113006591797
fold5,training,20,26.82862663269043
fold5,training,21,26.61309814453125
fold5,training,22,26.334867477416992
fold5,training,23,25.46816062927246
fold5,training,24,24.873186111450195
fold5,training,25,25.50642967224121
fold5,training,26,24.96920394897461
fold5,training,27,24.921066284179688
fold5,training,28,24.515291213989258
fold5,training,29,24.434118270874023
fold5,training,30,23.945295333862305
fold5,training,31,24.179706573486328
fold5,training,32,23.963388442993164
fold5,training,33,23.80092430114746
fold5,training,34,23.49323272705078
fold5,training,35,23.533981323242188
fold5,training,36,23.10446548461914
fold5,training,37,22.852352142333984
fold5,training,38,23.501615524291992
fold5,training,39,22.623279571533203
fold5,training,40,22.626018524169922
fold5,training,41,22.84882354736328
fold5,training,42,22.316160202026367
fold5,training,43,22.37967300415039
fold5,training,44,22.2357234954834
fold5,training,45,21.87498664855957
fold5,training,46,21.892030715942383
fold5,training,47,21.91639518737793
fold5,training,48,22.286151885986328
fold5,training,49,21.73715591430664
fold5,training,50,21.389068603515625
fold5,training,51,21.907665252685547
fold5,training,52,21.211130142211914
fold5,training,53,21.318559646606445
fold5,training,54,21.503177642822266
fold5,training,55,20.646305084228516
fold5,training,56,20.5372314453125
fold5,training,57,20.71575927734375
fold5,training,58,20.80820655822754
fold5,training,59,21.02745246887207
fold5,training,60,20.68063735961914
fold5,training,61,20.546247482299805
fold5,training,62,20.582229614257812
fold5,training,63,20.214075088500977
fold5,training,64,20.67513084411621
fold5,training,65,20.462305068969727
fold5,training,66,20.191362380981445
fold5,training,67,20.48172378540039
fold5,training,68,20.51774024963379
fold5,training,69,20.062585830688477
fold5,training,70,19.90100860595703
fold5,training,71,19.563993453979492
fold5,training,72,19.958406448364258
fold5,training,73,19.972110748291016
fold5,training,74,19.97368621826172
fold5,training,75,20.056596755981445
fold5,training,76,19.953134536743164
fold5,training,77,19.434677124023438
fold5,training,78,19.548934936523438
fold5,training,79,19.713817596435547
fold5,training,80,19.54659080505371
fold5,training,81,19.75465965270996
fold5,training,82,19.42686653137207
fold5,training,83,19.204936981201172
fold5,training,84,19.156068801879883
fold5,training,85,19.439382553100586
fold5,training,86,19.649473190307617
fold5,training,87,19.29304313659668
fold5,training,88,19.174448013305664
fold5,training,89,18.98225975036621
fold5,training,90,19.108749389648438
fold5,training,91,19.203773498535156
fold5,training,92,19.02642822265625
fold5,training,93,19.03638458251953
fold5,training,94,19.29581642150879
fold5,training,95,19.0565185546875
fold5,training,96,18.84349822998047
fold5,training,97,19.02539825439453
fold5,training,98,19.0356388092041
fold5,training,99,19.171850204467773
fold5,training,100,18.685468673706055
fold5,training,101,18.959747314453125
fold5,training,102,18.542987823486328
fold5,training,103,18.93317413330078
fold5,training,104,18.884235382080078
fold5,training,105,18.89409065246582
fold5,training,106,18.68573760986328
fold5,training,107,18.99765396118164
fold5,training,108,18.92600440979004
fold5,training,109,18.778818130493164
fold5,training,110,18.491952896118164
fold5,training,111,18.64678955078125
fold5,training,112,18.677988052368164
fold5,training,113,18.668548583984375
fold5,training,114,18.466684341430664
fold5,training,115,18.435075759887695
fold5,training,116,18.45665168762207
fold5,training,117,18.299848556518555
fold5,training,118,18.047607421875
fold5,training,119,18.568504333496094
fold5,training,120,18.621767044067383
fold5,training,121,18.09546661376953
fold5,training,122,18.30759048461914
fold5,training,123,18.39638328552246
fold5,training,124,18.05916404724121
fold5,training,125,18.407529830932617
fold5,training,126,18.507957458496094
fold5,training,127,18.196378707885742
fold5,training,128,18.033239364624023
fold5,training,129,18.13859748840332
fold5,training,130,18.204214096069336
fold5,training,131,18.08165168762207
fold5,training,132,18.39044189453125
fold5,training,133,18.076566696166992
fold5,training,134,18.101003646850586
fold5,training,135,17.55841064453125
fold5,training,136,18.070165634155273
fold5,training,137,17.962764739990234
fold5,training,138,18.400230407714844
fold5,training,139,17.875913619995117
fold5,training,140,17.942659378051758
fold5,training,141,18.314918518066406
fold5,training,142,18.139245986938477
fold5,training,143,18.133649826049805
fold5,training,144,18.22273826599121
fold5,training,145,17.81578254699707
fold5,training,146,17.788244247436523
fold5,training,147,17.718875885009766
fold5,training,148,17.977012634277344
fold5,training,149,17.584033966064453
fold5,training,150,17.813976287841797
fold5,training,151,17.927427291870117
fold5,training,152,17.76797866821289
fold5,training,153,17.722455978393555
fold5,training,154,17.499059677124023
fold5,training,155,17.677244186401367
fold5,training,156,17.299495697021484
fold5,training,157,17.56500816345215
fold5,training,158,17.90863800048828
fold5,training,159,17.45167350769043
fold5,training,160,17.944116592407227
fold5,training,161,17.66943359375
fold5,training,162,17.57204246520996
fold5,training,163,17.252708435058594
fold5,training,164,17.744279861450195
fold5,training,165,17.408845901489258
fold5,training,166,17.594823837280273
fold5,training,167,17.3234806060791
fold5,training,168,17.834177017211914
fold5,training,169,17.581880569458008
fold5,training,170,17.75792121887207
fold5,training,171,17.679227828979492
fold5,training,172,17.431697845458984
fold5,training,173,17.529024124145508
fold5,training,174,17.209190368652344
fold5,training,175,17.60930633544922
fold5,training,176,17.9476375579834
fold5,training,177,17.66147232055664
fold5,training,178,17.705852508544922
fold5,training,179,17.736366271972656
fold5,training,180,17.26702308654785
fold5,training,181,17.480941772460938
fold5,training,182,17.46429443359375
fold5,training,183,17.561382293701172
fold5,training,184,17.523578643798828
fold5,training,185,17.007280349731445
fold5,training,186,17.21041488647461
fold5,training,187,17.23765754699707
fold5,training,188,17.364360809326172
fold5,training,189,17.301837921142578
fold5,training,190,17.35505485534668
fold5,training,191,16.98086929321289
fold5,training,192,17.16597557067871
fold5,training,193,17.37289810180664
fold5,training,194,17.04141616821289
fold5,training,195,17.199569702148438
fold5,training,196,17.31722068786621
fold5,training,197,17.521591186523438
fold5,training,198,17.284114837646484
fold5,training,199,17.19928741455078
fold5,training,200,17.26386833190918
fold5,validation,1,46.16429901123047
fold5,validation,2,44.322444915771484
fold5,validation,3,42.605831146240234
fold5,validation,4,42.12295913696289
fold5,validation,5,40.328609466552734
fold5,validation,6,39.49394989013672
fold5,validation,7,38.83415603637695
fold5,validation,8,37.99925231933594
fold5,validation,9,37.75569152832031
fold5,validation,10,36.29304122924805
fold5,validation,11,37.08427810668945
fold5,validation,12,35.9390869140625
fold5,validation,13,37.20446014404297
fold5,validation,14,34.27093505859375
fold5,validation,15,35.54913330078125
fold5,validation,16,35.10176086425781
fold5,validation,17,34.53445053100586
fold5,validation,18,34.51616287231445
fold5,validation,19,34.68328857421875
fold5,validation,20,33.74543380737305
fold5,validation,21,32.68047332763672
fold5,validation,22,33.51194381713867
fold5,validation,23,33.34450912475586
fold5,validation,24,32.69721984863281
fold5,validation,25,32.802101135253906
fold5,validation,26,32.672176361083984
fold5,validation,27,32.58549118041992
fold5,validation,28,32.73750686645508
fold5,validation,29,32.27486801147461
fold5,validation,30,32.39518737792969
fold5,validation,31,31.849794387817383
fold5,validation,32,31.153108596801758
fold5,validation,33,31.548288345336914
fold5,validation,34,32.24866485595703
fold5,validation,35,30.582469940185547
fold5,validation,36,31.030986785888672
fold5,validation,37,32.38718795776367
fold5,validation,38,32.36075210571289
fold5,validation,39,30.74527931213379
fold5,validation,40,31.193302154541016
fold5,validation,41,30.994098663330078
fold5,validation,42,31.221363067626953
fold5,validation,43,31.299739837646484
fold5,validation,44,30.233518600463867
fold5,validation,45,29.998722076416016
fold5,validation,46,30.444448471069336
fold5,validation,47,30.41905975341797
fold5,validation,48,30.11716651916504
fold5,validation,49,30.246627807617188
fold5,validation,50,30.527462005615234
fold5,validation,51,30.36347770690918
fold5,validation,52,30.25925064086914
fold5,validation,53,29.301803588867188
fold5,validation,54,29.970840454101562
fold5,validation,55,29.980506896972656
fold5,validation,56,30.6008243560791
fold5,validation,57,30.405630111694336
fold5,validation,58,30.030534744262695
fold5,validation,59,30.214120864868164
fold5,validation,60,29.948801040649414
fold5,validation,61,29.359678268432617
fold5,validation,62,29.107559204101562
fold5,validation,63,30.215438842773438
fold5,validation,64,30.28754234313965
fold5,validation,65,29.82892417907715
fold5,validation,66,30.056882858276367
fold5,validation,67,29.230667114257812
fold5,validation,68,30.143075942993164
fold5,validation,69,29.813051223754883
fold5,validation,70,30.383813858032227
fold5,validation,71,28.935379028320312
fold5,validation,72,30.02442169189453
fold5,validation,73,29.977909088134766
fold5,validation,74,29.0033016204834
fold5,validation,75,29.921737670898438
fold5,validation,76,29.977628707885742
fold5,validation,77,29.823665618896484
fold5,validation,78,29.10004425048828
fold5,validation,79,29.492738723754883
fold5,validation,80,28.633798599243164
fold5,validation,81,29.036893844604492
fold5,validation,82,29.484619140625
fold5,validation,83,29.93344497680664
fold5,validation,84,29.001134872436523
fold5,validation,85,30.18571662902832
fold5,validation,86,28.07457733154297
fold5,validation,87,29.298757553100586
fold5,validation,88,29.142593383789062
fold5,validation,89,29.9222354888916
fold5,validation,90,29.44944953918457
fold5,validation,91,28.92105484008789
fold5,validation,92,28.47431182861328
fold5,validation,93,28.92997169494629
fold5,validation,94,29.13857078552246
fold5,validation,95,29.28815269470215
fold5,validation,96,29.297557830810547
fold5,validation,97,29.401792526245117
fold5,validation,98,28.97975730895996
fold5,validation,99,29.469209671020508
fold5,validation,100,28.861207962036133
fold5,validation,101,28.51875877380371
fold5,validation,102,29.457761764526367
fold5,validation,103,28.03203010559082
fold5,validation,104,28.70159339904785
fold5,validation,105,28.721454620361328
fold5,validation,106,29.546438217163086
fold5,validation,107,28.552703857421875
fold5,validation,108,28.600194931030273
fold5,validation,109,28.805679321289062
fold5,validation,110,28.825767517089844
fold5,validation,111,28.63804817199707
fold5,validation,112,29.02395248413086
fold5,validation,113,28.711267471313477
fold5,validation,114,29.86975860595703
fold5,validation,115,29.15077018737793
fold5,validation,116,29.34496307373047
fold5,validation,117,28.67489242553711
fold5,validation,118,29.590667724609375
fold5,validation,119,29.03778076171875
fold5,validation,120,28.676067352294922
fold5,validation,121,29.176456451416016
fold5,validation,122,29.120107650756836
fold5,validation,123,28.563587188720703
fold5,validation,124,28.657987594604492
fold5,validation,125,29.597429275512695
fold5,validation,126,28.399059295654297
fold5,validation,127,28.71571159362793
fold5,validation,128,28.35467529296875
fold5,validation,129,28.615558624267578
fold5,validation,130,28.537548065185547
fold5,validation,131,28.136478424072266
fold5,validation,132,29.516220092773438
fold5,validation,133,29.239200592041016
fold5,validation,134,28.955469131469727
fold5,validation,135,28.6447811126709
fold5,validation,136,28.503713607788086
fold5,validation,137,28.7794132232666
fold5,validation,138,28.70033073425293
fold5,validation,139,29.36113929748535
fold5,validation,140,28.751108169555664
fold5,validation,141,28.088090896606445
fold5,validation,142,27.869224548339844
fold5,validation,143,28.01557731628418
fold5,validation,144,28.776113510131836
fold5,validation,145,28.919448852539062
fold5,validation,146,28.220788955688477
fold5,validation,147,28.94963836669922
fold5,validation,148,28.856115341186523
fold5,validation,149,29.017663955688477
fold5,validation,150,29.054264068603516
fold5,validation,151,28.76542854309082
fold5,validation,152,28.465471267700195
fold5,validation,153,28.62058448791504
fold5,validation,154,28.989501953125
fold5,validation,155,29.463464736938477
fold5,validation,156,29.686508178710938
fold5,validation,157,29.4855899810791
fold5,validation,158,28.532119750976562
fold5,validation,159,28.70777130126953
fold5,validation,160,27.862232208251953
fold5,validation,161,28.598527908325195
fold5,validation,162,28.41644859313965
fold5,validation,163,29.6957950592041
fold5,validation,164,28.871870040893555
fold5,validation,165,28.97796630859375
fold5,validation,166,28.092025756835938
fold5,validation,167,28.644237518310547
fold5,validation,168,28.339088439941406
fold5,validation,169,28.7685546875
fold5,validation,170,28.488754272460938
fold5,validation,171,28.07781410217285
fold5,validation,172,29.073850631713867
fold5,validation,173,27.678909301757812
fold5,validation,174,27.766923904418945
fold5,validation,175,27.928760528564453
fold5,validation,176,27.246253967285156
fold5,validation,177,28.161039352416992
fold5,validation,178,27.96035385131836
fold5,validation,179,28.5324764251709
fold5,validation,180,28.8654842376709
fold5,validation,181,29.40039825439453
fold5,validation,182,27.827957153320312
fold5,validation,183,28.286026000976562
fold5,validation,184,28.277433395385742
fold5,validation,185,29.348663330078125
fold5,validation,186,29.126367568969727
fold5,validation,187,29.333555221557617
fold5,validation,188,28.25537872314453
fold5,validation,189,28.103500366210938
fold5,validation,190,27.829999923706055
fold5,validation,191,28.527009963989258
fold5,validation,192,28.216285705566406
fold5,validation,193,27.808502197265625
fold5,validation,194,27.72924041748047
fold5,validation,195,28.47049331665039
fold5,validation,196,27.97129249572754
fold5,validation,197,27.959369659423828
fold5,validation,198,27.88477325439453
fold5,validation,199,28.222251892089844
fold5,validation,200,28.370168685913086
