SMILES,NLL
COc1ccc(S(=O)(=O)NC(CNC(=O)C2CCCN(C(=O)CCCc3ccccc3)C2)C(=O)O)cc1,25.96
CC(C)CC(NC(=O)C(CCC(=O)O)NC(=O)C(NC(=O)c1cccc(O)c1O)C(=O)O)C(=O)O,31.46
O=C(CN1CCN(c2ccccc2Cl)CC1)NCC(NC(=O)c1ccccc1Cl)C(=O)O,19.74
CCCC(NC(=O)C(=O)N(C)CCc1c[nH]c2ccccc12)C(=O)CC(NC(=O)c1c(Cl)cccc1Cl)C(=O)O,34.71
CNC(C)CN=c1nc(N(CCOC)CCOC)[nH]c2sc(=Nc3ccccc3)[nH]c12,35.07
CCCC(=O)NCCC(=O)NCC(NC(=O)c1c(F)cccc1Cl)C(=O)O,22.63
COc1cc(CNc2ccc(NC(=O)CN3CCCC3)cc2)nc(NC(=O)c2cc(C)cc(C)c2)c1,44.57
O=C(O)CCNC(=O)c1ccc(CC(N=c2[nH]c(-c3cc(F)cc(F)c3)cs2)C(=O)O)cc1,26.67
O=C(O)c1c[nH]c2nc(CCn3cnnc3)nn2c1=O,29.97
CCCN(CCC)c1cnc(N)c(C#Cc2cnc(OC)nc2)c1N,25.46
CCCCCCCCCCCCCCCCCCC(=O)Nc1ccc2c(c1)cc1ccccc1[n+]2CC,32.15
O=C(Cn1c(=O)[nH]c2ncccc21)NCC(NC(=O)c1c(Cl)cccc1Cl)C(=O)O,12.38
CC(C=NNC(=O)Cn1c(=O)[nH]c2ncccc21)c1ccc2c(c1)OCO2,21.54
C#CCN(C)Cc1c(C)n(CC(=O)c2ccccc2)c2ccc(Br)cc12,31.55
O=C(NC(CNC(=O)c1c(Cl)cccc1Cl)C(=O)O)c1ccccc1Cl,11.8
COc1cccc(-n2c(C=Cc3ccccn3)nc3ccccc3c2=O)c1,23.39
CCOc1ccccc1CC(NC(=O)c1c(Cl)cccc1Cl)C(=O)O,17.94
O=C(Cn1c(=O)[nH]c2ccccc21)NCC(NC(=O)c1c(F)cccc1Cl)C(=O)O,16.62
CCN(C(N)=O)c1cc2nc(CC(N)C(=O)O)c(=O)[nH]c2c(=O)[nH]1,39.28
COc1ccccc1N1CCN(CCn2c(=O)[nH]c3ccncc32)CC1,19.59
Cc1ccc(CNCC(NC(=O)CNC(=O)c2cnccn2)c2ccccc2)c(C)c1,24.13
O=C(O)C(NS(=O)(=O)c1ccc(Cl)cc1)c1ccc(Cl)cc1,19.2
COCCNC(=O)CN(CCCN(CCN(CC(=O)O)CC(=O)NCC(NCC(=O)NCC(=O)NCC(=O)O)C(=O)O)CC(=O)O)C(=O)C(CO)NC(=O)CN,49.0
CC(C)(C)OC(=O)NC(CNC(=O)CNC(=O)COC(=O)c1cc(Cl)cc2cc[nH]c12)C(=O)O,32.49
CC(C)CN(CCN1CCC(O)CC1)C(=O)NC(C(=O)O)c1ccc(-c2cccc(F)c2)cc1,42.1
O=C(Cn1c(=O)c(-c2ccccc2)nc2ccccc21)NCC(NC(=O)c1c(Cl)cccc1Cl)C(=O)O,20.83
COc1ccc(C(=O)NC(Cc2ccc3nc(-c4c(Cl)cccc4Cl)ccc3c2)C(=O)O)cc1Cl,23.44
CC(C)C(NC(=O)c1ccccc1Cl)C(=O)OCC(=O)NCc1ccc(Cl)cc1,22.19
Cc1ccc(CNC(=O)c2c(F)cccc2Cl)nc1CNC(=O)C(CC(C)C)C(CCC(F)(F)F)C(N)O,36.96
Cc1[nH]c(=O)c(C#N)cc1CCNC(=O)CCCN=c1nc(C(F)(F)F)cc[nH]1,38.94
CCCCCNc1[nH]c(=N)cnc1C#N,23.05
CC(C)CN(C(CO)CCCCNC(=O)C(COCc1ccccc1)NC(=O)OCc1ccccc1)S(=O)(=O)c1ccc(N)cc1,25.24
Cc1cc2c(nc1C)CCCN2C(=O)c1ccc2ccccc2c1,30.25
O=C(NC(Cc1ccccc1)C(=O)NCC(NC(=O)c1ccccc1Cl)C(=O)O)c1ccccc1,20.11
O=C(O)C(=O)Nc1ccc([N+](=O)[O-])cc1,18.72
C=CCNC(=O)N(C)CC(CC1(c2ccc(Cl)cc2)CCC1)N1CC(c2ccc(OC)cc2F)CN1,44.89
Cc1ccc(Cl)c(C(=O)NC(CNC(=O)Cn2c(=O)n(C3CCN(C(=O)NC(C)C)CC3)c3ncccc32)C(=O)O)c1F,28.44
CCn1c(C)nc2cc(C(C)=NOCC(=O)NC)ccc21,28.31
O=C(CCCCCN1C(=O)c2cccc3cccc(c23)C1=O)NCCCCn1ccnc1,25.58
COc1cc(C(=O)NCC(=O)NNC(=O)c2ccccc2C)cc(OC)c1OC,20.9
O=C(O)CN(CC(=O)O)c1ncc(N2CCCNC2=O)cn1,27.8
COCCN(CCNC(=O)c1nccc2ccccc12)C1CCN(Cc2ccccc2)CC1,35.91
O=C(O)c1ccccc1Cn1c(=O)[nH]c2nc(N3CCOCC3)ncc21,24.87
COc1cc(C(=O)NC(CC(C)C)C(=O)NC(CC(C)C)C(=O)CF)ccc1OCC(C)C,35.18
Cc1cc(C(CNCCc2ccc(CN)cc2)NC(=O)Cc2cc(Br)c(N)c(Br)c2)cc(C)c1N,42.58
Cc1ccc(Cl)c(C(=O)NC(CNC(=O)Cn2cc(NC(=O)c3ccc4[nH]cnc4c3)cn2)C(=O)O)c1F,27.02
O=C(Cn1c(=O)[nH]c2ncccc21)NCC(NC(=O)c1cc(C(F)(F)F)[nH]n1)C(=O)O,22.7
NC1(Cc2cccc(-c3ccccc3)n2)CCN(c2ncnc3[nH]ccc23)CC1,28.3
O=C(Cn1c(=O)[nH]c2ncccc21)NCC(NC(=O)c1c(F)cc(-c2ccccc2)cc1Cl)C(=O)O,13.32
O=C(Cn1c(=O)[nH]c(=O)n(Cc2c(F)cc(F)cc2F)c1=O)NCC(NC(=O)c1c(Cl)cccc1Cl)C(=O)O,20.53
O=C(NC(CNS(=O)(=O)c1ccc(-c2ccccc2)cc1)C(=O)O)c1c(Cl)cccc1Cl,20.88
CC(C(=O)NCc1c(F)ccc(C#N)c1F)c1cnccn1,30.01
Cc1ccc(Cl)c(C(=O)NC(CNC(=O)CN(C)CC(=O)NC2CCCC2)C(=O)O)c1F,29.08
CCN(CC)c1ncnc2c1ncn2C,22.28
C#CCN(CCBr)C(=O)CCC(C)=CCCC(C)=CCCC(C)=CCCC(C)=CCCC(C)CCC=C(C)C,43.24
Nc1ccc(C(O)CNCCc2ccc(NCC(O)c3coc4cc(Br)ccc34)cc2)cc1Cl,29.97
O=C(CCCCC(c1ccc(F)cc1)c1ccc(F)cc1)N1CCN(Cc2c[nH]cn2)CC1,27.18
CC(C)CC(NC(=O)C1CCN(S(=O)(=O)c2ccccc2)CC1)C(=O)NCC(=O)NCC(NC(=O)c1ccc2ccccc2c1)C(=O)O,39.89
O=C(CN1Cc2ccccc2NC1=O)NCC(NC(=O)C1CCCCC1)C(=O)O,16.8
CC(=O)NC(CC(=O)NCC(NC(=O)c1ccccc1Cl)C(=O)O)c1ccc(Cl)c(Cl)c1,25.68
CC(C)CCn1c(C(=O)NC(Cc2ccccc2)C(=O)O)cc(C(=O)NC(CC(C)C)C(=O)O)c1N,29.97
COC(=O)NCCc1c(C(=O)NCCC(=O)O)[nH]c2ccc(NC(=O)c3ccc(Br)cc3C(=O)O)cc12,41.09
O=C(O)c1cccc(C(=O)NN=Cc2ccc(-c3cccc(C(F)(F)F)c3)o2)c1,28.58
Cc1ccc(Cl)c(C(=O)NC(CNC(=O)Cn2nc(-c3ccccc3)[nH]c2=O)C(=O)O)c1F,15.43
CN=C(N)NN=C1c2ccccc2-c2ccccc21,20.85
COc1ccc(C(NC(=O)CNC(=O)c2ccccc2Cl)C(=O)O)cc1,16.11
CN(C)CCNC(=O)c1ccc2c(C3=c4cccnc4=NC3=O)c(O)[nH]c2c1,28.92
CC(C)(C(=O)NCc1cc(Br)cc(Cl)c1F)c1ccc(S(C)(=O)=O)cc1,33.83
Cc1ncc(C)n2nc(SCC(=O)NCc3ccccc3Cl)nc12,22.06
Cc1ccc(Cl)c(C(=O)NC(CNC(=O)c2nn(-c3ccc(F)cc3F)c(=O)c3ccccc23)C(=O)O)c1F,26.43
CCCCc1nc2ncc(C(=O)O)cc2n1C(CCCC)C(=O)O,27.66
O=C(NC(CNC(=O)c1c(F)cccc1Cl)C(=O)O)c1ccc(F)cc1,19.67
O=c1[nH]cc(C(O)Nc2ccccc2)[nH]1,19.7
COc1ccc(Cl)c(C(=O)NC(Cc2ccc(-c3cccc(NC(=O)NC(C)C)c3)cc2)C(=O)O)c1F,20.56
CCN(CC)S(=O)(=O)c1cccc(NC(=O)CNC(=O)C(Cc2ccccc2)NC(=O)c2c(Cl)ccc(OC)c2F)c1,29.95
CC(C)(C)OCC(NC(=O)OCc1ccccc1)C(=O)NN(CC(=O)O)C(=O)Cn1c(=O)[nH]c2ncccc21,27.84
CN(Cc1ccc(Cl)c(Cl)c1)CC(O)CNC(=O)NCCCc1ccccc1,29.91
O=C(CSc1nc(=O)n(Cc2cccnc2)c2c1CCC2)Nc1c(F)cccc1F,23.94
CCCCCCCc1nc(C)oc1C(=O)NCCCC,31.3
N=c1[nH]c(N)c(C(=O)NCCC(=O)NCCCC(=O)O)nc1Cl,23.54
NCC(O)c1ccc(O)c(F)c1,20.05
[N-]=[N+]=NCC(=CC=CCNC(=S)NCCCl)CO,35.42
COC(=O)c1cc(C)ncc1NC(=O)c1cn(CCCOc2ccccc2)c2ncccc12,38.18
Cc1ccc(Cl)c(C(=O)NC(CNC(=O)Cn2c(=O)[nH]c3cccnc32)C(=O)O)c1F,13.36
Cc1cc2nc(Cn3c(=O)n(-c4ccccn4)c4nc(N5CCCC5)ncc43)n(CC3CCOCC3)c2cc1C,43.42
O=C(Cn1c(=O)[nH]c2cccnc21)NC(Cc1ccccc1)C(=O)O,16.61
Cc1cnc2[nH]c(=O)n(CC(=O)NCC(NC(=O)c3c(Cl)cc(Cl)cc3Cl)C(=O)O)c2c1,16.91
O=C1CCc2c(cccc2Nc2cccc(Cl)c2C(=O)O)N1,30.67
CCOc1cc(CC(=O)NCC(NC(=O)c2ccccc2Cl)C(=O)O)ccc1C(=O)O,22.08
CC(C)(C)c1ccc(NCCC(NC(=O)c2c(Cl)cccc2Cl)C(=O)O)c(Cl)c1,28.24
C=C(C)C1CCC2(C(=O)O)CCC3(C)C(CCC4C5(C)CCC(OC(=O)CC(C)C)C(C)(C)C5CCC43C)C12,25.56
CN(C)C(CN=c1[nH]c(=NC(Cc2ccc(OC(=O)N3CCCC3)cc2)C(=O)O)[nH]c2c1ncn2CC(=O)O)C(F)(F)F,32.88
O=C(O)CNCC(CC(NC(=O)c1c(F)cc(-c2ccccc2)cc1Cl)C(=O)O)C(=O)NCC(F)(F)F,35.9
O=C(NC(CNc1ccccc1-c1ccccc1)C(=O)O)c1ccc(=O)[nH]c1,24.12
C=CCc1c(O)c(C(=O)O)cc(CCC)c1OC(C(=O)O)c1ccccc1,34.79
COc1ccc(C(=O)NC(CNC(=O)Cn2c(=O)[nH]c3cc(F)c(F)cc32)C(=O)O)c(F)c1,17.06
O=C(CCCCCNC(=O)NC12CC3CC(CC(C3)C1)C2)NCC(NC(=O)c1c(Cl)cccc1Cl)C(=O)NCc1ccc2c(c1)OCO2,32.82
COCCN1CCCC12CCN(c1ncc(F)cn1)CC2,21.96
COCC1CNCC(=O)N1C1CCN(CC(NC(=O)c2cc(Cl)ccc2Cl)C(=O)O)CC1,33.69
N=C(N)c1cc(C(=O)NC(CNC(=O)Cn2c(=O)[nH]c3ncccc32)C(=O)O)ccc1Oc1ccccc1,23.84
COc1ccc(Cl)c2[nH]c(C(=O)NC(CNC(=O)CNS(=O)(=O)c3ccc(O)cc3)C(=O)O)cc12,36.37
Cc1ccc(C(=O)NC(Cc2ccc(OC(=O)N3CCCC3)cc2)C(=O)O)cc1,18.08
CCNC(=O)Nc1cnnc(-c2ccc(CC(NC(=O)c3c(Cl)cccc3Cl)C(=O)O)cc2)c1,12.43
Cc1ccc(-c2cc(=O)c3nn(CC(C)(C)C)c(=O)n3[nH]2)cc1,28.91
O=C(NCC(NC(=O)c1c(Cl)cccc1Cl)C(=O)O)c1c(Cl)cccc1Cl,12.46
Cc1cc(C)n(C2CCN(c3ncnc4occ(-c5ccc(C(C)(C)C)cc5)c34)C2)n1,31.94
Cc1nc(C)c(C(=O)NC2CCN(C(CNS(=O)(=O)C(C)C)c3ccc(F)cc3)CC2)s1,33.8
O=C(Cn1cnc2c(ncn2CCC(F)(F)F)c1=O)NCC(NC(=O)c1ccccc1Cl)C(=O)O,26.43
CCN(CC)CCNC(=O)CC1C(=O)NCCN1C(=O)c1ccccc1,25.83
Cc1nc(C(C#N)NC(=O)COc2c(F)c(F)cc(F)c2F)sc1CCCC(=O)O,28.0
Cc1ccc(C(=O)c2cccnc2)cc1NC(=O)NC1CCCCN(CC(=O)NC(CC(=O)O)c2cccnc2)C1=O,36.09
CCn1cnc(CC(CNC(=O)C(Cc2ccccc2)NC(=O)Cn2c(=O)[nH]c3ncccc32)NC(=O)c2c(C)cc(C#N)cc2C)c1,37.86
Cc1cccc(C)c1C(=O)NC(C=CCn1cnc2c(=N)[nH]cnc21)C(=O)O,29.35
Cc1cc(CCCOc2cc3ccn(CC(=O)NCC(NC(=O)c4c(Cl)cccc4Cl)C(=O)O)c3cn2)on1,35.62
Cc1c(C=Cc2ccc(Cl)cc2C(F)(F)F)nc2c(N3CCOCC3)ccnn12,24.95
Nc1ccc(Br)c(Cl)c1,20.4
CCCCCCCCCc1ccc(OC=Cc2ccc(CCC(=O)CC(N)C(=O)O)cc2)cc1,42.74
CN(C)C(CNC(=O)C(=O)NC(Cc1ccccc1)C(=O)O)c1ccccc1,20.44
O=C(COc1c(Cl)cccc1Cl)NCC(NC(=O)c1c(Cl)cccc1Cl)C(=O)O,17.63
CC(=O)Nc1ccc(C(=O)NC(Cc2ccc(-c3cccc(NC(C)=O)c3)cc2)C(=O)O)cc1,23.91
CCc1oc(C(=O)NC(CCC(=O)O)C(=O)O)cc1Cl,27.65
CN1CCN(C(=O)CCn2nc(-c3ccccc3)c3c([nH]c4ccccc43)c2=O)CC1,32.95
O=C(O)C1CCC(CNCCO)CC1,24.15
CC(=O)N=c1cc(-c2ccc(CC(NC(=O)c3c(Cl)cccc3Cl)C(=O)O)cc2)cc[nH]1,22.61
COCCOC(=O)NC(CC(C)C)C(=O)NC(C=O)Cc1ccccc1,23.39
O=C(Cn1c(=O)[nH]c2cccnc21)NCC(NC(=O)c1cc(C(F)(F)F)cc(C(F)(F)F)c1)C(=O)O,23.48
Cc1[nH][nH]c(=O)c1C(NC(=O)CNC(=O)CNC(=O)c1ccc(Cl)cc1Cl)C(=O)NCc1ccncc1,37.1
O=C(O)C(=Cc1cccc(O)c1)C(=O)O,19.64
CCCC(NC(=O)C(C)(C#CC1(OC)CN2CCC1CC2)c1ccccc1)C(=O)NC(CNC(C)C)C(=O)O,45.3
Cc1ccc(F)c(C(=O)NC(CNC(=O)Cn2c(=O)[nH]c3ncccc32)C(=O)O)c1F,17.62
CC1(C)C2CCC1(C)C(OC(=O)CCCOCCCN1CCN(CCCN=c3cc[nH]c4cc(Cl)ccc34)CC1)C2,39.21
COc1ccc(Cl)c(C(=O)NCC(NC(=O)C(C)n2c(C(C)(C)C)nc3cncnc32)C(=O)O)c1,33.98
Cc1ccc(C(=O)NCC(=O)NC2CCCc3ccccc32)cc1,21.25
COC(=O)NC1NCC(c2ccc(F)c(Br)c2)NC1=O,28.21
COc1cccc(-c2nnn(CC(=O)N(CCC(C)C)CC(=O)NCC3CCCO3)n2)c1,26.11
O=C(NC(C(=O)O)c1ccccc1)c1cc(C(=O)O)c(-c2ccccc2)c(F)c1F,28.17
N=C(N)NS(=O)(=O)c1ccc(NC(=O)CNC(O)c2cc3cnccc3s2)cc1,37.31
Cc1ccc2ccc(NC(=O)CCc3nc4ccccc4[nH]3)cc2n1,27.54
CCc1nn(C)c(C(=O)NCCC(=O)NC(C=CS(=O)(=O)c2ccccc2)C(=O)NC(CC2CCCCC2)C(=O)O)c1Cl,40.68
Nc1ccccc1NC(=O)C1CCCN1,22.01
N#CCNC(=O)CNC(=O)Nc1ccc(F)c(F)c1,22.71
NC(=O)c1cc(F)cc(OCC(=O)NC(CNC(=O)Cn2c(=O)[nH]c3ncccc32)C(=O)O)c1,23.74
O=C(CN1CCc2cccc(Cl)c21)NCC(NC(=O)c1ccc(Cl)c(Cl)c1)C(=O)O,25.39
CN(C)c1ccc2nc(-c3cn[nH]c3)[nH]c2n1,28.35
Cc1ccc(Cl)c(C(=O)NC(CNC2(CO)CCCC2)C(=O)O)c1F,17.87
COc1cccc2c1CC(N(CC(NC(=O)c1c(Cl)cccc1Cl)C(=O)O)S(=O)(=O)c1ccc(C)cc1)CO2,31.73
O=C(NC(CNc1ccc(N2CCNC2=O)cc1)C(=O)O)c1c(Cl)cccc1Cl,13.57
COC(=O)C=C(C)C(C)C#CC(=O)NC(C(=O)O)C(C)C,36.7
COc1cc(C=CC(=O)C(O)OC)ccc1O,25.71
O=C(Cn1c(=O)[nH]c2ncccc21)Nc1ccc(Cl)c(Cl)c1,17.2
O=C(CSc1ncc2c(n1)-c1ccccc1C2)NCCc1ccc(Cl)cc1,24.0
O=C(O)C(N=c1ncc(Cc2sc(=O)[nH]c2O)c[nH]1)c1ccccc1,30.84
O=C(Cn1c(=O)[nH]c2ncccc21)NC(C(=O)O)c1ccccc1Cl,18.11
O=C(O)CCCC=CCC(CNC(Cc1c(O)ccc2c1oc(=O)c1ccc(Cl)cc12)c1ccccc1)NC(O)SCC(=O)O,52.01
COc1ccc(CCCCC(C(=O)NC(C(=O)O)C(=O)O)n2cccc(NC(=O)c3ccccc3)c2=O)cc1,32.56
CCCCCCCCn1c(=O)[nH]c2nc(-c3ccccc3Cl)cc(NC(CCCC(=O)O)CCN3CCN(C)CC3)c21,46.75
O=C(NC(CNC(=O)c1cnc2ccc(Cl)cn2c1=O)C(=O)O)c1ccccc1Cl,23.24
CC(C)(CNC(=O)c1cc2nc(N3CCC(N4CCCC4)CC3)nc(-c3cc4ccccc4[nH]3)c2s1)C(=O)O,37.32
O=C(Cn1c(=O)[nH]c2ncccc21)NCC(NC(O)c1c[nH]c(O)c1)C(O)O,24.98
Cn1c2c(c(=O)n(C)c1=O)C(c1ccccc1Cl)CC(=O)N2,17.82
CCCCCCCCCCCCCCN1CCC(CCCCN)NC(CCN)C1=O,27.73
CCCCCCCCCCC(O)C1(O)CCCNC1C(=O)O,30.46
O=C(O)CC(O)(NC(=O)NCCc1c[nH]c2ccc(Cl)cc12)c1ccccc1,33.2
CCCCCCCCC(=O)NCc1ccc(O)c(O)c1,19.86
CC(O)(c1ccc(Cl)cc1)c1nc2ccccc2[nH]1,25.14
Cc1ccc(Cl)c(C(=O)NC(Cc2ccc(-c3cncnc3)cc2)C(=O)O)c1F,18.25
O=C(N=c1cccc[nH]1)NN=Cc1cc(O)cc(O)c1,26.49
Cc1ccc(Cl)c(C(=O)NC(CNC(=O)Cn2c(=O)[nH]c3ncc(Cl)cc32)C(=O)O)c1F,16.01
CCCCCC(C)C(C)c1ccc(O)c(C)c1,20.47
CCC(C)C(NC(=O)c1cc(-c2ccccc2)ccc1Cl)C(=O)NC(Cc1cccs1)C(=O)O,30.32
O=C(O)C(=O)CC(=O)c1ccc2[nH]c(Cl)cc2c1,26.93
COc1cc2ncnc(N3CCN(C(=O)Nc4ccc(C#N)cc4)CC3)c2cc1OC,17.18
CCCn1c(C)nc2c1N1C(=NC3CCCCC31)N(C)C2=O,25.92
Cc1ccc(Cl)c(C(=O)NC(CNc2ccccc2OC(=O)c2ccccc2)C(=O)O)c1F,29.76
COc1cc(OC)c(C(=O)NNC(=O)c2ccccc2O)c(OC)c1,23.48
CCOc1cc(NC(=O)C(C#N)=Cc2ccc(C(=O)O)cc2)cc(C(F)(F)F)c1F,36.18
Cc1ccc(Sc2ccc(NC(=O)C(C)(N)CO)cc2)cc1,23.52
COc1ccc(C(CC(=O)O)NC(=O)CN(CCc2ccccc2F)C(=O)c2ccc(Cl)cc2Cl)cc1,30.82
Cn1c(SCCN2CCc3cc4c(nc3CC2)NCCC4)nnc1-c1cccc2ccccc12,26.21
O=C1NC(=O)C(=Cc2ccc(O)c(Br)c2)C(=O)N1,20.03
Cc1cccc(F)c1-c1c(Cl)[nH]c(=NCC(C)(C)C(=O)O)c(=O)n1CC(=O)NCC(NC(=O)c1c(Cl)cccc1Cl)C(=O)O,28.68
O=C(NC(Cc1ccc(-c2cc[nH]c(=O)c2)cc1)C(=O)O)c1ccc(F)cc1F,23.18
CCc1ccc(OCC(O)CNC(C)C)c(Br)c1,17.82
O=C(CNC(Cn1c(=O)[nH]c2ncccc21)C(=O)O)NC(=O)c1c(F)cc(-c2ccccc2)cc1Cl,18.02
O=C(CNC(=O)Cn1c(=O)[nH]c2ncncc21)NCC(NC(=O)c1ccc(Cl)cc1Cl)C(=O)O,23.66
COC(=O)C(Cn1c(=O)[nH]c2ncccc21)NCc1nnc2ccc(NC(=O)CC(C)(C)C)cn12,34.29
O=C(Nn1c(=O)[nH]c2ccccc2c1=O)c1ccc(Cl)c(Cl)c1,22.05
CCc1ccc(Cl)c(C(=O)NC(CNC(=O)Cn2c(=O)[nH]c3c(C(C)(C)C)cc(C)cc32)C(=O)O)c1,30.16
O=C(O)CN(CCCc1ccc(F)c(C(=O)O)c1F)CCc1c(C(=O)O)[nH]c2ccc(F)cc12,40.21
O=C(Nc1ccc(CC(NC(=O)c2c(Cl)cccc2Cl)C(=O)O)cc1)c1c(Cl)cccc1Cl,13.02
NC(CS)CC(=O)N1Cc2c(Cl)sc(Cl)c2CC(NS(=O)(=O)c2ccc3c(c2)OCO3)C1=O,48.02
CC(C)(C)OCC(NC(=O)c1ccccc1Cl)C(=O)NC(CCCc1ccccc1)C(=O)O,24.0
CC(C)(CCCCNC(=O)C(=O)c1ccc(NC(=O)c2ccco2)cc1)Nc1ccccc1N,38.62
CC(NC(=O)CNC(=O)c1ccccc1Cl)C(O)(Cn1cncn1)c1ccc(F)cc1F,25.86
CCN(CC(=O)NC(CNCc1ccccc1OCC(F)(F)F)C(=O)O)CC(=O)NC(NS(=O)(=O)c1ccccc1Cl)C(=O)O,38.94
COc1cc(F)c(C(=O)NC(CNC(=O)Cn2c(=O)[nH]c3ncccc32)C(=O)O)c(Cl)c1,14.91
CC(C)(C)C(=O)N1CCn2cc(C(=O)O)nc2C1,20.31
Cc1cc(Cl)cc2[nH]c(=O)n(CC(=O)NCC(NC(=O)c3ccccc3Cl)C(=O)O)c12,23.32
CCCN(CCC)c1nc(N2CCC(O)C2)nc2c1c(=O)nc(SC)n2CC(=O)NCC(NC(=O)c1c(Cl)ccc(OC)c1F)C(=O)O,34.33
O=C(NCCN1CCCCC1)c1nc(COc2cc(Cl)ccc2Cl)no1,30.0
O=C(O)CNC(=O)c1cn(Cc2c(F)cccc2F)c2cc(Cc3ccc(Cl)cc3)nnc2c1=O,32.69
CC(CC(NC(=O)c1c(Cl)cccc1Cl)C(=O)O)C(=O)NC(Cc1ccccc1)C(=O)O,23.43
O=C(NC(Cc1ccccc1)C(=O)O)c1cc2ccccc2s1,19.01
COc1cc(C(N)=O)ccc1C(=O)Nc1cnn(CC(=O)O)c1C,32.9
FCCCCN(c1ccccc1)c1ncnc2cc(Br)c(Cl)cc12,33.56
CC(CC(=O)C(O)NC(Cc1ccccc1)C(=O)O)C(=O)O,23.71
Nc1cccc2nc(C(=O)O)c3ncccc3c12,33.52
CC(C(=O)NC(CNC(O)c1[nH]c(=O)[nH]c(=O)c1F)C(=O)O)c1ccccc1,27.4
Cc1ccc(Cl)c(C(=O)NC(CNC(=O)Cn2nncc2CC(C)C)C(=O)O)c1F,21.64
CC(C)N(C(=O)NCC(=O)NC1CCCN(C(=O)NC(C)(C)C)C1)c1ccccc1,35.63
CCc1ccc2c(n1)[nH]c(=O)n2CC(NCC(=O)NC(=O)CNC(=O)c1cc[nH]c1)C(=O)O,34.43
CCCCCCCn1ccc(CC(CC(N)C(=O)O)C(=O)O)c1O,29.95
CCN(CC(=O)NCCc1ccccc1)C(=O)CCC(=O)N=c1nc(C)cc[nH]1,25.3
Cc1c(C(=O)O)cccc1-c1ccccc1,17.63
Cc1ccc(Cl)c(C(=O)NC(CNC(=O)Cn2c(=O)n(C)c(=O)c3nc[nH]c32)C(=O)O)c1Cl,26.64
Cc1ccc(C(=O)NC(Cc2ccccc2)C(=O)O)cc1C,16.08
COc1ccc2nccc(C(O)CNC(Cc3ccccc3)C(=O)O)c2c1,24.56
Cc1nn(C)c2nc(SC(C)C)nnc12,26.33
CC(=O)NC(CNCC(NC(=O)CNC(=O)Cn1c(=O)[nH]c2ncccc21)c1ccsc1)C(=O)O,33.68
Cc1cc2c(c(C(=O)NCC(=O)NC(=O)CCC(NC(=O)c3ccccc3Cl)C(=O)O)c1C)OCN2,38.6
Cc1ccc(Cl)c(C(=O)NC(CNC(=O)Cn2cc(C#N)c(=O)[nH]c2=O)C(=O)O)c1F,17.09
Cc1ccc(Cn2ccnc2C(Nc2ccc3nc4ccccc4nc3c2)C(=O)O)cc1,36.5
Cc1nc2ccccc2n1CC(=O)NCc1cnccn1,25.12
COc1c(-n2ccc(=O)[nH]c2=O)ccc(CNC(=O)Cn2cc(C)c(=O)[nH]c2=O)c1F,34.29
Cc1ccc(Cl)c(C(=O)NC(CNc2ccccc2)C(=O)O)c1F,14.52
CCN(CC(=O)Nc1cccc(Cl)c1)C(=O)CNC(=O)c1cccs1,20.01
COc1cc(C#CCCCCC(=O)O)c(F)c(C)n1,26.47
CC(C)CNC(=O)C(N)CC(O)C(CC(C)C)NC(=O)C(CC(=O)O)NC(=O)COCc1cc(Cl)ccc1Cl,43.14
OCCNC(=S)Nc1ccc(Br)cc1,19.81
O=c1[nH]c2ncccc2n1Cc1ccccc1,14.35
O=C(CNC(=O)Cn1c(=O)[nH]c2ncccc21)NCc1ccccc1Cl,18.56
CN(C)c1ncc(CNC(=O)Cc2cccc(F)c2)cn1,24.93
O=C(Cn1c(=O)[nH]c2ncccc21)NCC(NC(=O)c1ccccc1Cl)C(=O)O,14.38
O=C(O)CCC(=O)c1ccc(CCCCCCc2ccccn2)cc1,26.6
O=C(NCc1ccco1)c1cc(S(=O)(=O)N2CCCCCC2)c(Cl)cn1,26.6
O=C(NC(C(=O)O)c1c(F)cccc1Cl)c1c(Cl)cccc1Cl,16.4
COc1ccc(NC(=O)NC(=O)c2c(F)cccc2F)c(OC)n1,19.74
Nc1cc(C(=O)NCC(Cc2ccccc2)NCC(=O)NCC(=O)NCCc2c[nH]cn2)cc(C(=O)NC(Cc2ccccc2)C(=O)O)c1,40.65
CC(C)(C)OC(=O)NC(Cc1ccc(OC(=O)N2CCCC2)cc1)C(=O)N1CCCCC1,24.37
CC(NC(=O)c1c(Cl)sc(Cl)c1Cl)c1ccccc1Cl,25.94
CN1Cc2c(NC(=O)c3ccc4ccccc4c3)cccc2N(C)S1(=O)=O,32.56
O=C(O)CC(NC(=O)Cn1c(=O)[nH]c2ncccc21)C(=O)NCC1CCc2ccccc2N1,29.8
CCOC(=O)c1sc(NC(=O)C(C)(C)C)c(C#N)c1-c1ccc(Cl)cc1,23.41
OC1(c2ccc(Cl)cc2)CCN(CCCC(c2ccccc2)c2ccccc2)CC1,17.43
O=C(COC(=O)CCOC(=O)CCCn1c(O)c2c(c1O)C1C=CC2C1)NC1CCCCC1,35.22
O=C(NC(CC1CCCN1)C(=O)O)c1c(Cl)cccc1Cl,21.26
O=C(NCC(NC(=O)c1c(Cl)cccc1Cl)C(=O)O)Nc1cccc(-c2nc3cccnc3[nH]2)c1,22.09
CCCCCCCCCCCCCCCCOC(=O)C[n+]1ccnc(C)c1,24.97
CC1(C(=O)NC(Cc2ccc(NCc3ccc(Cl)c(Cl)c3)cc2)C(=O)O)CCOCC1,22.07
COc1ccc(C(=O)NC(CN2CCOCC2)C(=O)N2CCCC2C(=O)N=C(CC(C)C)C(=O)O)c(Cl)c1,31.39
Cc1ccc2oc(C(=O)C(CCCCN)NC(=O)Cn3c(C(=O)O)c(SCc4ccccc4)[nH]c3=O)nc2c1,33.99
Cc1ccc(CNCC(NC(=O)CNC(=O)Nc2ccc(Cl)c(Cl)c2)C(=O)O)c(C)c1,21.54
Cc1ccc(Cl)c(C(=O)NC(CNC(=O)OCc2c[nH]cn2)C(=O)O)c1F,20.42
COc1ccc(C2=NN(c3ccc(Cl)cc3)c3[nH]c(-c4ccc(Cl)c(Cl)c4)nc(=O)c3C2)cc1,28.88
OC1COC(SCC=Cc2ccccc2)C(O)C1O,24.81
Cc1nc2cccnc2n1-c1nc2ccccc2c(=O)[nH]1,22.52
O=C(NC(Cc1ccccc1)C(=O)O)c1ccccn1,16.59
CC1CN(c2ccc(NCc3cccnc3)c(Cl)c2)CC(C)N1,23.33
O=C(CN1Cc2ccccc2NC1=O)NCC(Cc1ccccc1)NC(=O)c1ccccc1Cl,19.07
CCOC(OC)C(=O)NC(Cc1ccc(-c2ccccc2O)cc1)C(=O)O,32.14
Cc1cccc(C)c1NC(=O)CNC(=O)COC(=O)c1ccc(Cl)cc1,18.97
CC(C)CC(CC(=O)NC(CCn1c(=O)[nH]c2ccccc21)C(=O)O)C(=O)NC(CO)C(=O)O,35.61
O=C(O)CCCC(O)C(C=CCC(=O)S)SCC(NS(=O)(=O)c1ccc(F)cc1)C(=O)O,34.0
O=C(O)CCCCN(CCc1nc(Br)cs1)C1CCN(C(=O)C(CCC(=O)O)NC(=O)c2c(Cl)cccc2Cl)CC1,45.26
CCCCc1nc2cc(C(=O)NCC(NC(=O)c3c(F)cccc3Cl)C(=O)O)ccc2n1Cc1ccc(-c2ccccc2C#N)cc1,30.14
CC(Cc1cc2c(=N)[nH]ccc2cc1F)NC(=O)C(C(C)C)n1c(=O)[nH]c2ccccc21,39.49
Cc1ccc(Cl)c(C(=O)NC(CNc2ccc(OC3(C(=O)O)CCCC3)cc2)C(=O)O)c1F,26.21
O=C(COc1c(Cl)cc(Cl)c(F)c1F)NCC(NC(=O)c1ccccc1Cl)C(=O)O,24.05
Cc1ccc(C(=O)NC(CC2CCCCC2)C(O)C(O)C(=O)NCCCC(N)C(=O)NCC(C)(C)NCC(=O)O)c(C)c1,44.47
CCC1(CC)CCc2sc(=NC(=O)Nc3ccc(F)c(Cl)c3)[nH]c2C1,28.14
COc1ccc(CCn2c(=O)[nH]c3ncccc32)cc1,18.23
Cc1nccc(N2CCCC2Cn2cc3c(n2)CCCNC3)n1,31.03
Cc1cccc(Cn2c(=O)[nH]c3cc(C(=O)NCC(NC(=O)c4c(Cl)cccc4Cl)C(=O)O)ccc32)c1,23.2
N#CCCN1CC(C(=O)NCC(O)CN2CCN(CCCc3ccccc3)CC2)C(c2ccc(F)cc2)C1,39.06
CCN(c1ncnc(C(=O)NCc2c(C)cc(=N)[nH]c2C)c1C)C1CCCCC1,27.07
COc1ccc(NC(=O)Nc2ccc(CC(NC(=O)c3c(Cl)cccc3Cl)C(=O)O)cc2)cc1,20.16
O=C(O)C(=O)CC(=O)c1c(Cl)cc(Cl)cc1Cl,17.31
Cc1nc(C)c(C)c(N2CC=C(c3ccc(Cl)cc3)CC2)n1,23.88
CCCN(CC(=O)Nc1ccc(F)cc1C)C(=O)CCC(=O)c1ccc(Cl)s1,30.71
O=C(CN1CCN(c2ccccn2)CC1)NC(CNC(=O)c1ccc(Cl)c(Cl)c1)C(=O)O,22.67
O=CC(NC(=O)c1c(Cl)cccc1Cl)C(=O)NC(Cc1cnc[nH]1)C(=O)c1nccs1,34.1
O=C(O)CC(NC(=O)CN(CC(=O)Nc1ccc(Cl)cc1)CC(=O)Nc1ccc(F)c(F)c1F)c1ccccc1Cl,28.0
Cc1ccc(Cl)c(C(=O)NC(CNC(=O)Cn2c(=O)[nH]c3c(C)cccc32)C(=O)O)c1F,16.38
O=c1[nH]c2ncccc2n1Cc1ccc2c(c1)NCCC2,20.28
COc1ccccc1C(=O)NCC(=O)NC(CNCc1ccc(C)cc1C)C(=O)O,16.57
CCCCCC(CNC(=O)Cn1c(=O)[nH]c2ncccc21)c1cc(Cl)c(Cl)n1C,31.96
COc1ccc(C(=O)NC(CC(=O)O)C(=O)O)c(OC)c1,20.31
O=C(Cn1c(=O)[nH]c2ccc(O)c(Cl)c21)NCC1(c2ccc(F)cc2)CCCC1,30.52
CCC(CO)Nc1c(C#N)c(=O)c(-c2ccc(F)cc2)c2ccccn12,28.91
COc1nc(C)ccc1CC(=O)N=c1[nH]nc(CCCCc2ccc(=NC(=O)Cc3cccc(Cl)c3F)[nH]n2)s1,33.53
CCNC(=O)Nc1cnnc(-c2ccc(CC(NC(=O)c3ccccc3Cl)C(=O)O)cc2)c1,14.79
O=C(Cn1c(=O)[nH]c2ncccc21)NCC(NC(=O)N=c1[nH]c2ccccc2s1)C(=O)O,19.99
O=C(Cn1c(=O)[nH]c2cc(Cl)c(Cl)cc21)NCC(NC(=O)c1ccc(F)cc1)C(=O)O,18.05
CCc1nn(C)c(C(=O)NCc2ccccc2)c1Cl,17.36
O=C(O)CCC(NC(=O)c1cc(O)cc(NC2=NCC(O)CN2)c1)C(=O)O,18.09
COc1cc(F)c(C(=O)NC(CNC(=O)Cn2c(=O)[nH]c3cc(F)c(F)cc32)C(=O)O)c(Cl)c1,18.66
O=C(O)CC(NC(=O)C(c1ccccc1)c1ccccc1)C(=O)O,20.01
CCOC(=O)C1(Cc2ccc(Cl)cc2)CNCC(C(O)=NO)N(S(=O)(=O)c2ccc(OC)cc2)C1,34.72
CN(C)c1cc(=O)n2[nH]c(=NC(=O)c3c(F)cccc3Cl)nc2[nH]1,29.04
O=C(O)CCC(NC(=O)C(CCC(=O)O)NC(=O)c1c(Cl)cccc1Cl)C(=O)O,20.57
Cn1cc(C(=O)NCC(NC(=O)c2c(Cl)cccc2Cl)C(=O)O)c2cnccc21,22.56
CCn1c(=CC(=NNC(C)(C)C)C(=O)Nc2ccccc2)sc(=Cc2ccccn2)c1=O,34.02
O=C(NC(Cc1ccc2nc(-c3c(Cl)cccc3Cl)ccc2c1)C(=O)O)c1c(Cl)cccc1Cl,16.23
CC(C)CC(NC(=O)c1ccc(Cl)cc1)C(=O)NC(CN(C)C)C(C=Cc1cccc(F)c1)C(=O)O,39.82
Cc1cc2c([nH]c(=O)n2CC(=O)NC(CCCNC(=N)N)C(=O)O)c(OCC(F)(F)F)n1,29.76
Cc1ccncc1OC(=O)NC(CNC(=O)Cn1c(=O)[nH]c2ncccc21)C(=O)NCC(NC(=O)c1c(Cl)cccc1Cl)C(=O)O,29.92
CCCCCCCCCCCC(C(=O)O)n1nnc(-c2cccnc2)c(Br)c1=O,32.35
COc1ccc(C=C2SC(=S)N(CC(=O)NCC(NC(=O)c3ccccc3OC)C(=O)O)C2=O)cc1OC,24.46
NC(=O)C(O)C#CC(=O)O,21.38
CC(C)(C)CCOc1cc(C(=O)NS(C)(=O)=O)c(F)cc1C1(C)CCOCC1,28.81
Cc1ncsc1C(=O)NC(CNC(=O)c1ccc(F)cc1)C(=O)O,27.82
CNC(C)C1CCN(c2nc(=N)c3c(-n4ccnc4)cccc3[nH]2)CC1,36.08
CC(COc1cccc(OC(F)F)c1)ON=C(CF)C(F)(F)F,39.69
Cc1ccc(C(=O)NN(CC2CCCCC2)C(=O)OC(C)(C)C)c(C)c1,29.12
CCCCCNC(=O)c1cnc(CCCC)n1-c1ccc(-c2ccc(CC(=O)O)cc2F)cn1,34.69
CN(C)CCCNC(=O)c1cc(COc2ccc(F)c(F)c2)on1,23.95
COc1cc(F)c(C(=O)NC(CNC(=O)c2ccc3ncn(C(CC4CCCCC4)C(=O)O)c3c2)C(=O)O)c(Cl)c1,33.81
O=C(NCCn1cnnc1)C1CCCC1,26.29
O=C(O)CC(NC(=O)c1ccc(Cl)cc1Cl)C(=O)NC(Cc1c[nH]c2ccccc12)C(=O)O,21.03
COC(=O)c1ncn(C2OC(CO)C(O)C2O)n1,24.15
CCOC(=O)c1nc(-c2ccc(C)cc2)nnc1Cl,22.85
CCn1cnnc1CNC(=O)NCC(O)c1cccc(F)c1,21.8
COc1cc(NC(=O)CNC(=O)CNC(=O)CNC(=O)c2ccc(C)c(C)c2)c(C)cc1OCC(NC(=O)c1c(Cl)ccc(C)c1F)C(=O)O,37.5
COc1cc(Cl)cc(NC(=O)Nc2c(C)cc(C)cc2C)c1C(=O)NCC(=O)NC(CNC(=O)c1c(C)cccc1C)C(=O)O,32.78
CC1(c2ccc(F)cc2)CC(=O)NCc2[nH]c3c(Cl)cccc3c21,30.52
CCN(CC(=O)O)CC(=O)N1CCn2c(C)nnc2C1c1ccc(Cl)cc1Cl,30.04
CCc1cc(C(=O)NC(Cc2ccc3nc(C)ccc3c2)C(=O)O)ccc1OC(C(=O)O)C(=O)O,34.53
C#CCNC(=O)C=C1c2ccccc2CCC1O,23.62
CCn1nc(Sc2ccc(NC(=O)CCNC(=O)c3c(Cl)cccc3Cl)cc2F)cc1C(=O)NCC(NC(=O)c1c(Cl)ccc(C)c1F)C(=O)O,40.89
O=C(Cn1cc2ccccc2n1)NCC(NC(=O)c1c(Cl)cccc1Cl)C(=O)O,17.47
CC(=O)N1CCC(NC(=O)c2cc3c(nc2C)N(c2ccccc2NC(N)=O)CC3)C1,37.81
COc1ccc(C(NC(CNC(=O)c2cc(O)cc(NC3=NCC(O)CN3)c2)C(=O)O)C(=O)O)cc1,24.19
CC1CNCC(C)N(c2nc3c(c(=O)[nH]c(=O)n3C)n2Cc2ccc(Br)cc2Cl)C1,43.64
CC(=O)Nc1cc(C(=O)NC(Cc2ccccc2)C(=O)O)cc(N(C)C(=O)c2ccccc2)c1,32.61
O=C(CN1CCN(CC(=O)Nc2ccccc2Cl)CC1)Nc1ccccc1,18.63
CC12NC(=O)CNC(=O)N1C(C(=O)Nc1ccc(Br)cc1)CS2,36.66
O=C(CC(NC(=O)c1ccc(Cl)c(Cl)c1)C(=O)O)Nc1cccc(C(=O)O)c1,26.61
CC(=O)NC1(c2ccccc2)CCN(C(=O)Cn2ccc3cc(N4CCCCC4)c(Cl)cc32)CC1,35.8
NC(CNC(=O)CNC(=O)c1ccc(CC(NC(=O)c2c(Cl)cccc2Cl)C(=O)O)cc1)C(=O)O,25.82
CCCc1c[nH]c(=O)n1-c1ccccc1,21.27
O=C(Cn1c(=O)[nH]c2ncncc21)NC(COCCCn1c(=O)[nH]c2ncncc21)C(=O)O,29.59
CC(C)c1nc(-c2ccc(CC(NC(=O)c3nc(OCCN4CCOCC4)cc(-c4cccs4)n3)C(=O)O)cc2)no1,39.47
CCCCCCN=c1[nH]cc(-c2ccc(=O)n(C(C)C)c2)c(=N)[nH]1,29.45
Cc1[nH]c(=O)[nH]c(=O)c1NC(=O)CNC(Cn1c(=O)[nH]c2ncccc21)C(=O)O,24.86
Cc1cc(C)cc(C(=O)N(C)CC(C)(C(=O)NCCC(=O)O)n2nc(-c3ccc(F)cc3)ccc2=O)c1,45.67
COC(=O)C(CC(C)C)NC(=O)C(CC(=O)O)NC(=O)CNC(=O)C(Cc1ccc(O)cc1)NC(=O)c1c(Cl)ccc(C)c1F,31.93
Cc1ccc(Cl)c(C(=O)NCC(NC(=O)NCc2nc(=O)c3ccccc3[nH]2)C(=O)O)c1F,27.35
Cc1c(OC(=O)c2ccccc2O)cc(O)c2c(=O)c(NC(=O)C(=O)O)c(O)oc12,35.82
Cc1[nH]n2c(=NC(CCC(=O)O)C(=O)NC3CC(C(=O)O)N(C(=O)Cc4cccnc4)C3)c(-c3ccccc3)cnc2c1C#N,51.7
Cc1ccc(Cl)c(C(=O)NCC(=O)NC(Cc2ccc(Oc3ccccc3)cc2)C(=O)O)c1Cl,25.38
CC(C)(C)CC(=O)NC1CCc2[nH]c(=O)c3ccccc3c2C1,23.88
O=c1[nH]c2ncccc2n1Cc1cccnc1,19.09
O=C(Cn1c(=O)[nH]c2ncccc21)NC(Cc1ccc(-c2cccc(NC(=O)NC3CCCCC3)c2)cc1)C(=O)O,19.11
Cc1nc(C2CNC(C(=O)Nc3ccc(C#N)cc3)O2)co1,34.9
CN1CCN(Cc2ccc3c(n2)NC(=O)CO3)CC1,19.96
O=C(Cn1c(=O)[nH]c2ncccc21)NCC(NC(=O)c1ccc(Cl)cc1Cl)C(=O)O,14.42
CCCCCc1nc2cc(Cl)c(Cl)cc2n1CC(=O)O,22.96
CC(C)(C)c1ccc(OCC(=O)NNC(=O)Cn2c(=O)[nH]c3ncccc32)cc1,22.44
COC(=O)CC(C#N)(NC(N)=O)c1cc(=NC(=O)c2cc(C#Cc3ccc(Cl)cn3)ccn2)nc(N2CCC(C(=O)N(C)C)CC2)[nH]1,64.84
O=C(NC(CNC(=O)c1cccc(C2CCNCC2)c1)C(=O)O)OCc1ccccc1,31.16
Cc1ccc(C(=O)NCc2cnccn2)c(OCc2ccncc2)n1,25.68
COc1ccc(S(=O)(=O)NC(Cc2c[nH]c3ccc(OC)cc23)C(=O)O)cc1,21.91
O=C(O)CCC(NC(=O)c1ccc(-c2ccccc2)cc1F)C(=O)N1CCC(NCCc2ccc(Cl)c(Cl)c2)CC1,34.12
Cc1cc(C)n(CC(=O)NNc2ccc(Cl)c(F)c2Cl)n1,22.61
CN(C(=O)CCc1ccc2nc(C(C(=O)NCCS(N)(=O)=O)S(C)(=O)=O)[nH]c2c1)C1CCCCC1,31.74
O=C(Cn1c(=O)[nH]c2ncccc21)NCC(NC(=O)c1ccc(Cl)cc1Br)C(=O)OCC(=O)NC(CO)c1ccccc1,39.77
Cc1nc(N(C)CCN(C)C)nc2c1ncn2-c1ccc(C(=O)NCC(NC(=O)c2c(F)cccc2Cl)C(=O)O)cc1,33.89
COC(=O)C(CC(=O)O)NC(=O)c1ccc(F)c(Br)c1,24.14
CCN(CC)c1ncnc2c1ncn2CCCNCc1ccc(OC)c(OC)c1OC,24.87
Cc1c(C(=O)NC(=O)CNC(=O)NCC(NC(=O)c2ccccc2Cl)C(=O)O)[nH]c2ccc(Cl)cc12,28.71
O=C(CN1Cc2ccccc2NC1=O)Nc1cccc(Br)c1,22.58
Clc1ccc(CN=c2nc[nH][nH]2)cc1Cl,19.0
COCC(C)(C#N)NC(=O)C(=O)Nc1ccc(Cl)c(F)c1,31.51
COC(=O)C(C)(COc1[nH]c(=N)nc2[nH]cnc12)CC(=O)O,29.96
O=C(O)CNC(Cn1c(=O)[nH]c2ncccc21)C(=O)O,18.27
COc1cccc(C(=O)Nc2cccnc2N(C)C)c1OC,27.13
CC(C)OC(=O)NC(CN=c1[nH]c(-c2ccc(Cl)c(F)c2)cc2ncn(C)c12)C(=O)O,36.0
O=C(Cn1c(=O)[nH]c2ncccc21)NCc1ccc(Cl)cc1,15.67
Cc1cnc(C(NC(=O)CNC(=O)C(CNC(=O)CN)NC(=O)c2c(Cl)ccc(C)c2F)c2ccccc2)s1,36.08
COc1cccc(OC)c1-c1ccc(CC(NC(=O)c2ccc(C)c(F)c2)C(=O)O)cc1,17.39
Cc1ccc(Cl)c(C(=O)NC(CNC(=O)Cn2c(=O)n(CC(=O)NCC3CCNCC3)c3cccnc32)C(=O)O)c1F,17.86
Cc1csc(NC(CC(C)C)C(=O)NNC(=O)c2ccc3c(c2C)COCO3)c1C(N)=O,37.88
Cc1ccc(Cl)c(C(=O)NC(CNC(=O)c2cnc3ccccc3n2)C(=O)O)c1F,20.95
O=C(CCCCCNC(=O)c1cccnc1)Nc1ccccc1,21.47
COC(=O)Nc1cnc(-c2ccccc2Cl)n(CC(=O)NCC(N)C(=O)O)c1=O,28.63
O=C1Nc2ccc(Cl)cc2C2(CCOCC2)N1,17.05
O=C(NC(Cc1c(Cl)cccc1Cl)C(=O)O)c1c(Cl)cccc1Cl,17.19
CC#CCOc1c(NCC(NC(=O)c2ccccc2)C(=O)O)c(=O)c1=O,25.48
COCCCNCC(O)C(Cc1ccccc1)NC(O)c1ccc(C#N)c2cc(Cl)ccc12,42.89
COC(=O)CC(NC(=O)Cn1c(=O)[nH]c2cc(C)ccc21)c1ccccc1,26.26
O=C(O)CC(NC(=O)Cn1cnc2c(F)cc(=NCCC(NC(=O)c3c(Cl)cccc3Cl)C(=O)O)[nH]c21)c1ccccc1,32.15
CCOC(=O)NC(CN1CC(O)C(n2cc(C(=O)c3cncc(NC(=O)Cc4ccc(Cl)cn4)c3)c3c(=N)nc[nH]c32)CC1=O)C(C)(C)C,47.76
O=C(COC(=O)c1ccc(F)cc1Cl)NCc1ccco1,19.95
Cc1cc(C#N)cc(C)c1C(=O)NCC(NC(=O)c1c(Cl)cccc1Cl)C(=O)O,14.53
CCN(CC(=O)Nc1ccc(C)c(C)c1)CC(=O)NC(C)C,20.29
CCCn1ncc(C(=O)NCCc2cccnc2)c1C,23.82
O=C(CCCN1CCc2ccccc2C1)NCc1c(Cl)cccc1Cl,24.8
Cc1cc2c(cc1O)CCC1C(C)(C(=O)O)CCCC21C,20.35
CC(C)S(=O)(=O)c1cc(C(=O)O)ccc1CNC(=O)C(CN)c1ccccc1,36.57
COc1cccc(OC)c1-c1ccc(CC(NC(=O)c2c(F)cccc2Cl)C(=O)O)cc1,13.16
O=C(NC(Cc1c[nH]c2ccc(F)cc12)C(=O)O)c1c(Cl)cccc1Cl,15.68
CC(CNC(=O)CN1c2ccccc2COc2ccccc21)(NC(=O)c1ccccc1Cl)C(=O)O,28.24
CC(C)N(C(=O)CS(=O)(=O)Cc1cccc(Cl)c1)C(C)C,28.22
CNCCCn1c(=O)n(CC(=O)NCC(NC(=O)c2c(Cl)ccc(OC)c2F)C(=O)O)c2cccnc21,21.19
O=C(CC(NC(=O)c1cc2c(Cl)cccc2[nH]1)C(=O)O)NC1CCOc2ccccc21,29.8
CC(C)CC(NC(=O)c1c(Cl)cccc1Cl)C(=O)O,13.73
O=C(Cc1ccc(OC(=O)N2CCNCC2)cc1)NCC(NC(=O)c1ccccc1)C(=O)O,23.83
Cc1cc(C)c2c(n1)[nH]c(=O)n2CC(=O)NCC(C)c1ccccc1,23.27
O=C(Cn1c(=O)[nH]c2ncccc21)NCC(NC(=O)c1ccc(OC(F)(F)F)cc1)C(=O)O,17.26
CCN(CC(=O)N1CCCC1Cn1ccnn1)C(=O)c1cccc2ccccc12,35.45
COc1ccc(CN2CCCn3nc(C(=O)NC(CNC(=O)NC45CC6CC(CC(C6)C4)C5)C(=O)O)cc3C2=O)cc1,30.36
O=C(O)c1ccc2n[nH]c(-c3ccccc3)c2c1,20.23
COc1cc(-c2noc(CCC(=O)NC(CCSC)C(=O)O)n2)cc(OC)c1OC,23.9
O=C(C=Cc1ccccc1)c1c(Cl)cccc1Cl,19.11
Cc1ccc(Cl)c(C(=O)NC(CNC(=O)C(NC(=O)Cc2cc(F)cc(F)c2)C(C)(C)C)C(=O)O)c1F,24.2
O=C(O)CN(CCOCCOCCN(CC(=O)O)CC(=O)O)CC(=O)O,17.94
N#Cc1c(O)cnc2ccc(NC(=O)CBr)cc12,36.44
Cc1ccc2c(ccn2S(=O)(=O)c2cc(C)c(Cl)c(C)c2)c1,27.15
NC(=O)c1ccc(CNC(=O)Cn2c(=O)[nH]c3ncccc32)cc1,19.03
O=C(Nn1c(O)c2c(c1O)C(Cc1ccccc1)(C(=O)O)NC2c1ccccc1)c1ccc(Cl)cc1Cl,31.56
Cc1ccc(NC(=O)Nc2ccc(-c3c[nH]c4nc(=NCCCN5CCN(C)CC5)[nH]cc34)cc2)cc1,28.73
Cc1ccc(SC(CC(=O)c2ccccc2)(C(=O)O)C(=O)O)cc1,26.23
Cc1ccc(OCCNCCOc2ccccc2)cc1,21.07
Cc1ccc(Cl)c(C(=O)NC(CNCC(=O)NC2CCCCN(O)C2=O)C(=O)O)c1F,28.45
COc1ccc(COCCCO)c(C(=O)NC(CNc2ccc(N3CCNC3=O)cc2)C(=O)O)c1,37.03
Cc1cc(O)cc(C)c1CC(N)C(=O)Nc1cc(CC(=O)NCC(NC(=O)OCc2ccccc2)C(=O)O)cc(CC(=O)Nc2cccc3[nH]cnc23)c1,40.2
N=C(N)c1cccc(CC(NS(=O)(=O)c2cccc3cccnc23)C(=O)O)c1,23.34
O=C(NCC(NC(=O)c1c(Cl)cccc1Cl)C(=O)O)c1cc2ccc(Cl)cc2[nH]1,21.78
O=C(Cn1c(=O)[nH]c2ncccc21)NCC(=O)Nc1ccc(Cl)cc1,16.02
CSc1nc2sc3c(c2c(=O)n1CC(=O)NCC(NC(=O)c1ccccc1Cl)C(=O)O)CCCC3,26.62
CC(C)(O)c1ccc2c(c1)CCCC2(C)C,23.56
Cc1cc(C)nc(N2C(=O)CSC2c2ccccc2)n1,20.15
O=C(O)CC(CCc1ccccc1)(Oc1ccc(Cl)cc1)C(=O)O,23.54
CC(C)N(CCNC(=O)C1(C)Cc2cccnc2N(C)C1=O)CC(=O)NCC(NC(=O)c1ccccc1Cl)C(=O)O,42.95
O=C(CCC(=O)N1CCCC(C(=O)NC(Cc2ccccc2)C(=O)O)C1)c1ccccc1,29.97
Cc1cccc(C)c1NCCNC(=O)C(Cc1ccccc1)CC(O)C(NC(=O)c1cccc(Cl)c1F)C(C)C,42.01
O=C(Nc1ccc(N2CCNCC2)cc1)c1cc(-c2ccc(F)cc2)[nH]n1,26.31
COC(=O)c1sc(=NC(=O)Cn2c(O)ccc2O)n(C)c1C,25.39
Cc1cccc(C#CCn2c(=O)[nH]c3ncccc32)n1,22.44
O=C(NC(Cc1nc2ccccc2[nH]1)C(=O)O)c1c(Cl)cccc1Cl,16.45
O=C(NC(C(=O)O)C(=O)O)c1ccc(Cl)cc1Cl,15.06
CN(C)CC(CNC(CNC(=O)c1ccoc1)C(=O)O)NC(=O)Cn1ccc2cc(C#N)ncc21,42.39
CCCCn1c(N)c(N(CC(C)C)C(=O)CCC(=O)NC2CCN(Cc3ccccc3)CC2)c(=O)[nH]c1=O,21.19
CC(=O)NCC(NC(=O)c1nn(Cc2ccc3ccccc3n2)c(=O)n1Cc1ccc(Cl)cc1)C(N)=O,37.48
CN=c1[nH]c2ccc(C)cc2c(=NC(=O)c2ccc(Cl)cc2Cl)s1,30.29
O=C(NNC(=O)C(NC(=O)c1c(Cl)cccc1Cl)c1ccccc1)c1ccc(Cl)cc1Cl,25.04
Cc1ccc(Cl)c(C(=O)NC(CNC(=O)Cn2c(=O)[nH]c3ncncc32)C(=O)O)c1F,16.61
Cc1cccc(Nc2ccccc2C(=O)Nc2ccc(F)cc2)c1C,23.44
O=C(O)c1cnc2ccc(OCCCCCn3ccnc3)cc2c1,30.03
COc1ccc(C(=O)Nc2cc(NC(=O)Cc3ccc(OC(C)C(=O)O)c(F)c3)ccc2C)cc1,32.45
CCNC(=O)NCC(=O)Nc1cc2c(cc1C)[nH]c(=O)n1ccnc21,33.26
Cc1ccc(-c2c(-c3ccc4[nH]nnc4c3)[nH]c(=O)[nH]c2=O)cc1C,30.15
CN(C)C1(CNC(=O)Cn2c3c(c(=O)[nH]c2=O)CCCN3)CCCCC1,23.68
CCc1c(C(O)O)[nH]c(SCC(=O)c2ccc(Cl)cc2)nc1=O,24.94
COc1ccccc1CNC(=O)c1c(Cl)ccc(C)c1F,15.79
COCC(NC(=O)C(CCCN(Cc1ccc(-c2ccccc2)cc1)NC(=O)C(NC(=O)OCC(C)C)C(C)(C)C)NC(=O)c1c(Cl)cccc1Cl)C(=O)O,38.01
CCC(Cc1ccc(O)cc1)NC(=O)Cn1ncc2cc(C(=O)NC(CNc3ccc(N4CCNC4=O)cc3)C(=O)O)ccc21,34.39
CC=CCN(c1cccc2cccnc12)S(=O)(=O)c1ccc(OC)cc1,33.71
COc1cccc(Cc2ncccc2C(=O)NCC(NC(=O)c2c(F)cccc2Cl)C(=O)O)c1,28.8
CC(=O)N=CCC=NC(C)C(=O)O,20.17
CCc1ncnc(-c2ccc(C(=O)N(C)C)c(Cl)c2)c1C#Cc1ccc(=N)[nH]c1,22.08
O=C(NC(CN1C(=O)NCc2ccccc21)C(=O)O)c1c(Cl)cccc1Cl,17.92
CC(CN1CCOCC1)Oc1ccc2c(c1)NC(=O)CC2,25.96
COc1cc2[nH]c(N3CCN(C(=O)c4ccccc4)CC3)nc(=N)c2cc1OC,19.85
Cn1nc(C(=O)NC(Cc2ccc(C(=O)O)c(Br)c2)C(=O)O)nc1-c1ccccc1Cl,33.11
COCC(C)(C)NC(=O)Nc1ccc(C(=O)N(C)C)c(C)c1,28.85
Cc1ccc(NCC(O)CCl)cc1,23.01
CN1CCCc2ccc(NC(=O)C(C)(C)c3cc(C(N)=O)ccn3)cc2C1,40.29
O=c1[nH]c(=O)c2c(ncc(=NCCO)n2Cc2ccc(F)cc2)[nH]1,28.13
CCCCCCC(CCCC)N1OC(CO)C(O)C(O)C1O,30.63
CCCCNC(=O)c1ccc(NC(=O)CSc2nnc(C)n2C)cc1,26.65
CCOC(=O)C(=NNC(=O)OC)C(=O)Nc1ccc(Cl)cc1Cl,27.65
CC(C)(C)NCC(O)COc1ccccc1C(=O)CCc1ccc(F)cc1,17.89
CC(=O)NCC(C)N1N=C(c2cc(Cl)ccc2Cl)CCCC1=O,32.08
COc1ccc(C(CC(=O)O)NC(=O)CNC(=O)CNC(=O)NC(C(=O)O)c2ccc3ccccc3c2Cl)c(Cl)c1,34.93
CC(=O)N1CC2(ON=C1c1ccco1)C(=O)NC(=O)NC2=O,32.36
O=C(O)CC(NC(=O)C(CNC(=O)CN1CCNC1=O)NC(=O)c1ccccc1Cl)c1ccc2c(c1)OCCO2,33.63
CC(SCC(C)(C)C(=O)N1CCCC1C(=O)O)C(=O)O,29.61
NC(Cc1c[nH]c2ccccc12)C(=O)O,16.38
CC(=O)Nc1ccc(NCCN(C)C)c(NC(=O)c2ccc(C)cc2)c1,25.83
CCC(COc1ccc2[nH]ccc(=O)c2c1)Nc1nc(C)cc(C)c1NC(Cc1ccc(OC(=O)N2CCCC2)cc1)C(=O)O,41.36
O=C(O)CCn1c(=O)c2nnc(-c3cccnc3)n2c2ccccc21,28.38
O=C(Cn1ccc2ccccc21)Nc1cccc2c1[nH]c1c(C(=O)O)ccnc12,38.8
O=C(Cn1c(=O)[nH]c2ncncc21)NCC(NC(=O)c1c(Cl)cccc1Cl)C(=O)O,15.25
CC1CCC2(CC1)NC(=O)N(Cc1ccc(F)cc1F)C2=O,21.21
CC(=O)NNC(N)=NC(=O)CC(C)c1ccccc1,28.51
Cc1cc(Cl)cnc1C(=O)Nc1cnc2ncnc(N3CCC(O)CC3)c2c1,32.39
Cc1ccc(Cl)c(C(=O)NC2CCCCNC2=O)c1F,16.51
