smiles,label
COc1ccc(-c2c(CC(C)(C)C(=O)O)[nH]c3nc(-c4ccccc4)nn3c2=O)cc1,gen_00015
Cc1ccc(C(Nc2nccc(-c3cccc4ccccc34)n2)C(=O)O)s1,gen_00016
O=C(O)C1COCN1c1nc2ccc(-c3ccc(C(F)(F)F)c(Cl)c3)nc2[nH]1,gen_00027
O=C(O)c1ccc2c(c1)[nH]c(=O)c1c(-c3cccc(Cl)c3O)cc(=O)n(-c3ccccc3F)c12,gen_00047
O=C(O)c1ccnc(Cn2c(O)cc3cccc(-c4cncc(Cl)c4)c32)c1,gen_00101
O=C(O)c1ccc(-c2ccc3c(c2)C(O)(C(F)(F)F)c2ccccc2-3)cc1,gen_00130
O=C(O)c1ccc(-c2cc3c(-c4ccccc4O)nc(C(=O)O)cc3s2)cc1,gen_00137
O=C(NC(C(=O)O)c1cccs1)c1cn(-c2ccccc2)nc1-c1cc(F)ccc1F,gen_00148
O=C(O)c1ccc2c(-c3cccnc3)csc2c1O,gen_00192
Cc1cc(OCC(C)C)ccc1-c1cnc(-c2cccc(C(=O)O)c2O)o1,gen_00194
O=C(O)c1nc2[nH]c3cc4ccsc4cc3c(=O)c2s1,gen_00197
Cn1cncc1-c1ccc2c(c1)C(O)(C(=O)O)c1ccccc1-2,gen_00208
Cc1cc2c(c(O)c1CCC(=O)O)-c1c(cccc1CC(C)C)CC2,gen_00213
O=C(O)c1ccc(C#CC(O)(c2ccccc2)c2ncc(-c3ccccn3)s2)cn1,gen_00238
Cc1ncc(-c2cc(CC(C)C)ccc2O)n1-c1ccc2c(c1)nc(C(=O)O)n2C,gen_00247
O=C(NC(C(=O)O)c1ccc2ncccc2c1)c1ccc(-c2ccccc2)cc1F,gen_00254
Cc1ccc2c(-c3nccc(Cc4ccccc4)n3)c(C(=O)O)[nH]c2c1F,gen_00272
O=C(O)C(Cc1ccc2cc(-c3ccncc3)ccc2n1)NCc1ccc2ccccc2n1,gen_00332
COc1ccc2cc(-c3ccccc3-c3cccc(C(=O)O)c3O)[nH]c2n1,gen_00352
COc1ccc(-c2c(-c3ccc(C(=O)O)cc3)[nH]c3nc(OC)ccc23)cc1,gen_00357
O=C(NC(C(=O)O)c1ccc2c(c1)OCO2)c1cn(-c2ccc(F)cc2)c2ccccc12,gen_00365
CC1(C)CCc2c(NC(=O)c3cc4cc(C(=O)O)ccc4[nH]3)cccc21,gen_00370
Cc1cccc2ncc(C(C)NC(C(=O)O)c3ccc(Oc4ccccc4)cc3)n12,gen_00392
O=C(O)CC1CCn2c(O)c(C(C(=O)O)c3ccccc3)c3cccc1c32,gen_00410
Cc1nn(-c2nc(-c3ccc4cccnc4c3)cs2)c(CCNC(=O)C(=O)O)c1C,gen_00445
O=C(O)C1(O)CCc2c(c(O)c3ccccc3c2O)C1,gen_00454
O=C(O)c1ccc(-c2ccc3occ(-c4ccncc4)c3n2)cc1O,gen_00582
CC(C)CC(NC(C(=O)O)c1ccc(F)cc1)c1ccnc2ccccc12,gen_00615
O=C(O)c1cc(C(O)c2ccc3cc(F)ccc3c2)n(-c2ccccc2F)c1,gen_00618
O=C(O)c1cccc(Nc2nccc(-c3cccc4ccccc34)n2)c1,gen_00642
O=C(O)c1ccccc1C(O)c1ccc2ncc(-c3ccccc3)cc2c1,gen_00677
O=C(O)C(O)(c1ccccc1)c1scc2ccc(-c3ccc4nc(-c5ccncc5)cn4n3)cc12,gen_00725
Cc1ccc(OC2Cc3cc[nH]c3C2O)c(-c2cccc(C(=O)O)c2)c1,gen_00731
O=C(O)Cn1c(=O)[nH]c2c(-c3cn4c(-c5ccccc5)ccc4cn3)cccc21,gen_00791
CCc1ccc(NC(=O)C(C(=O)O)C(Cc2ccccc2)n2cncn2)cc1,gen_00796
O=C(O)C(NCc1cccc2c1OCO2)c1ccccc1,gen_00799
O=C(O)c1nc(-c2ccccc2C(F)(F)F)cc2c1-c1ccccc1C2(O)C(=O)O,gen_00804
COc1ccc(-c2cc(-c3[nH]c(C(=O)O)c4c3C(=O)N(Cc3ccccc3)CC4)[nH]n2)cc1,gen_00830
COc1ccc2c(C(Oc3cccc4cnccc34)C(=O)O)c[nH]c2c1,gen_00851
Cc1ccccc1-c1nnc(C(O)(c2cc(C(C)(C)C(=O)O)c3ncccc3c2)C(F)(F)F)n1C,gen_00852
O=C(O)C(Oc1ccc(Cc2ccc(Cl)nc2)cn1)c1c[nH]c2ncccc12,gen_00862
CCCC(NC(C(=O)O)c1ccccc1Cl)c1cccc2nsnc12,gen_00918
O=C(O)c1ccc(-c2nn(-c3ccc(F)cc3)cc2C(O)C(=O)O)cc1,gen_00968
Cc1ccc(NS(=O)(=O)c2cc(Cl)cc(-c3ccco3)c2)cc1NCC(=O)O,gen_00975
Cc1ccc(-c2cncc(-c3ccc4c(C)nc(C(=O)O)c(O)c4c3)c2)nc1,gen_00979
Cc1c(-c2cccc3c2C(O)(C(F)(F)F)c2ccccc2-3)cc(C(=O)O)n1C,gen_00991
Cc1cc(COc2ccc(C(=O)NC(C(=O)O)c3ccccc3)cc2)c2c(F)cccc2n1,gen_01002
Cc1ccc(C(CNC(=O)C2c3ccccc3Oc3ccccc32)C(=O)O)cc1,gen_01029
O=C(O)c1[nH]cc(-c2ccc3c(c2)OCO3)c1-c1ccccc1,gen_01044
O=C(O)Cc1csc(-c2cc3cc(=O)n(Cc4ccc(Cl)c(Cl)c4)nc3[nH]2)n1,gen_01052
Cc1ccccc1C(C(=O)O)c1cc(O)c2c(c1)OCC2(C)C,gen_01081
O=C(O)CC(c1cccnc1)C(O)c1nc(-c2ccccc2)cs1,gen_01135
O=C(NC(C(=O)O)c1ccccc1)c1ccc(-c2ccc(C(=O)O)s2)cc1,gen_01142
Cc1ccc2[nH]c(C3=c4ccccc4=NC3=O)c(NOCC(=O)O)c2c1,gen_01153
Cc1cc(-c2ccc3c(c2)-c2[nH]nc(C(=O)O)c2C3)ccc1F,gen_01159
O=C(NC(C(=O)O)c1ccccc1F)c1ccc2c(c1)CC(CCc1ccccc1F)O2,gen_01169
O=C(O)C1OC(n2nc(-c3ccccc3)c3ccc4ccccc4c32)C(O)C1O,gen_01171
O=C(O)c1ccc(-c2nc(=O)c3c(Cl)c(F)cc(Cl)c3[nH]2)cc1,gen_01182
O=C(O)C1(Sc2ccccc2)COc2ccc(Cl)cc2C1O,gen_01205
O=C(O)c1cc2c([nH]1)-c1cc(-c3ccccc3Cl)ccc1C2,gen_01212
O=C(O)c1ccc(Nc2nccc(-c3cnc4ccccc4c3)n2)cc1,gen_01223
Cc1cc(-c2ccccc2F)cc2ncnc(NC(C(=O)O)c3ccccc3)c12,gen_01237
O=C(O)C(NC1CCOc2cnccc21)c1ccc(Cl)cc1,gen_01258
Cc1ccc2c(C(=O)NC(C(=O)O)c3sccc3C)n(Cc3ccccc3)nc2c1,gen_01261
COc1ccccc1C(NC(=O)c1ccc2c(-c3cc(C)ccc3F)nccc2c1)C(=O)O,gen_01302
CC(C)CC(NCC(c1ccccc1)c1ccnc2ccsc12)C(=O)O,gen_01313
O=C(O)C(Nc1cc[nH]c(=O)c1-c1nc2ccccc2s1)c1ccccc1,gen_01342
Cc1cc2c(n1-c1ccc(-c3ccc(C(=O)O)c(=O)[nH]3)cc1)-c1ccccc1C2,gen_01353
Cc1cccc(C(NC(=O)c2ccc3cc(-c4cccnc4)ccc3c2)C(=O)O)c1F,gen_01367
O=C(NCc1cccc2ccccc12)c1cc(C(=O)O)nc(-c2ccncc2)c1,gen_01377
O=C(O)CCc1cc2cccc(-c3ccccc3)c2cc1O,gen_01400
Cc1cc(Cl)ccc1-c1ccc2cc(C(=O)O)n(O)c2c1,gen_01441
O=C(Cc1cccc2ccccc12)NC(C(=O)O)c1cccs1,gen_01477
O=C(O)C(Oc1cccc2c1CC(O)CC2)c1ccc2c(c1)OCCO2,gen_01485
CC(C)(C(=O)O)C(O)COc1ccc2nccc(-c3cnn(-c4ccccc4)c3)c2c1,gen_01503
O=C(O)C(Nc1ccccc1-c1ccncc1)c1ccc(Cl)c(F)c1,gen_01526
COc1cccnc1-c1cc(-c2ncc[nH]2)n(CC(=O)O)c1-c1cc(F)ccc1F,gen_01557
O=C(O)c1cc2c(s1)Nc1coc(O)c1C2c1ccsc1,gen_01558
Cc1cc(=O)[nH]c(-c2ccccc2-c2ccn(CC(=O)O)c2)n1,gen_01596
O=C(O)CC(c1cncc(-c2ccccn2)c1)c1ccc2c(n1)NCCC2,gen_01636
O=C(O)c1cc(-c2nc3c(F)cccc3[nH]2)ccn1,gen_01713
O=C(O)c1cn2cc(-c3cc4ccc(C(F)(F)F)cc4[nH]3)ccc2n1,gen_01714
O=C(O)COC(c1ccc(F)cc1)C(O)(Cc1ccccc1)c1ccn2ccc(C(F)(F)F)nc12,gen_01732
O=C(COC(=O)c1cc(C(O)c2ccccc2C(=O)O)c2ccccc2c1)c1ccc(F)cc1,gen_01745
Cc1cc(-c2cc(C(=O)O)c(O)c3ccccc23)ccc1O,gen_01746
CC1=CC(C)Cc2c1c(O)n(C(C(=O)O)c1cc(F)cc(F)c1F)c2O,gen_01826
O=C(O)C(NS(=O)(=O)c1cccc2cc(-c3ccccc3)ccc12)c1ccccc1F,gen_01848
COc1cc(C(=O)O)cc2[nH]c3c(c12)CCC3(C)C(=O)O,gen_01857
O=C(O)c1csc(-c2cc3c(-c4cccs4)cccc3[nH]2)n1,gen_01896
O=C(O)C(Oc1ccccc1F)c1nc2c(Cl)cccc2[nH]1,gen_01947
O=C(O)c1ccc(-c2ccn(-c3ccnc4[nH]ccc34)c2)cc1O,gen_01973
Cc1ccc(-c2ccc3c(c2)Cc2c-3[nH]c(C(=O)O)cc2=O)cc1,gen_01994
Cc1nn(Cc2ccccc2)c2ccc(C(=O)NC(C(=O)O)c3cccc(F)c3)cc12,gen_02010
COc1c(C(NC(C(=O)O)c2ccccc2)C(=O)O)ccc2nc(-c3ccsc3)ccc12,gen_02087
O=C(NC(C(=O)O)c1ccc2c(c1)OCO2)c1cccnc1Oc1ccc(F)c(Cl)c1,gen_02097
COC(C(=O)O)C(O)Cc1c(C)n(-c2ccc(F)cc2)c2ccc(C(=O)c3ccccc3)cc12,gen_02137
O=C(O)c1ccc(-n2sc3c(F)c(F)c(F)cc3c2=O)cc1O,gen_02142
Cc1c2ccc(-c3ccc(C(F)(F)F)cc3)cc2c(O)n1CC(=O)O,gen_02164
Cc1c(C(=O)O)sc2[nH]c(-c3ccccn3)nc(=O)c12,gen_02167
O=C(O)CN1Cc2[nH]c3ccccc3c2C(=O)N(c2ccccc2)C1,gen_02189
O=C(O)COc1ccc(-c2ccc(F)cc2)cc1C1NCCc2ccccc21,gen_02196
CC1=CCc2c(c(O)n(-c3cc(C)ccc3C(=O)O)c2O)C1,gen_02202
COc1ccc2nc(C(CC(=O)O)c3ncc[nH]3)c(=O)n(Cc3c(F)cccc3F)c2c1,gen_02210
O=C(O)C(Cc1ccc(-c2ccncc2)cc1)c1nc2ccccc2[nH]1,gen_02241
O=C(O)c1cccc(-c2cc3c(-c4cccc(OC(F)(F)F)c4)ccnc3[nH]2)n1,gen_02303
O=C(O)Cc1c(-c2ccccc2)ccc2c1CC(NS(=O)(=O)c1cccc(F)c1)CC2,gen_02304
Cn1nc2ccc(NC(=O)CSc3ccccc3)cc2c1C(=O)O,gen_02312
Cn1ccc2c(Oc3ccc(C(=O)NC(C(=O)O)c4ccccc4)cc3)cccc21,gen_02318
Cc1ccc(-c2csc3c(O)n(-c4ccsc4C(=O)O)c(O)c23)cc1,gen_02319
O=C(NC(Cc1cc2ccccc2s1)C(=O)O)c1ccc2cnccc2c1,gen_02335
O=C(NC(C(=O)O)c1c(F)ccc2c1ncn2Cc1ccccc1)c1ccccc1Cl,gen_02338
Cc1cc(-c2cccc(F)c2)nc2cnc(C(=O)NC(C(=O)O)c3ccc(Cl)cc3)cc12,gen_02352
O=C(O)Cn1c(=O)[nH]c2c(-c3ccc(-c4ccccc4)c(-c4ccccc4)n3)cccc21,gen_02465
Cc1cc2c(cc1CC(C)C)OC(C)(C)c1c(CCC(=O)O)c(O)cc(O)c1-2,gen_02475
O=C(Nc1c(C(=O)O)sc2ccccc12)c1ccccc1Br,gen_02496
O=C(O)CCc1c(O)c2n(c1-c1ccccc1F)Cc1ccccc1-2,gen_02510
O=C(O)C(Cc1ccc2ccccc2c1)NC(C(=O)O)c1ccc2c(c1)CCO2,gen_02550
N#Cc1cccc(Cn2cc(C(=O)c3ccc(C(=O)O)n3O)c3ccccc32)c1,gen_02586
Cc1ccc(CC(=O)O)c(-c2nc3cccnc3[nH]2)c1,gen_02596
O=C(O)C(Oc1ccc(-c2ncncc2Cl)c(Cl)c1)c1ncc[nH]1,gen_02602
O=C(O)Cn1nc(CCc2ccc3ncccc3n2)c2c(=O)cc[nH]c21,gen_02625
O=C(O)c1ccc(Nc2ncc3ncc(-c4cccc(C(F)(F)F)c4)n3n2)cc1,gen_02645
Cc1ccc(C(NC(=O)c2nc(-c3ccc(F)cc3)ccc2Cl)C(=O)O)cc1,gen_02657
O=C(O)c1ccccc1C1NCCc2ccccc21,gen_02677
Cc1ccccc1-c1[nH]n2c(=O)nc(C(=O)O)cc2c1-c1nc2ccccc2s1,gen_02693
O=C(O)CN1C(=O)C(c2cccs2)Cc2ccc(-c3ncccn3)c(O)c21,gen_02715
O=C(O)c1nc2[nH]c(-c3ccc(-c4ccncc4)cc3)cc2cc1F,gen_02748
O=C(O)Cn1cc(C(=O)c2ccccc2O)c2ccc(-c3ccco3)cc21,gen_02789
O=C(O)c1ccc(-c2cc3ccc(-c4ccoc4)c(F)c3[nH]2)cc1,gen_02797
CCCCc1nc(C(=O)c2ccccc2C(=O)O)c(O)n1Cc1ccccc1,gen_02819
O=C(O)C1=NN(C(=O)c2c(F)sc3ccccc23)C(O)(C(F)(F)F)C1,gen_02829
O=C(O)c1ccc2c(C(=O)Cn3ccnc3)c(Cc3ccc(Cl)nc3)[nH]c2c1,gen_02837
O=C(O)c1cccc(-c2ccc(CC(NC3CCCc4ccccc43)C(=O)O)cc2)c1,gen_02872
COc1ccc(CSc2nc(=O)c(CC(=O)O)c(C(=O)c3cc4ccccc4s3)[nH]2)cc1,gen_02881
COc1cncc(-c2cc(C(=O)O)c3[nH]c(-c4cccs4)nc3c2)c1,gen_02903
O=C(O)c1ccc(-n2c3c(c4ccccc42)CNC(C(=O)O)C3)cc1,gen_02917
O=C(O)c1cccc(Nc2c(Nc3ccc(C(F)(F)F)cc3F)c(=O)c2=O)c1,gen_02991
Cc1ccccc1-c1ccc2[nH]c(-c3ccc(C(=O)O)cc3)cc2n1,gen_03031
O=C(O)c1cc(-c2cccs2)c(-c2c(O)cccc2C(F)(F)F)nn1,gen_03059
O=C(O)C(Oc1ccccc1)c1nc2ccccc2[nH]1,gen_03061
CC(NC(C(=O)O)c1ccc(F)cc1)c1ccc(-c2cnc3ccccc3c2)cn1,gen_03072
Cc1ccc(C)n1Nc1nc(-c2ccncc2)nc2ccc(C(=O)O)cc12,gen_03097
N=C1NC2(CO1)c1cc(CC(=O)O)ccc1Oc1ccc(-c3cc(Cl)ccc3F)cc12,gen_03148
O=C(O)CCc1nc2ccc(-c3ccccc3C(F)(F)F)nc2[nH]1,gen_03155
O=C(O)c1ccc(-c2cc3ncccc3c(C3CCNCC3)n2)c(Cl)c1,gen_03170
Cc1c2ccccc2c(C(=O)c2c(O)cn(C(C)(C)C)c2O)n1CC(=O)O,gen_03176
O=C(O)c1ccc2[nH]c(-c3ccc4nc(-c5cccc(O)c5)ccc4c3)nc2c1,gen_03181
N=c1sc(C(=O)O)nc2cccc(-c3ccc(-c4cccnc4)cc3)c12,gen_03225
Cc1ccccc1OC(C(=O)O)c1c(-c2cccc3ccccc23)cc[nH]c1=O,gen_03240
O=C(O)c1nc(-c2cc(Cl)ccc2F)cc2c1-c1ccccc1C2(O)C(=O)O,gen_03245
O=C(O)C1CC(O)CN1C(=O)c1cccc(-c2ccc3c(c2)Cc2ccccc2-3)c1,gen_03252
O=C(O)c1cc(-c2nc3cc(F)ccc3o2)c2ccccc2c1O,gen_03254
CCC(O)(C#Cc1cc2c(cc1C(C)C(=O)O)CCC2)CC,gen_03269
CC(C)(CNC(=O)c1nc(-c2cccc(Cl)c2)cc2c1Cc1ccccc1-2)C(=O)O,gen_03286
Cc1cccc(C(=O)c2nn(-c3ccc(C(=O)O)c(O)c3)c3c2CN(C(C)C)C3=O)c1,gen_03300
O=C(O)c1ccc(-c2cc(-c3cccs3)nn2C(=O)c2nc3cccnc3[nH]2)cc1,gen_03311
O=C(O)Cn1ccc(C(O)c2cccc3cc(Cl)c(F)cc23)c1,gen_03315
C=c1c(Cc2c(O)[nH]c(-c3ccc(C(=O)O)s3)c2-c2ccccc2)c(C)sc1=CC(=O)O,gen_03319
Cc1cnccc1-c1cc(Cl)c2c(c1)C(O)c1nc(C(=O)O)ccc1-2,gen_03334
O=C(NC(C(=O)O)c1cccc2cccnc12)c1ccc(-c2ccccc2F)cc1F,gen_03371
O=C(O)C(Oc1ccc(Cc2ccccc2)cc1)c1nc2ccccc2[nH]1,gen_03383
COc1cccc(C(O)c2cc3c(c(C)c2C(=O)O)CCO3)c1,gen_03408
O=C(O)Cc1cc(=O)c2cc(-c3ccccc3)ccc2[nH]1,gen_03426
Cc1ccc(-c2[nH]c(C(=O)O)cc2-c2cccs2)nc1,gen_03453
O=C(O)c1ccc(-c2c(-c3cccc(F)c3)nc3n2C(CCCO)CCO3)cc1,gen_03456
O=C(CC(CC(=O)c1ccccn1)c1ccccc1)Nc1cccc(C(=O)O)c1Cl,gen_03460
O=C(CCn1c(-c2ccncc2)cc2cc(F)ccc21)NC(C(=O)O)c1ccccc1,gen_03491
O=C1OCc2ccc(NC(Cc3cc4cc(-c5ccccc5)ccc4o3)C(=O)O)cc21,gen_03503
Cc1nc(-c2csc(C(O)(C(=O)O)c3ccc(Cl)cc3)n2)sc1C(F)(F)F,gen_03517
O=C(O)c1cc2c(cc(-c3cccnc3)c3ccoc32)[nH]c1=O,gen_03546
COc1ccc(-c2cccc(Cl)c2)cc1-c1nc2ccc(CC(=O)O)nc2[nH]1,gen_03593
O=C(NCC(C(=O)O)c1ccsc1)c1cccc2c1c(C(F)(F)F)nn2-c1ccccc1F,gen_03598
O=C(O)C(CO)n1ccc2cc(-c3ccccc3)ccc21,gen_03626
O=C(NC(C(=O)O)c1ccccc1)c1ccc2nc(-c3ccccc3)c(-c3ccccc3)n2n1,gen_03628
O=C(O)c1c(O)[nH]c2ccc3c(c2c1=O)CCCC3,gen_03633
CC1(C)CCCc2c(-c3nc(C(=O)NC(C(=O)O)c4ccccn4)ccc3F)cccc21,gen_03644
CC(Cc1cccc(C(=O)O)n1)Nc1ccc2oc(=O)[nH]c2c1,gen_03655
O=C(O)c1ccc(-c2cccc3c2C(O)(C(=O)O)c2ccccc2-3)cc1,gen_03658
O=C(O)C(NC1c2ccccc2CC1O)c1ccc(OCc2ccccc2)cc1,gen_03660
Cc1ccccc1C(NC(c1cccnc1)c1ccccc1Br)C(=O)O,gen_03669
CC(C)CN(Cc1cc(=O)c2ccccc2[nH]1)C(C(=O)O)c1ccccc1,gen_03700
O=C(O)c1ncc(-c2ccccc2)c2c1C(NC1CC1)CC1(CCC1)O2,gen_03719
CCC(NC(=O)CSc1nc2ccccc2nc1-c1ccccc1)C(=O)O,gen_03834
COc1cccc(-c2ccc3c(C)nn(-c4ccc(C(=O)O)c(O)c4)c3n2)c1,gen_03870
O=C(O)C(Nc1cccc2c1cnn2-c1ccccc1)c1ccccc1,gen_03875
O=C(O)C(O)c1ccc(-c2ccsc2)c2nccnc12,gen_03877
O=C(O)Cn1c(=O)[nH]c2nc(-c3ccc(-n4cccn4)cc3)ccc21,gen_03880
Cc1cc(F)ncc1-c1c(-c2cnc3cc(F)c(F)cc3c2)c[nH]c1C(=O)O,gen_03890
O=C(CCc1c(F)cccc1F)NC(Cc1c[nH]c2ccccc12)C(=O)O,gen_03930
CC(c1ccc(C(O)(C(=O)O)n2ccnc2)cc1)c1cn(Cc2ccccc2)c2ccncc12,gen_03938
O=C(O)c1ccc(-n2nc(C(=O)c3ccccc3)c3cc(Cl)ccc32)cc1O,gen_03973
CC1(Cc2ccccc2)C(=O)Nc2c(C(=O)O)cccc21,gen_03979
O=C(O)c1c[nH]c2c(-c3cnc4cc(-c5cncnc5)ccn34)cccc12,gen_03998
Cc1ccc(-c2ccc(C(Cc3ccc4c(n3)NCCC4)C(=O)O)cc2)cc1,gen_04010
O=C(O)c1cc2ccc(-c3ccc(F)c(Cl)c3)cc2n1O,gen_04015
O=Cc1cc(-c2cn3[nH]c(-c4ccc(C(=O)O)nc4)cc3n2)cs1,gen_04019
Cc1nc(C(=O)O)c(O)c2nnc(-c3ccccc3)c(-c3ccccc3)c12,gen_04075
O=C(O)Cn1c(=O)[nH]c2cc(-c3ccc(-c4ccc5ccccc5c4)cc3F)ncc21,gen_04157
O=C(O)C(NS(=O)(=O)c1ccc(-c2cn3cc(Cl)ccc3n2)cc1)c1ccccc1,gen_04168
O=C(O)c1ccc(C(=O)Nc2cccc3cc(C(=O)O)ccc23)cc1,gen_04175
COCCOc1cnc2c(C(C)NC(C(=O)O)c3ccccc3)cc(-c3ccccn3)cc2c1,gen_04212
Cc1cccn2c(=O)c(C(=O)NC(C(=O)O)c3ccccc3Cl)cnc12,gen_04259
Cc1ccnc2[nH]c(-c3cnc(-c4cnccc4C(=O)O)s3)nc12,gen_04262
C=CCc1c(Cc2ccc(=O)[nH]c2)cc(O)c2cc(C(=O)O)[nH]c12,gen_04265
O=C(O)c1[nH]nc2c1CCCC2Cc1ccccc1F,gen_04278
COc1ccccc1C(NC(c1ccc2c(c1)OCC2)c1ccccc1Cl)C(=O)O,gen_04289
CC(Cn1ncc2c1-c1ccccc1OC2)NC(C(=O)O)c1cccc(F)c1,gen_04303
O=C(O)CN1Cc2cccc(NC(C(=O)O)c3ccccc3F)c2C1,gen_04335
O=C(O)C(Nc1ccccc1-c1ccccc1)c1ccc(-n2ccnc2)cc1,gen_04357
O=C(O)c1cccc(Cn2cc(-c3ccc(Oc4ccccc4)cc3)c3c(=O)[nH]cnc32)c1,gen_04372
COC(=O)N1CCc2c(cc(-c3ccncc3)cc2NC(C(=O)O)c2ccccc2Cl)C1,gen_04378
CCCOc1cc(-c2ccccc2)cc2c1-c1cc(C(=O)O)[nH]c1C2,gen_04395
Cc1ccc(-c2cccc3c(O)c(C(=O)O)ccc23)cc1,gen_04407
O=C(O)c1nc(-c2cccs2)c2cc(Cc3ccccc3)cnc2c1O,gen_04408
COc1ccccc1-c1nccc(NC2(C(=O)O)Cc3ccccc3O2)n1,gen_04423
COc1ccc(-c2cccc(C)c2Cn2cnc3c(=O)[nH]cnc32)cc1C(=O)O,gen_04428
O=C(O)Cc1c(C(=O)O)[nH]c(-c2ccc3c(c2)OCO3)c1-c1ccccc1,gen_04430
Cc1ccccc1-n1cc(C(c2ccccc2)c2ccc(C)c(C(=O)O)c2O)nn1,gen_04461
CC(C)c1nn(-c2cccc(C(N)=O)c2)c2c1CCc1ccc(C(=O)O)cc1-2,gen_04470
O=C(O)C1NNc2ccc3cc(-c4ccccc4)ccc3c21,gen_04473
Cc1nc2cc(C(=O)NC(Cc3ccccc3)C(=O)O)ccc2n1-c1ccccc1,gen_04496
O=C(NC(Cc1ccccc1)C(=O)O)c1ccc(Cl)cc1Cl,PANEL_A1AFA
CC1(C(=O)NC(CCCCCCCc2ccc3c(n2)NCCC3)C(=O)O)CCOCC1,PANEL_PLN-1474
COCCN(CCCCc1ccc2c(n1)NCCC2)CCC(Nc1ncnc2ccccc12)C(=O)O,PANEL_bexotegrast
CCNC(=O)Nc1cnnc(-c2ccc(CC(NC(=O)c3c(Cl)cccc3Cl)C(=O)O)cc2)c1,PANEL_CHEMBL4649232
