label,geometry_pass,caco2,caco2_pass,best_passing_affinity,affinity_pass,toxicity,toxicity_pass,admet_status,plip_metal_any_passing,plip_hbond_any_passing,n_poses,hERG,AMES,CYP3A4_Veith,CYP2C9_Veith,CYP2D6_Veith,Solubility_AqSolDB,all_four
gen_03644,True,-5.1493692,False,-9.497,True,0.4690931,False,ok,True,False,1,0.44154397,0.067146465,0.22884187,0.6349462,0.07051742,-4.1454306,False
gen_03252,True,-5.2747264,False,-9.305,True,0.4390144216666667,False,ok,True,False,1,0.22805409,0.163452,0.031485755,0.37976736,0.036688823,-4.084203,False
gen_00332,True,-5.7116776,False,-9.132,True,0.6297194666666667,False,ok,True,True,6,0.81247663,0.27451327,0.7546077,0.33737847,0.3053406,-3.7157497,False
gen_03890,True,-4.711343,True,-9.06,True,0.5007031233333333,False,ok,True,True,1,0.2258137,0.22102797,0.034583777,0.072552435,0.018629637,-4.6725802,False
gen_03503,True,-5.066147,True,-8.957,True,0.6062042833333333,False,ok,True,True,8,0.48362732,0.3289091,0.17105742,0.5139929,0.06576522,-5.2639685,False
gen_01302,True,-5.202246,False,-8.878,True,0.44555446666666665,False,ok,True,True,2,0.3518687,0.15503511,0.1517179,0.36878103,0.015770927,-4.313039,False
gen_00804,True,-5.7201967,False,-8.673,True,0.3481873833333333,False,ok,True,True,5,0.03137949,0.06443401,0.00057065865,0.07709332,0.0037253643,-3.0566144,False
gen_00642,True,-4.971906,True,-8.669,True,0.8688623666666667,False,ok,True,True,4,0.5116267,0.33628514,0.09936033,0.15816434,0.11028012,-5.569085,False
gen_00852,True,-5.5210533,False,-8.658,True,0.33173623166666666,False,ok,True,False,5,0.25308102,0.03964169,0.3713487,0.30786133,0.01716604,-2.9397252,False
gen_03938,True,-5.9685717,False,-8.638,True,0.5252769933333333,False,ok,True,True,9,0.85279053,0.012576772,0.96745205,0.94051325,0.5167189,-3.2851844,False
gen_02586,True,-4.9496465,True,-8.621,True,0.58507641,False,ok,True,False,3,0.2830195,0.22306637,0.22291431,0.61849266,0.06027777,-4.971011,False
gen_04430,True,-5.2710648,False,-8.591,True,0.40899218,False,ok,True,False,2,0.16053548,0.12739792,0.041254427,0.3207355,0.057058908,-3.7080674,False
gen_01503,True,-5.3811693,False,-8.582,True,0.6007388533333334,False,ok,True,False,12,0.62556064,0.14889097,0.55146396,0.7043928,0.09245403,-3.9040482,False
gen_03148,True,-5.6658525,False,-8.573,True,0.4459604533333333,False,ok,True,True,4,0.6412095,0.46277165,0.15104367,0.2507638,0.29469752,-4.3733788,False
gen_00725,True,-5.7231407,False,-8.514,True,0.5989944366666666,False,ok,False,True,9,0.4816452,0.072658174,0.28461003,0.66191804,0.05865679,-4.1131015,False
gen_00582,True,-5.0918336,False,-8.483,True,0.8435827566666667,False,ok,True,True,2,0.4433264,0.19684604,0.3864244,0.38652378,0.1914081,-4.247695,False
gen_00027,True,-5.3653493,False,-8.464,True,0.5374878233333333,False,ok,True,False,4,0.31477162,0.28424674,0.03800875,0.22126634,0.07308953,-4.041919,False
gen_00677,True,-5.1659307,False,-8.425,True,0.5134915433333334,False,ok,True,False,3,0.3088814,0.14529872,0.036240187,0.3129989,0.048223197,-4.5479364,False
gen_00979,True,-5.3249526,False,-8.42,True,0.70084649,False,ok,True,True,3,0.45602244,0.17157373,0.24616034,0.11761502,0.04897549,-4.1757746,False
gen_02010,True,-5.360209,False,-8.383,True,0.3949429926666666,False,ok,True,True,4,0.3743671,0.09589877,0.20467488,0.42917085,0.03098839,-4.019876,False
gen_02303,True,-5.0105753,True,-8.364,True,0.6443325133333334,False,ok,True,False,8,0.3160088,0.09741311,0.028618703,0.20056272,0.03600367,-5.3132386,False
gen_00365,True,-5.194059,False,-8.362,True,0.5031430466666666,False,ok,True,False,3,0.47405583,0.14632845,0.35793573,0.6128458,0.09351837,-4.557152,False
gen_00830,True,-5.2782364,False,-8.362,True,0.5825584466666667,False,ok,True,True,2,0.49386388,0.13182497,0.17633303,0.6367067,0.06652059,-4.8065505,False
gen_03383,True,-5.164073,False,-8.342,True,0.4787330233333333,False,ok,True,True,5,0.37019628,0.06606413,0.13912463,0.5912283,0.06535631,-4.771968,False
gen_01002,True,-5.197011,False,-8.301,True,0.4429373433333333,False,ok,True,False,11,0.3323074,0.18948038,0.119627096,0.38484073,0.029691884,-4.2409225,False
gen_03371,True,-5.05585,True,-8.289,True,0.3975605996666667,False,ok,True,True,2,0.18120855,0.12600645,0.050471663,0.3047944,0.013646701,-4.2060156,False
gen_02677,True,-5.1544065,False,-8.263,True,0.16834425566666666,False,ok,True,False,1,0.13913687,0.09681179,0.0028975438,0.026966745,0.069681965,-2.3435478,False
gen_03598,True,-5.109849,False,-8.243,True,0.5626664966666667,False,ok,True,True,11,0.45710126,0.11783817,0.43778554,0.8107265,0.13029997,-4.391146,False
gen_02196,True,-5.22565,False,-8.233,True,0.3386171313333333,False,ok,True,False,2,0.39096257,0.20095877,0.017309094,0.13584444,0.09447786,-3.9864273,False
gen_04372,True,-5.1711283,False,-8.226,True,0.61039473,False,ok,True,False,8,0.3816295,0.14482649,0.09495291,0.5614454,0.03766636,-5.8815255,False
gen_02137,True,-5.2836313,False,-8.221,True,0.5285950166666666,False,ok,True,True,6,0.4471868,0.16778716,0.14315788,0.61075747,0.037289076,-4.099704,False
gen_03245,True,-5.5340767,False,-8.221,True,0.36334713,False,ok,True,False,2,0.03208663,0.059016563,0.00093462446,0.10833766,0.005043886,-2.9569802,False
gen_01353,True,-4.982421,True,-8.208,True,0.6358599566666667,False,ok,True,False,2,0.38658366,0.3916272,0.072074555,0.32888594,0.043506917,-5.1329126,False
gen_01169,True,-5.0031176,True,-8.204,True,0.48191473,False,ok,True,False,10,0.47814074,0.0909603,0.29463476,0.65982765,0.064245515,-4.5022054,False
gen_01052,True,-5.25472,False,-8.194,True,0.6704672166666666,False,ok,True,False,4,0.4186603,0.23454508,0.49294987,0.7985526,0.14238513,-4.456754,False
gen_03286,True,-4.8746996,True,-8.184,True,0.6403086,False,ok,True,False,3,0.5191174,0.3926699,0.18211013,0.59972095,0.0830779,-5.2549577,False
gen_00254,True,-5.210431,False,-8.173,True,0.375656615,False,ok,True,True,2,0.13869463,0.13496327,0.025802275,0.17553738,0.0083865905,-4.3433485,False
gen_01029,True,-4.8403883,True,-8.17,True,0.4070551533333333,False,ok,True,True,5,0.32575968,0.0664891,0.22630736,0.53394973,0.043597493,-4.7809496,False
gen_03300,True,-5.009912,True,-8.166,True,0.627401,False,ok,True,True,4,0.30213684,0.23968954,0.17554691,0.6430172,0.037343312,-4.2836404,False
gen_04010,True,-5.1619134,False,-8.142,True,0.3853546466666667,False,ok,True,True,4,0.36163107,0.12361543,0.057719283,0.2141895,0.025948733,-4.552682,False
gen_02872,True,-5.791362,False,-8.114,True,0.32739572666666666,False,ok,True,False,10,0.3365922,0.12121646,0.038169287,0.28384537,0.15116125,-4.5957613,False
gen_04335,True,-5.7134905,False,-8.114,True,0.21008321133333333,False,ok,True,False,9,0.10830126,0.1718485,0.007306357,0.12685168,0.10267373,-2.6632779,False
gen_04473,True,-5.317252,False,-8.105,True,0.66302658,False,ok,True,False,2,0.4114285,0.52011895,0.069113724,0.3038119,0.07874018,-4.508409,False
gen_02465,True,-5.0485907,True,-8.103,True,0.6405607799999999,False,ok,True,False,4,0.4485735,0.21682525,0.09155613,0.56999505,0.048341952,-4.839947,False
gen_00194,True,-4.7236013,True,-8.102,True,0.6224172333333334,False,ok,True,True,7,0.4547184,0.101860926,0.10091226,0.3959575,0.050628953,-5.53374,False
gen_04496,True,-5.5170403,False,-8.079,True,0.3512296906666667,False,ok,True,True,4,0.2865578,0.1165797,0.036608778,0.14461319,0.023317073,-3.6152604,False
gen_01171,True,-5.7401705,False,-8.075,True,0.46644448,False,ok,True,False,1,0.26115832,0.12449825,0.029169386,0.56078553,0.04990267,-3.424504,False
gen_02318,True,-5.236513,False,-8.074,True,0.42642833666666663,False,ok,False,True,3,0.2905633,0.17982528,0.11225133,0.34952182,0.025840739,-4.414029,False
gen_01377,True,-5.291398,False,-8.059,True,0.4800477033333333,False,ok,True,True,4,0.3490103,0.04614838,0.07659602,0.34580693,0.09002344,-4.1706557,False
gen_02693,True,-5.0649157,True,-8.053,True,0.5681230899999999,False,ok,True,True,3,0.17673595,0.09472445,0.021780413,0.46849728,0.01591435,-4.401811,False
gen_02881,True,-5.031024,True,-8.049,True,0.60785135,False,ok,True,False,13,0.3588524,0.3834892,0.42125073,0.6820235,0.0862162,-4.17963,False
gen_03870,True,-5.17585,False,-8.039,True,0.82202076,False,ok,True,True,3,0.52389544,0.31645116,0.19535199,0.41515866,0.07398577,-4.5009127,False
gen_02657,True,-5.035323,True,-8.033,True,0.47632534,False,ok,True,True,3,0.21839917,0.17293338,0.07390853,0.47067556,0.015005333,-4.4079056,False
gen_01223,True,-5.1047773,False,-8.025,True,0.7395613299999999,False,ok,True,False,5,0.37396285,0.17576504,0.057270788,0.065799326,0.058088787,-5.195489,False
gen_03072,True,-5.4364104,False,-8.022,True,0.42825915200000003,False,ok,True,False,5,0.5082754,0.11283777,0.22813754,0.3654823,0.11256547,-4.224551,False
gen_03875,True,-5.2421465,False,-8.015,True,0.45613603666666663,False,ok,False,True,9,0.32276407,0.09953854,0.073624805,0.44347453,0.0400334,-4.500701,False
gen_04378,True,-5.3126264,False,-8.002,True,0.41983597666666667,False,ok,True,True,9,0.4729082,0.056723047,0.42588767,0.627906,0.10894469,-3.5542576,False
gen_02335,True,-5.4287176,False,-7.999,True,0.43770998333333333,False,ok,True,True,4,0.30373913,0.16110961,0.19128856,0.25957114,0.063922524,-3.7275765,False
gen_02645,True,-5.1651053,False,-7.998,True,0.6247640466666667,False,ok,True,False,10,0.43459612,0.14170435,0.042396568,0.19570632,0.037565034,-5.7034063,False
gen_04423,True,-5.2523866,False,-7.995,True,0.4048112523333333,False,ok,True,False,8,0.28731853,0.056271665,0.021649064,0.08058168,0.014404717,-3.4486897,False
gen_00791,True,-5.1996775,False,-7.993,True,0.5978088266666667,False,ok,True,False,3,0.4070274,0.20435743,0.14990024,0.41784412,0.0911444,-4.4275866,False
gen_01367,True,-5.294402,False,-7.992,True,0.47805479,False,ok,True,False,1,0.43783322,0.111062385,0.3043628,0.5129868,0.03774198,-4.475852,False
gen_01826,True,-4.832864,True,-7.99,True,0.37538873500000003,False,ok,True,True,1,0.1299911,0.14129278,0.10441961,0.2636161,0.027198201,-2.9680054,False
gen_02338,True,-5.2686605,False,-7.981,True,0.3781227933333333,False,ok,True,True,3,0.20687702,0.044297088,0.12260374,0.4634025,0.017000645,-3.3289979,False
gen_03973,True,-4.9075384,True,-7.927,True,0.7558336066666667,False,ok,True,True,4,0.34775892,0.15472011,0.14402173,0.6540855,0.08916688,-5.3215127,False
gen_04408,True,-5.0089836,True,-7.926,True,0.6663793666666668,False,ok,True,False,1,0.25524014,0.27765784,0.043739974,0.44705233,0.03326485,-4.1466603,False
gen_02304,True,-5.100708,False,-7.921,True,0.50727687,False,ok,True,True,3,0.52214754,0.0983746,0.4626941,0.8059373,0.12960622,-4.272521,False
gen_03998,True,-5.5638,False,-7.915,True,0.7211307633333334,False,ok,True,True,2,0.47479305,0.14528427,0.6768581,0.06881984,0.11921854,-4.2406144,False
gen_04168,True,-5.5808287,False,-7.893,True,0.40633092000000004,False,ok,False,False,8,0.18429843,0.09554376,0.06441851,0.4026637,0.039018787,-3.7968705,False
gen_01714,True,-5.1958447,False,-7.887,True,0.5960793999999999,False,ok,True,True,3,0.25753182,0.19694266,0.016316753,0.14881858,0.028103676,-4.653508,False
gen_00862,True,-5.4267206,False,-7.884,True,0.3249494138333333,False,ok,True,False,7,0.04175429,0.02273701,0.012371862,0.040558096,0.003330902,-3.4062371,False
gen_01485,True,-5.238457,False,-7.875,True,0.30150438,False,ok,True,False,1,0.12286309,0.024200315,0.012808284,0.12367864,0.013785126,-3.35743,False
gen_00975,True,-5.4929132,False,-7.86,True,0.4254611033333333,False,ok,True,False,10,0.55051965,0.0128964735,0.5200962,0.7452318,0.36358005,-4.4221926,False
gen_04461,True,-5.08662,False,-7.823,True,0.5177471176666667,False,ok,True,False,2,0.3135927,0.048458617,0.20525423,0.61263627,0.020605702,-4.6486397,False
gen_04470,True,-5.096575,False,-7.82,True,0.5404016,False,ok,True,False,5,0.3455212,0.18490009,0.062476266,0.36075026,0.07061915,-4.6372976,False
gen_00148,True,-5.0346384,True,-7.808,True,0.45716743200000004,False,ok,False,True,4,0.22528219,0.08648266,0.12668803,0.6179913,0.019701254,-4.3170505,False
gen_04157,True,-5.008548,True,-7.806,True,0.6546865633333333,False,ok,True,False,4,0.39613906,0.3701459,0.07160083,0.32029262,0.048810218,-5.3630652,False
gen_04289,True,-5.288434,False,-7.791,True,0.47008752666666664,False,ok,True,True,2,0.67068464,0.06206401,0.751698,0.7763131,0.17053786,-4.0436645,False
gen_00991,True,-4.950969,True,-7.786,True,0.45398623,False,ok,True,False,3,0.19788961,0.20516531,0.024634235,0.2660397,0.023675743,-4.4059896,False
gen_03181,True,-5.474218,False,-7.782,True,0.91093511,False,ok,True,False,1,0.46743664,0.32331532,0.1419239,0.16168699,0.11106696,-5.136536,False
gen_00208,True,-5.704913,False,-7.781,True,0.3575733063333333,False,ok,True,True,2,0.12507845,0.11449502,0.018266402,0.057246454,0.013189709,-2.3720403,False
gen_00272,True,-4.713625,True,-7.773,True,0.6094347833333333,False,ok,True,True,5,0.45702618,0.1495212,0.16263339,0.51699483,0.0474516,-4.9331064,False
gen_01212,True,-4.716349,True,-7.772,True,0.62112654,False,ok,True,True,1,0.26211697,0.31231153,0.025290117,0.25971776,0.05188582,-5.228534,False
gen_00015,True,-5.269514,False,-7.76,True,0.4725376333333333,False,ok,True,True,3,0.36333448,0.28421757,0.09950531,0.35116076,0.013252996,-4.636474,False
gen_03319,True,-5.290971,False,-7.743,True,0.5552898700000001,False,ok,True,False,8,0.14057568,0.14196292,0.12254137,0.5879785,0.057435255,-4.474921,False
gen_03240,True,-5.0324264,True,-7.729,True,0.46506934666666666,False,ok,True,False,1,0.21445167,0.13029501,0.038492136,0.4054243,0.014967717,-4.5183344,False
gen_00370,True,-5.005812,True,-7.723,True,0.6757968866666667,False,ok,True,True,2,0.45334563,0.27797112,0.083748445,0.3975303,0.109882675,-5.802203,False
gen_02241,True,-5.3510284,False,-7.722,True,0.48079003666666664,False,ok,True,True,6,0.4371581,0.04934259,0.3746638,0.5801967,0.17465666,-4.237395,False
gen_02917,True,-5.927394,False,-7.72,True,0.296194279,False,ok,True,False,5,0.10817623,0.1193998,0.006798926,0.114547685,0.061910044,-3.3027961,False
gen_03460,True,-5.009383,True,-7.718,True,0.3933234606666667,False,ok,True,True,3,0.2286931,0.03858124,0.10724969,0.51758516,0.051017176,-4.3983374,False
gen_02748,True,-5.140068,False,-7.713,True,0.74268454,False,ok,True,True,3,0.3861802,0.29708,0.12054546,0.15950662,0.07002806,-4.372978,False
gen_03593,True,-5.065461,True,-7.695,True,0.7424772366666668,False,ok,True,False,3,0.536446,0.33204308,0.17620984,0.27339914,0.06555122,-5.178871,False
gen_03311,True,-5.34394,False,-7.682,True,0.73773368,False,ok,True,True,6,0.3698698,0.20185998,0.1324819,0.33267474,0.06615661,-5.1203623,False
gen_00238,True,-5.438585,False,-7.657,True,0.44460217,False,ok,True,True,4,0.10142505,0.062074177,0.041220494,0.5081642,0.015827635,-3.208158,False
gen_04407,True,-4.851518,True,-7.656,True,0.65733078,False,ok,True,False,2,0.3043627,0.27304822,0.03386192,0.2868592,0.044274773,-4.7960243,False
gen_01732,True,-5.585556,False,-7.649,True,0.47358191666666666,False,ok,True,True,11,0.42029214,0.05577116,0.15697747,0.6413006,0.04162757,-3.2420266,False
gen_04175,True,-5.46731,False,-7.644,True,0.4081921533333333,False,ok,True,True,8,0.051813085,0.11108168,0.0019174304,0.080227286,0.010997353,-4.3734536,False
gen_00137,True,-5.3159056,False,-7.619,True,0.5853705366666667,False,ok,True,False,6,0.10770794,0.10584525,0.0043888413,0.25019032,0.012159621,-4.6587067,False
gen_01848,True,-5.2436876,False,-7.619,True,0.4904161966666667,False,ok,True,True,3,0.29057583,0.16749671,0.1546401,0.6924063,0.035907783,-4.452914,False
gen_01237,True,-5.062894,True,-7.612,True,0.4667819166666667,False,ok,True,True,2,0.36942136,0.14641233,0.07166274,0.26096183,0.033374928,-4.9062214,False
gen_00047,True,-5.1556015,False,-7.598,True,0.7558732433333333,False,ok,True,True,1,0.26824123,0.16885836,0.04399103,0.37177557,0.022465909,-5.3380604,False
gen_02142,True,-4.648494,True,-7.586,True,0.6901550500000001,False,ok,True,True,1,0.16940378,0.2648603,0.11149007,0.39108732,0.052404664,-3.6240852,False
gen_03660,True,-5.690464,False,-7.584,True,0.40188829666666664,False,ok,True,True,6,0.49873915,0.17100109,0.18086849,0.43877968,0.09822829,-3.7335262,False
gen_02625,True,-5.6897364,False,-7.576,True,0.3453906402,False,ok,True,True,4,0.10438883,0.15196446,0.020642648,0.0812421,0.015417667,-3.0096183,False
gen_03628,True,-5.2414784,False,-7.564,True,0.4597233133333333,False,ok,True,False,10,0.27132192,0.09282929,0.05511082,0.62251997,0.014322631,-4.965299,False
gen_01947,True,-4.9385643,True,-7.563,True,0.4789050266666666,False,ok,True,False,1,0.20522138,0.0973949,0.053620648,0.4447011,0.067580745,-3.9479759,False
gen_03979,True,-4.807346,True,-7.553,True,0.33620297,False,ok,True,True,2,0.12982371,0.03329994,0.02170634,0.22301908,0.027259061,-3.509843,False
gen_02087,True,-6.092258,False,-7.551,True,0.40482268666666665,False,ok,True,True,11,0.2867499,0.19278714,0.12599972,0.4156714,0.05848643,-3.1862435,False
gen_02352,True,-5.20302,False,-7.55,True,0.5090836200000001,False,ok,True,True,9,0.3595882,0.13914016,0.091518454,0.41741103,0.030492958,-4.763028,False
gen_01159,True,-4.770972,True,-7.549,True,0.6388760133333333,False,ok,True,False,3,0.29952368,0.45180845,0.038367737,0.27313775,0.04010172,-5.0836344,False
gen_03155,True,-5.2764893,False,-7.541,True,0.4530564366666667,False,ok,True,True,5,0.31550866,0.20195153,0.022312608,0.07942767,0.05995228,-3.9155846,False
gen_00618,True,-4.910947,True,-7.538,True,0.46675780333333333,False,ok,True,True,4,0.2644791,0.14204265,0.023994204,0.29099047,0.047903918,-5.0714226,False
gen_03225,True,-5.6204834,False,-7.538,True,0.9151983966666667,False,ok,True,True,2,0.3926702,0.38712007,0.2042423,0.39576754,0.059435695,-3.5144665,False
gen_00731,True,-5.1761384,False,-7.537,True,0.5663713433333334,False,ok,True,False,4,0.46712202,0.12715772,0.108546734,0.446716,0.14144243,-4.5951977,False
gen_02319,True,-5.1855373,False,-7.537,True,0.7743019766666667,False,ok,True,False,1,0.20427744,0.24408038,0.09127326,0.49529848,0.022580476,-3.843286,False
gen_01557,True,-5.0841722,True,-7.533,True,0.41616315000000004,False,ok,True,True,2,0.4767208,0.03952735,0.5271296,0.45547494,0.06452946,-3.8098779,False
gen_03176,True,-5.1318502,False,-7.529,True,0.4995260833333333,False,ok,True,True,8,0.32740664,0.07535186,0.10800322,0.6022946,0.109562434,-4.0248637,False
gen_00392,True,-5.5021734,False,-7.525,True,0.38509693,False,ok,True,True,3,0.4498189,0.08188846,0.25804368,0.4824454,0.07176473,-3.9614258,False
gen_02715,True,-5.249621,False,-7.515,True,0.41091144,False,ok,True,False,1,0.23597308,0.07633153,0.085536845,0.2761666,0.09807008,-3.0489268,False
gen_03633,True,-5.170501,False,-7.513,True,0.5563000733333333,False,ok,True,True,1,0.22975643,0.26001814,0.04865596,0.29520327,0.09760157,-3.3983185,False
gen_00016,True,-5.1371098,False,-7.508,True,0.6034535,False,ok,True,True,3,0.4209494,0.1954016,0.18258637,0.45757073,0.11829779,-4.477746,False
gen_03546,True,-5.0834885,True,-7.505,True,0.6436523633333333,False,ok,True,False,1,0.2699055,0.21133134,0.11950047,0.13890946,0.058296897,-4.2607336,False
gen_01994,True,-4.9690313,True,-7.504,True,0.6393846133333333,False,ok,True,True,4,0.24565215,0.37017417,0.024742212,0.25883576,0.023693055,-5.0261803,False
gen_00101,True,-5.3429527,False,-7.5,True,0.62723212,False,ok,True,False,9,0.4247361,0.03548376,0.39104468,0.6243846,0.23823173,-4.0164843,False
gen_00851,True,-5.231606,False,-7.5,True,0.4650376666666667,False,ok,True,False,4,0.3491202,0.07148828,0.29173702,0.32432786,0.053536765,-3.9099746,False
gen_01973,True,-5.365075,False,-7.498,True,0.8126633333333334,False,ok,True,False,1,0.3672819,0.2649747,0.42506146,0.23226471,0.22681184,-4.416731,False
gen_04075,True,-5.0423446,True,-7.488,True,0.5721785966666667,False,ok,True,False,2,0.16489401,0.15320139,0.012292177,0.39385313,0.012913123,-4.013415,False
gen_03408,True,-4.879719,True,-7.477,True,0.35550466666666664,False,ok,True,False,1,0.20307985,0.08237289,0.043914206,0.16917385,0.026338309,-3.5007339,False
gen_02164,True,-5.1339197,False,-7.429,True,0.5778841499999999,False,ok,True,True,6,0.38624033,0.3355694,0.07579586,0.35349828,0.0636462,-4.2672973,False
gen_02202,True,-5.111107,False,-7.426,True,0.5521596999999999,False,ok,True,False,1,0.19015214,0.16784576,0.048768207,0.24106276,0.04763316,-3.5473924,False
gen_03517,True,-5.233002,False,-7.423,True,0.5114651613333333,False,ok,True,True,5,0.112096116,0.19693556,0.06108917,0.5622736,0.016451731,-3.2199574,False
gen_03170,True,-5.481134,False,-7.419,True,0.3124288416666667,False,ok,True,False,3,0.29623085,0.20527425,0.011372519,0.035330713,0.11434342,-3.028994,False
gen_04259,True,-5.328368,False,-7.399,True,0.3426429483333333,False,ok,True,False,3,0.040270288,0.058355786,0.009526883,0.099055074,0.004009043,-3.2608287,False
gen_03834,True,-5.1678777,False,-7.388,True,0.43664036,False,ok,True,True,7,0.22454771,0.15673766,0.13756533,0.537294,0.040504333,-3.1036866,False
gen_00130,True,-4.8944044,True,-7.368,True,0.6182188133333334,False,ok,True,True,4,0.2765654,0.31612682,0.02209168,0.27338606,0.03048383,-5.0702887,False
gen_02189,True,-5.140554,False,-7.366,True,0.5203565733333333,False,ok,True,False,3,0.38154432,0.46825266,0.051465742,0.36637053,0.1522336,-3.6841407,False
gen_02903,True,-5.186805,False,-7.357,True,0.8472980199999999,False,ok,True,False,1,0.53876,0.27749628,0.5245904,0.2274256,0.15188134,-4.5230474,False
gen_01044,True,-4.8551393,True,-7.355,True,0.63115576,False,ok,True,True,2,0.41486615,0.17451349,0.18648149,0.44280028,0.22655053,-4.3880053,False
gen_01205,True,-5.151258,False,-7.35,True,0.41167775566666664,False,ok,True,False,1,0.20215201,0.012362269,0.046640582,0.56476223,0.07089976,-3.1850266,False
gen_03658,True,-5.718951,False,-7.341,True,0.33624118833333333,False,ok,True,True,4,0.031493373,0.0804894,0.0007646907,0.066205814,0.005300477,-3.4600449,False
gen_00410,True,-5.656867,False,-7.33,True,0.258844955,False,ok,True,False,4,0.05161046,0.06308609,0.0044997544,0.0999647,0.022245117,-2.9908335,False
gen_03700,True,-5.2511396,False,-7.33,True,0.356765918,False,ok,True,True,5,0.6431006,0.084577955,0.3155262,0.7661251,0.4147705,-4.2914424,False
gen_02550,True,-5.9882617,False,-7.318,True,0.296433946,False,ok,True,True,5,0.18156365,0.15141192,0.054923452,0.19076768,0.054365717,-3.5989769,False
gen_00352,True,-5.071708,True,-7.315,True,0.8103677066666668,False,ok,True,False,4,0.48200756,0.34311235,0.1807079,0.259885,0.082416736,-4.9588194,False
gen_02210,True,-5.3316855,False,-7.313,True,0.4137222933333333,False,ok,True,True,9,0.57501847,0.02924456,0.6997283,0.77445555,0.17354867,-3.6489482,False
gen_01153,True,-5.1315618,False,-7.311,True,0.5271582499999999,False,ok,True,False,6,0.19849023,0.3282653,0.040195473,0.26694953,0.029491708,-4.2816873,False
gen_02829,True,-5.0168605,True,-7.311,True,0.44310011666666665,False,ok,True,False,4,0.0761629,0.14190915,0.02628476,0.38953406,0.024963165,-3.3947544,False
gen_02097,True,-4.961779,True,-7.31,True,0.42661250666666667,False,ok,True,True,10,0.28313786,0.033029318,0.37396076,0.57353073,0.051154077,-4.0759583,False
gen_04395,True,-4.7534995,True,-7.305,True,0.6151301466666667,False,ok,True,True,4,0.2763225,0.2631639,0.023673328,0.3220988,0.037295558,-5.430583,False
gen_04015,True,-4.641841,True,-7.293,True,0.6915127666666668,False,ok,True,False,1,0.25981155,0.23590481,0.036142416,0.33024234,0.06309011,-5.152189,False
gen_02991,True,-4.7324715,True,-7.292,True,0.6695112633333333,False,ok,True,False,5,0.31175873,0.505717,0.06310777,0.21960247,0.013147813,-5.2472334,False
gen_00615,True,-5.294062,False,-7.278,False,0.39939823,False,ok,True,False,6,0.5684837,0.06075569,0.34781495,0.60081524,0.17996289,-3.7580361,False
gen_01596,True,-5.587054,False,-7.274,False,0.34493437833333335,False,ok,True,True,2,0.12984042,0.13610636,0.019576792,0.07973006,0.028880555,-3.3275285,False
gen_00968,True,-5.948184,False,-7.271,False,0.34018080933333333,False,ok,True,True,6,0.050746016,0.041729435,0.0014349465,0.12466234,0.015582723,-2.8989317,False
gen_01142,True,-5.619353,False,-7.267,False,0.3443629286666667,False,ok,False,True,6,0.04409634,0.10599594,0.004082247,0.12864594,0.007758396,-3.5528042,False
gen_00445,True,-5.6445184,False,-7.261,False,0.57091765,False,ok,True,False,8,0.4698419,0.27606314,0.34871224,0.5846933,0.14045334,-2.4202607,False
gen_01526,True,-4.959846,True,-7.261,False,0.48802608666666664,False,ok,True,True,2,0.48077798,0.03744047,0.4690722,0.67959297,0.18939938,-4.2003508,False
gen_03669,True,-5.434085,False,-7.255,False,0.3602976233333333,False,ok,True,False,1,0.5138689,0.010757791,0.71710527,0.80497104,0.12529325,-3.2132099,False
gen_03097,True,-5.3366904,False,-7.243,False,0.8117421466666667,False,ok,True,True,5,0.70622224,0.1929019,0.6480158,0.22635908,0.19503625,-3.9061146,False
gen_01636,True,-5.4461412,False,-7.235,False,0.2919231,False,ok,True,True,7,0.17857929,0.023231875,0.033774335,0.047838427,0.017341146,-2.8963003,False
gen_04212,True,-5.6439643,False,-7.223,False,0.4357463833333333,False,ok,True,False,8,0.5527895,0.10975764,0.29269588,0.42999664,0.05917262,-3.360313,False
gen_01081,True,-4.8194075,True,-7.222,False,0.34574549800000004,False,ok,True,False,1,0.24132526,0.13670193,0.08458755,0.21597672,0.03304874,-3.8016472,False
gen_02797,True,-4.707676,True,-7.217,False,0.7829655133333332,False,ok,True,False,4,0.42878023,0.38726354,0.12147053,0.27314845,0.08979764,-5.7253675,False
gen_01258,True,-5.505032,False,-7.209,False,0.33357538000000003,False,ok,True,False,4,0.43811426,0.019369382,0.36915407,0.5508105,0.20085296,-2.8100722,False
gen_03719,True,-5.16605,False,-7.209,False,0.30561105499999996,False,ok,True,True,1,0.40374255,0.1323866,0.01070746,0.10431328,0.16881564,-3.6828182,False
gen_02789,True,-5.0824533,True,-7.207,False,0.5521299566666666,False,ok,True,False,5,0.30841184,0.19994017,0.110997856,0.4849798,0.07297546,-4.738223,False
gen_03930,True,-5.2208924,False,-7.189,False,0.33394440333333336,False,ok,True,True,9,0.4480756,0.09985902,0.36980754,0.46556854,0.1332604,-3.624555,False
gen_04428,True,-5.4419527,False,-7.181,False,0.42472766,False,ok,True,True,7,0.2080758,0.1901884,0.039801788,0.17729548,0.015425831,-4.22501,False
gen_03059,True,-5.112302,False,-7.173,False,0.4720059266666667,False,ok,True,True,2,0.12580912,0.109522976,0.010838408,0.27031842,0.016513428,-3.7399368,False
gen_01857,True,-5.4544196,False,-7.167,False,0.2667433105,False,ok,True,False,2,0.021655243,0.055212002,0.001231055,0.046398602,0.009282286,-3.1718414,False
gen_01745,True,-4.9179506,True,-7.16,False,0.5825649066666667,False,ok,True,True,8,0.39426532,0.18232363,0.097370386,0.5694603,0.07553323,-5.136368,False
gen_03061,True,-5.146222,False,-7.16,False,0.3602543306666666,False,ok,True,True,1,0.103671744,0.054790497,0.011420174,0.22161885,0.028134257,-3.6246457,False
gen_03334,True,-5.1895027,False,-7.152,False,0.56769208,False,ok,True,False,4,0.25038242,0.08891184,0.066489674,0.329657,0.03913503,-3.8979206,False
gen_03880,True,-5.4772606,False,-7.138,False,0.48234414,False,ok,True,True,4,0.19979739,0.2348299,0.0376398,0.18660171,0.040445644,-3.5309162,False
gen_02475,True,-5.1012216,False,-7.137,False,0.5467475733333333,False,ok,True,False,3,0.6053277,0.121563196,0.12768154,0.3341709,0.15339452,-4.3079133,False
gen_02496,True,-4.7571793,True,-7.134,False,0.6355219833333333,False,ok,True,True,2,0.12541457,0.1416265,0.055134386,0.464619,0.02389982,-4.0309625,False
gen_03491,True,-5.2808275,False,-7.112,False,0.41838965666666666,False,ok,True,True,9,0.61422545,0.047261823,0.6933228,0.760839,0.18673205,-4.117843,False
gen_04357,True,-5.376899,False,-7.105,False,0.5196757666666666,False,ok,True,True,4,0.56868225,0.06955947,0.52232957,0.676737,0.21386066,-4.2097793,False
gen_03254,True,-4.6454277,True,-7.095,False,0.7539863533333332,False,ok,True,False,2,0.31414017,0.24402063,0.057278324,0.33460924,0.06026252,-4.911628,False
gen_01182,True,-4.69971,True,-7.09,False,0.6289219166666666,False,ok,True,False,2,0.1621503,0.23348868,0.027528426,0.21766075,0.034107395,-5.167292,False
gen_02167,True,-5.0115166,True,-7.081,False,0.43033151333333336,False,ok,True,False,1,0.047649764,0.16269206,0.003800743,0.04013054,0.004252445,-3.3471208,False
gen_00796,True,-5.6314535,False,-7.074,False,0.41555676,False,ok,True,True,7,0.41873622,0.033560827,0.5061976,0.7541028,0.10773371,-3.532254,False
gen_01400,True,-4.9184775,True,-7.073,False,0.5126203500000001,False,ok,True,False,4,0.32378548,0.27847093,0.030088633,0.24785264,0.07758029,-4.437639,False
gen_01441,True,-4.797036,True,-7.073,False,0.6477782799999999,False,ok,True,False,1,0.30314392,0.1871778,0.037205625,0.33757123,0.07706247,-5.1129813,False
gen_02510,True,-4.7513866,True,-7.07,False,0.4565449833333333,False,ok,True,False,6,0.29875445,0.13390169,0.053172044,0.40261164,0.065564014,-3.859014,False
gen_01746,True,-5.0834723,True,-7.066,False,0.6877444833333333,False,ok,True,False,2,0.27415794,0.25238448,0.04996457,0.28498533,0.07277239,-4.2450814,False
gen_00454,True,-5.8470316,False,-7.047,False,0.49733771666666665,False,ok,True,False,1,0.23938362,0.41022158,0.04340734,0.19452749,0.11743812,-2.1813476,False
gen_01135,True,-5.482438,False,-7.047,False,0.43158791,False,ok,True,True,4,0.30217355,0.038377065,0.2298758,0.7095454,0.101078734,-2.3651233,False
gen_00247,True,-5.335089,False,-7.017,False,0.41625962333333333,False,ok,True,True,6,0.45227662,0.07036715,0.07880275,0.18304464,0.083608076,-4.1803813,False
gen_00213,True,-4.809493,True,-6.999,False,0.4447643733333333,False,ok,True,True,6,0.48048797,0.16163456,0.05964352,0.2399194,0.13515754,-4.610804,False
gen_00357,True,-4.966473,True,-6.992,False,0.7325779466666668,False,ok,True,True,7,0.46234888,0.31793183,0.1007391,0.23044622,0.030551523,-5.364961,False
gen_04278,True,-4.825568,True,-6.976,False,0.33815603133333333,False,ok,True,True,1,0.2485425,0.080891885,0.023227412,0.28748932,0.117353536,-3.8516335,False
gen_04265,True,-5.4597974,False,-6.966,False,0.33624656333333336,False,ok,True,False,3,0.102701664,0.14272325,0.044428304,0.16206768,0.045502566,-4.321391,False
gen_03626,True,-5.162725,False,-6.951,False,0.4301774766666666,False,ok,True,True,4,0.3021676,0.23853593,0.10781791,0.3946368,0.11987032,-3.8896828,False
gen_03655,True,-5.2574577,False,-6.932,False,0.33650628666666665,False,ok,True,True,10,0.07001913,0.013713901,0.0026409659,0.08431395,0.022624834,-4.015534,False
gen_03426,True,-5.085644,True,-6.927,False,0.48416101333333333,False,ok,True,False,2,0.160622,0.3074088,0.020949727,0.20270744,0.022345997,-4.292598,False
gen_03031,True,-5.020841,True,-6.913,False,0.7944582533333334,False,ok,True,True,4,0.444973,0.35009307,0.055113066,0.23110071,0.04811571,-5.2214265,False
CONTROL_crystal,True,,False,-6.91,False,,False,missing,True,True,4,,,,,,,False
gen_00197,True,-5.068658,True,-6.906,False,0.8935226,False,ok,True,False,1,0.201448,0.8035833,0.05647192,0.20311446,0.030939344,-4.1383324,False
gen_04019,True,-5.5677576,False,-6.885,False,0.53308663,False,ok,True,True,1,0.12723309,0.18528725,0.014748526,0.098220006,0.022472676,-4.0953274,False
gen_03269,True,-4.6500306,True,-6.884,False,0.29746501999999997,False,ok,True,True,2,0.16336218,0.071270145,0.13577513,0.350018,0.049275216,-3.1976135,False
gen_04262,True,-5.354921,False,-6.883,False,0.7670909966666667,False,ok,True,False,2,0.35020804,0.22569852,0.3610169,0.15090826,0.044655327,-3.364296,False
gen_00192,True,-5.068778,True,-6.864,False,0.6592021166666666,False,ok,True,False,1,0.23943345,0.19780369,0.17452738,0.2948406,0.08379138,-3.3438087,False
gen_01713,True,-4.9729776,True,-6.849,False,0.47124431800000005,False,ok,True,True,2,0.09850331,0.08722331,0.005789403,0.055043887,0.02168516,-3.7557113,False
gen_00799,True,-5.2749686,False,-6.807,False,0.24471560400000003,False,ok,True,False,5,0.433599,0.06814746,0.13403699,0.21172056,0.27314442,-2.6795154,False
gen_02312,True,-5.0507374,True,-6.805,False,0.49192566666666665,False,ok,True,True,12,0.23178744,0.20614143,0.068192564,0.41772956,0.064599276,-4.2921352,False
gen_00918,True,-5.3809104,False,-6.763,False,0.5346125866666667,False,ok,False,True,4,0.44802442,0.14402723,0.475423,0.8331853,0.20040604,-3.769587,False
gen_01477,True,-5.1484437,False,-6.755,False,0.3159058363333333,False,ok,True,True,2,0.097845435,0.17821562,0.021920975,0.14008279,0.016011847,-3.4164977,False
gen_02602,True,-5.4881134,False,-6.752,False,0.37014481,False,ok,True,True,3,0.11921352,0.038508154,0.092478566,0.16550696,0.018261643,-3.284958,False
gen_04303,True,-5.26313,False,-6.744,False,0.3703885,False,ok,True,True,6,0.6556988,0.07127021,0.5082246,0.5815508,0.25486714,-3.822724,False
gen_01342,True,-5.2169924,False,-6.733,False,0.5310173233333334,False,ok,True,True,2,0.19367987,0.17379871,0.07970402,0.46558756,0.029686566,-4.4936266,False
gen_01896,True,-5.022966,True,-6.713,False,0.80559089,False,ok,True,True,3,0.26051873,0.46116883,0.05773121,0.2974146,0.03867626,-4.5520105,False
gen_02837,True,-5.3849463,False,-6.664,False,0.4210891133333334,False,ok,True,True,7,0.3287641,0.046049453,0.55077666,0.6205385,0.19912761,-3.662662,False
gen_01313,True,-5.0537086,True,-6.655,False,0.4692881033333333,False,ok,True,True,7,0.7625623,0.11940374,0.70193094,0.73822916,0.48821273,-4.010501,False
gen_03315,True,-5.1336894,False,-6.645,False,0.33398374000000003,False,ok,True,True,5,0.226554,0.19936535,0.06314744,0.2674717,0.12193904,-3.6780934,False
gen_02596,True,-5.220001,False,-6.621,False,0.4245049106666667,False,ok,True,False,3,0.18183298,0.1415326,0.03313025,0.06892302,0.026442688,-3.5695522,False
gen_02819,True,-4.9435377,True,-6.621,False,0.5152262,False,ok,True,True,8,0.3175504,0.06536236,0.11180949,0.6571831,0.062790446,-4.039296,False
gen_03456,True,-4.961903,True,-6.57,False,0.43403549666666663,False,ok,True,True,9,0.26962256,0.07329997,0.036655236,0.37655872,0.04369488,-4.298453,False
gen_03453,True,-4.9903846,True,-6.558,False,0.48772407,False,ok,True,True,1,0.15233842,0.13285989,0.018744744,0.1313087,0.023169542,-3.8662994,False
gen_03877,True,-5.6375117,False,-6.439,False,0.4394835746666667,False,ok,True,True,2,0.1329476,0.1841385,0.020898428,0.100677036,0.039051656,-2.2606819,False
gen_01261,True,-5.22011,False,-6.433,False,0.46917268333333334,False,ok,True,True,7,0.3614544,0.055903114,0.4155558,0.7864543,0.037505142,-4.244425,False
gen_01558,True,-5.0369534,True,-6.415,False,0.5725929333333334,False,ok,True,False,3,0.10399356,0.1869653,0.058390033,0.35740787,0.026611064,-3.5658982,False
