label,poses,best_affinity
CONTROL_crystal,4,-6.913
gen_00001,8,-7.572
gen_00002,3,-7.543
gen_00003,2,-6.77
gen_00004,6,-7.903
gen_00005,6,-7.182
gen_00006,4,-7.759
gen_00007,3,-7.059
gen_00008,2,-7.365
gen_00009,2,-7.986
gen_00010,4,-6.684
gen_00011,1,-6.687
gen_00012,3,-7.18
gen_00013,5,-7.3
gen_00014,6,-7.675
gen_00015,3,-7.763
gen_00016,3,-7.69
gen_00017,5,-7.827
gen_00018,10,-7.551
gen_00019,6,-8.205
gen_00020,1,-7.276
gen_00021,1,-6.902
gen_00022,3,-6.492
gen_00023,3,-6.499
gen_00024,7,-7.715
gen_00025,6,-7.707
gen_00026,2,-7.132
gen_00027,2,-8.469
gen_00028,3,-7.011
gen_00029,4,-6.712
gen_00030,7,-8.181
gen_00031,2,-7.183
gen_00032,4,-7.763
gen_00033,6,-7.214
gen_00034,1,-7.329
gen_00035,3,-8.149
gen_00036,10,-7.49
gen_00037,6,-7.271
gen_00038,2,-7.727
gen_00039,1,-8.147
gen_00040,2,-7.104
gen_00041,4,-7.239
gen_00042,1,-7.283
gen_00043,4,-7.233
gen_00044,12,-6.939
gen_00045,5,-8.087
gen_00046,4,-7.891
gen_00047,1,-7.623
gen_00048,1,-7.143
gen_00049,5,-7.26
gen_00050,2,-7.289
gen_00051,4,-8.414
gen_00052,5,-7.483
gen_00053,12,-8.592
gen_00054,7,-7.537
gen_00055,8,-7.742
gen_00056,11,-6.856
gen_00057,3,-7.688
gen_00058,4,-7.479
gen_00059,1,-7.412
gen_00060,4,-7.574
gen_00061,6,-8.18
gen_00062,2,-6.795
gen_00063,2,-7.497
gen_00064,6,-7.32
gen_00065,7,-7.795
gen_00066,1,-6.874
gen_00067,1,-8.232
gen_00068,5,-8.077
gen_00069,4,-7.167
gen_00070,2,-6.898
gen_00071,3,-7.244
gen_00072,7,-7.553
gen_00073,3,-6.257
gen_00074,3,-7.839
gen_00075,2,-7.803
gen_00076,3,-6.593
gen_00077,3,-6.728
gen_00078,1,-7.325
gen_00079,7,-7.669
gen_00080,9,-6.757
gen_00081,3,-7.101
gen_00082,3,-8.763
gen_00083,5,-7.016
gen_00084,7,-7.201
gen_00085,3,-7.036
gen_00086,5,-7.094
gen_00087,7,-7.676
gen_00088,8,-8.217
gen_00089,2,-7.494
gen_00090,2,-171.762
gen_00091,2,-7.716
gen_00092,5,-7.058
gen_00093,2,-7.521
gen_00094,4,-7.479
gen_00095,2,-6.874
gen_00096,4,-8.285
gen_00097,4,-7.346
gen_00098,1,-6.851
gen_00099,1,-7.25
gen_00100,3,-7.263
gen_00101,8,-7.733
gen_00102,1,-7.871
gen_00103,3,-7.376
gen_00104,3,-7.388
gen_00105,3,-7.571
gen_00106,4,-8.269
gen_00107,3,-8.36
gen_00108,7,-8.145
gen_00109,2,-7.544
gen_00110,7,-6.981
gen_00111,2,-7.313
gen_00112,2,-7.411
gen_00113,2,-6.903
gen_00114,9,-7.513
gen_00115,2,-7.498
gen_00116,4,-8.848
gen_00117,5,-8.378
gen_00118,6,-6.62
gen_00119,2,-6.775
gen_00120,6,-8.159
gen_00121,2,-8.178
gen_00122,2,-7.409
gen_00123,3,-7.22
gen_00124,2,-8.662
gen_00125,4,-7.439
gen_00126,2,-7.93
gen_00127,14,-7.544
gen_00128,3,-6.986
gen_00129,5,-6.703
gen_00130,5,-7.285
gen_00131,1,-7.558
gen_00132,1,-7.122
gen_00133,2,-6.972
gen_00134,5,-7.923
gen_00135,2,-7.214
gen_00136,4,-7.062
gen_00137,7,-8.079
gen_00138,6,-7.123
gen_00139,2,-7.887
gen_00140,3,-97.586
gen_00141,3,-7.763
gen_00142,1,-8.021
gen_00143,3,-7.385
gen_00144,1,-8.609
gen_00145,2,-7.342
gen_00146,2,-8.418
gen_00147,1,-7.319
gen_00148,4,-7.797
gen_00149,3,-8.001
gen_00150,7,-8.296
gen_00151,5,-9.25
gen_00152,7,-6.94
gen_00153,9,-7.647
gen_00154,4,-7.921
gen_00155,2,-7.493
gen_00156,3,-7.375
gen_00157,4,-8.761
gen_00158,4,-7.628
gen_00159,2,-8.475
gen_00160,1,-6.856
gen_00161,8,-7.138
gen_00162,6,-6.591
gen_00163,2,-7.068
gen_00164,2,-7.266
gen_00165,1,-6.901
gen_00166,3,-7.544
gen_00167,3,-7.46
gen_00168,3,-7.512
gen_00169,2,-7.36
gen_00170,8,-7.374
gen_00171,3,-41.77
gen_00172,2,-6.988
gen_00173,6,-6.892
gen_00174,4,-6.736
gen_00175,2,-6.459
gen_00176,5,-7.708
gen_00177,4,-7.429
gen_00178,3,-7.642
gen_00179,3,-8.025
gen_00180,1,-7.818
gen_00181,2,-8.222
gen_00182,6,-7.872
gen_00183,16,-7.276
gen_00184,2,-7.374
gen_00185,1,-7.592
gen_00186,4,-7.415
gen_00187,8,-7.397
gen_00188,4,-6.777
gen_00189,1,-8.081
gen_00190,14,-6.805
gen_00191,3,-7.161
gen_00192,1,-6.835
gen_00193,4,-7.85
gen_00194,5,-8.013
gen_00195,4,-8.146
gen_00196,9,-6.882
gen_00197,1,-6.886
gen_00198,11,-7.189
gen_00199,5,-7.91
gen_00200,7,-7.647
gen_00201,3,-7.232
gen_00202,4,-7.414
gen_00203,6,-7.378
gen_00204,2,-7.308
gen_00205,8,-6.745
gen_00206,1,-7.385
gen_00207,7,-7.823
gen_00208,2,-7.781
gen_00209,2,-6.829
gen_00210,2,-7.202
gen_00211,2,-6.433
gen_00212,1,-6.975
gen_00213,4,-6.692
gen_00214,7,-7.661
gen_00215,3,-8.988
gen_00216,5,-6.731
gen_00217,6,-7.119
gen_00218,2,-7.431
gen_00219,12,-8.162
gen_00220,4,-8.073
gen_00221,8,-7.261
gen_00222,12,-8.321
gen_00223,2,-6.987
gen_00224,12,-7.212
gen_00225,6,-7.169
gen_00226,1,-7.107
gen_00227,6,-7.679
gen_00228,3,-7.491
gen_00229,2,-8.123
gen_00230,1,-6.803
gen_00231,7,-7.97
gen_00232,3,-6.58
gen_00233,2,-7.813
gen_00234,1,-7.718
gen_00235,1,-7.584
gen_00236,4,-7.004
gen_00237,4,-6.956
gen_00238,6,-7.645
gen_00239,3,-7.002
gen_00240,2,-10.34
gen_00241,7,-6.995
gen_00242,2,-6.652
gen_00243,6,-8.075
gen_00244,6,-9.218
gen_00245,2,-7.67
gen_00246,2,-7.222
gen_00247,6,-7.281
gen_00248,7,-7.308
gen_00249,4,-7.745
gen_00250,4,-7.181
gen_00251,2,-6.985
gen_00252,4,-7.19
gen_00253,4,-7.99
gen_00254,2,-8.135
gen_00255,3,-7.686
gen_00256,4,-7.637
gen_00257,4,-7.925
gen_00258,1,-7.402
gen_00259,5,-7.026
gen_00260,2,-6.973
gen_00261,2,-6.568
gen_00262,1,-7.6
gen_00263,5,-6.595
gen_00264,11,-6.979
gen_00265,4,-7.324
gen_00266,2,-7.103
gen_00267,4,-7.362
gen_00268,9,-8.451
gen_00269,3,-6.911
gen_00270,2,-7.487
gen_00271,8,-8.262
gen_00272,6,-7.895
gen_00273,2,-7.082
gen_00274,2,-7.751
gen_00275,1,-83.68
gen_00276,7,-6.923
gen_00277,9,-8.44
gen_00278,9,-7.413
gen_00279,8,-8.208
gen_00280,2,-6.797
gen_00281,4,-8.046
gen_00282,2,-8.426
gen_00283,2,-6.93
gen_00284,6,-7.776
gen_00285,2,-7.568
gen_00286,8,-6.966
gen_00287,6,-7.552
gen_00288,5,-8.22
gen_00289,4,-7.726
gen_00290,4,-6.683
gen_00291,8,-8.059
gen_00292,2,-7.67
gen_00293,3,-8.439
gen_00294,5,-7.07
gen_00295,1,-7.27
gen_00296,7,-6.881
gen_00297,2,-7.781
gen_00298,4,-8.099
gen_00299,7,-7.309
gen_00300,9,-7.313
gen_00301,3,-7.135
gen_00302,5,-7.273
gen_00303,8,-8.248
gen_00304,4,-7.577
gen_00305,4,-7.482
gen_00306,1,-48.432
gen_00307,1,-7.374
gen_00308,1,-8.065
gen_00309,5,-7.069
gen_00310,2,-7.733
gen_00311,5,-8.335
gen_00312,6,-7.546
gen_00313,2,-7.949
gen_00314,4,-7.513
gen_00315,4,-8.054
gen_00316,1,-6.95
gen_00317,2,-6.911
gen_00318,2,-7.45
gen_00319,3,-7.376
gen_00320,7,-7.936
gen_00321,4,-7.525
gen_00322,1,-7.743
gen_00323,7,-8.106
gen_00324,6,-6.985
gen_00325,2,-7.065
gen_00326,6,-6.568
gen_00327,2,-7.468
gen_00328,1,-7.667
gen_00329,4,-8.243
gen_00330,3,-8.471
gen_00331,2,-7.565
gen_00332,9,-9.111
gen_00333,2,-7.015
gen_00334,3,-7.984
gen_00335,1,-7.366
gen_00336,5,-8.488
gen_00337,4,-7.212
gen_00338,4,-7.123
gen_00339,7,-7.887
gen_00340,3,-7.604
gen_00341,12,-8.338
gen_00342,5,-7.726
gen_00343,3,-6.891
gen_00344,10,-8.26
gen_00345,1,-6.932
gen_00346,8,-7.734
gen_00347,6,-7.697
gen_00348,3,-7.04
gen_00349,3,-7.671
gen_00350,11,-7.354
gen_00351,8,-7.745
gen_00352,4,-7.773
gen_00353,7,-7.143
gen_00354,2,-6.834
gen_00355,2,-7.709
gen_00356,3,-8.433
gen_00357,5,-7.207
gen_00358,5,-6.226
gen_00359,3,-7.515
gen_00360,5,-7.585
gen_00361,2,-7.478
gen_00362,4,-7.883
gen_00363,2,-7.366
gen_00364,1,-6.836
gen_00365,3,-8.229
gen_00366,3,-7.232
gen_00367,9,-6.735
gen_00368,2,-6.649
gen_00369,4,-7.006
gen_00370,2,-7.777
gen_00371,4,-7.633
gen_00372,5,-8.104
gen_00373,1,-8.3
gen_00374,4,-7.512
gen_00375,4,-6.455
gen_00376,12,-6.897
gen_00377,2,-8.15
gen_00378,2,-6.749
gen_00379,2,-7.278
gen_00380,3,-8.332
gen_00381,2,-7.2
gen_00382,2,-107.01
gen_00383,4,-7.32
gen_00384,5,-7.653
gen_00385,3,-7.622
gen_00386,3,-7.428
gen_00387,2,-7.433
gen_00388,2,-7.348
gen_00389,2,-7.725
gen_00390,2,-7.245
gen_00391,2,-7.729
gen_00392,5,-7.445
gen_00393,6,-7.965
gen_00394,4,-6.585
gen_00395,9,-7.904
gen_00396,3,-7.267
gen_00397,3,-7.429
gen_00398,6,-6.924
gen_00399,1,-7.959
gen_00400,5,-7.222
gen_00401,2,-8.92
gen_00402,1,-6.436
gen_00403,1,-8.03
gen_00404,5,-8.529
gen_00405,3,-7.176
gen_00406,4,-7.2
gen_00407,2,-6.988
gen_00408,8,-7.119
gen_00409,2,-8.18
gen_00410,3,-7.488
gen_00411,3,-6.656
gen_00412,2,-7.115
gen_00413,2,-8.089
gen_00414,2,-7.931
gen_00415,11,-6.762
gen_00416,13,-7.76
gen_00417,2,-7.647
gen_00418,4,-8.971
gen_00419,1,-55.729
gen_00420,3,-6.898
gen_00421,3,-8.003
gen_00422,2,-8.619
gen_00423,3,-7.289
gen_00424,9,-7.384
gen_00425,1,-6.606
gen_00426,2,-6.913
gen_00427,10,-7.417
gen_00428,6,-7.321
gen_00429,3,-7.794
gen_00430,13,-7.788
gen_00431,2,-8.131
gen_00432,5,-7.396
gen_00433,8,-7.638
gen_00434,1,-7.489
gen_00435,4,-7.552
gen_00436,8,-7.85
gen_00437,2,-7.932
gen_00438,6,-7.851
gen_00439,4,-8.198
gen_00440,7,-6.96
gen_00441,2,-6.691
gen_00442,2,-8.026
gen_00443,3,-7.979
gen_00444,6,-8.3
gen_00445,9,-7.656
gen_00446,4,-8.078
gen_00447,6,-8.439
gen_00448,3,-7.945
gen_00449,8,-7.124
gen_00450,3,-8.655
gen_00451,5,-6.87
gen_00452,5,-7.679
gen_00453,5,-6.972
gen_00454,1,-7.037
gen_00455,3,-7.517
gen_00456,10,-7.502
gen_00457,4,-7.905
gen_00458,7,-7.928
gen_00459,2,-7.04
gen_00460,8,-7.384
gen_00461,2,-7.285
gen_00462,2,-6.679
gen_00463,6,-6.875
gen_00464,7,-7.012
gen_00465,3,-6.98
gen_00466,4,-8.127
gen_00467,2,-7.358
gen_00468,1,-8.314
gen_00469,6,-8.115
gen_00470,6,-7.357
gen_00471,2,-7.64
gen_00472,4,-8.17
gen_00473,4,-8.211
gen_00474,2,-7.24
gen_00475,2,-8.514
gen_00476,5,-7.403
gen_00477,8,-7.314
gen_00478,5,-7.55
gen_00479,4,-8.032
gen_00480,3,-7.534
gen_00481,7,-8.18
gen_00482,7,-7.385
gen_00483,2,-7.816
gen_00484,4,-7.657
gen_00485,4,-8.281
gen_00486,9,-7.36
gen_00487,7,-7.665
gen_00488,8,-7.587
gen_00489,4,-7.18
gen_00490,5,-7.401
gen_00491,1,-8.076
gen_00492,9,-7.568
gen_00493,4,-7.494
gen_00494,6,-7.108
gen_00495,8,-7.594
gen_00496,9,-7.707
gen_00497,2,-7.059
gen_00498,1,-7.678
gen_00499,2,-6.783
gen_00500,6,-7.637
gen_00501,3,-8.662
gen_00502,3,-7.621
gen_00503,2,-7.321
gen_00504,9,-7.536
gen_00505,1,-8.727
gen_00506,5,-8.084
gen_00507,2,-7.507
gen_00508,2,-6.335
gen_00509,7,-7.479
gen_00510,1,-6.701
gen_00511,3,-8.284
gen_00512,3,-7.453
gen_00513,2,-7.31
gen_00514,2,-7.957
gen_00515,2,-7.969
gen_00516,9,-7.61
gen_00517,7,-7.513
gen_00518,2,-7.049
gen_00519,10,-8.285
gen_00520,3,-7.271
gen_00521,2,-8.39
gen_00522,2,-7.908
gen_00523,4,-7.013
gen_00524,4,-8.402
gen_00525,2,-7.137
gen_00526,4,-7.664
gen_00527,8,-8.693
gen_00528,8,-8.133
gen_00529,6,-8.228
gen_00530,7,-8.697
gen_00531,1,-6.909
gen_00532,1,-7.774
gen_00533,4,-7.087
gen_00534,3,-8.289
gen_00535,7,-8.188
gen_00536,2,-7.551
gen_00537,6,-6.939
gen_00538,2,-8.332
gen_00539,7,-7.164
gen_00540,2,-7.98
gen_00541,1,-6.523
gen_00542,3,-7.433
gen_00543,1,-7.698
gen_00544,1,-8.151
gen_00545,5,-7.47
gen_00546,6,-8.372
gen_00547,4,-7.847
gen_00548,3,-7.653
gen_00549,1,-7.341
gen_00550,2,-7.298
gen_00551,2,-6.505
gen_00552,2,-6.717
gen_00553,5,-6.885
gen_00554,1,-7.526
gen_00555,1,-6.537
gen_00556,6,-6.778
gen_00557,2,-6.306
gen_00558,7,-7.91
gen_00559,3,-8.667
gen_00560,3,-7.674
gen_00561,4,-8.669
gen_00562,5,-7.864
gen_00563,2,-8.769
gen_00564,4,-7.63
gen_00565,1,-8.235
gen_00566,4,-7.679
gen_00567,3,-7.021
gen_00568,4,-6.924
gen_00569,4,-7.554
gen_00570,1,-8.089
gen_00571,6,-7.341
gen_00572,3,-7.051
gen_00573,6,-7.126
gen_00574,4,-7.023
gen_00575,5,-7.256
gen_00576,7,-6.449
gen_00577,1,-8.775
gen_00578,3,-8.819
gen_00579,2,-7.727
gen_00580,12,-7.078
gen_00581,4,-6.866
gen_00582,2,-8.475
gen_00583,2,-7.48
gen_00584,6,-6.774
gen_00585,2,-108.193
gen_00586,2,-7.288
gen_00587,4,-6.847
gen_00588,3,-8.156
gen_00589,10,-6.734
gen_00590,1,-6.938
gen_00591,6,-7.881
gen_00592,1,-7.218
gen_00593,6,-7.668
gen_00594,1,-6.041
gen_00595,7,-7.454
gen_00596,4,-7.419
gen_00597,2,-7.397
gen_00598,11,-8.059
gen_00599,3,-8.753
gen_00600,5,-7.534
gen_00601,3,-6.66
gen_00602,1,-7.555
gen_00603,1,-8.15
gen_00604,4,-8.234
gen_00605,2,-7.194
gen_00606,3,-7.364
gen_00607,2,-7.087
gen_00608,12,-7.683
gen_00609,2,-6.557
gen_00610,5,-7.576
gen_00611,2,-93.527
gen_00612,2,-7.772
gen_00613,4,-8.385
gen_00614,2,-8.321
gen_00615,7,-7.305
gen_00616,8,-8.087
gen_00617,3,-7.871
gen_00618,3,-7.525
gen_00619,2,-7.142
gen_00620,4,-7.638
gen_00621,4,-6.709
gen_00622,10,-7.919
gen_00623,1,-6.827
gen_00624,2,-6.776
gen_00625,3,-7.972
gen_00626,1,-6.244
gen_00627,2,-6.908
gen_00628,4,-7.004
gen_00629,1,-7.811
gen_00630,10,-7.596
gen_00631,1,-8.077
gen_00632,8,-7.945
gen_00633,1,-6.721
gen_00634,4,-7.031
gen_00635,5,-7.568
gen_00636,3,-100.343
gen_00637,2,-7.153
gen_00638,4,-7.485
gen_00639,1,-7.726
gen_00640,3,-44.788
gen_00641,1,-7.356
gen_00642,3,-8.68
gen_00643,2,-7.145
gen_00644,1,-7.557
gen_00645,2,-7.443
gen_00646,1,-7.046
gen_00647,1,-7.533
gen_00648,4,-7.661
gen_00649,5,-7.973
gen_00650,3,-7.46
gen_00651,6,-8.084
gen_00652,12,-8.17
gen_00653,2,-6.851
gen_00654,8,-7.108
gen_00655,5,-7.362
gen_00656,11,-7.472
gen_00657,3,-8.488
gen_00658,1,-7.43
gen_00659,5,-7.376
gen_00660,8,-7.504
gen_00661,2,-7.767
gen_00662,2,-7.216
gen_00663,4,-7.338
gen_00664,1,-6.961
gen_00665,7,-8.002
gen_00666,5,-8.43
gen_00667,4,-7.938
gen_00668,9,-7.12
gen_00669,3,-8.38
gen_00670,3,-7.35
gen_00671,7,-7.297
gen_00672,2,-7.636
gen_00673,2,-7.554
gen_00674,11,-7.552
gen_00675,5,-6.687
gen_00676,3,-8.115
gen_00677,3,-8.432
gen_00678,1,-7.019
gen_00679,1,-7.59
gen_00680,4,-8.684
gen_00681,4,-7.199
gen_00682,3,-7.268
gen_00683,2,-7.372
gen_00684,3,-7.221
gen_00685,14,-8.519
gen_00686,5,-6.442
gen_00687,1,-7.896
gen_00688,4,-7.514
gen_00689,2,-8.113
gen_00690,2,-7.198
gen_00691,2,-7.051
gen_00692,3,-8.938
gen_00693,6,-8.487
gen_00694,2,-7.783
gen_00695,2,-7.55
gen_00696,4,-7.251
gen_00697,2,-7.536
gen_00698,14,-7.688
gen_00699,5,-8.008
gen_00700,2,-7.638
gen_00701,2,-8.177
gen_00702,3,-7.4
gen_00703,2,-8.19
gen_00704,2,-7.407
gen_00705,2,-7.122
gen_00706,4,-7.637
gen_00707,3,-7.251
gen_00708,3,-7.594
gen_00709,5,-7.775
gen_00710,3,-9.1
gen_00711,2,-7.381
gen_00712,5,-7.325
gen_00713,3,-7.525
gen_00714,12,-7.202
gen_00715,6,-6.972
gen_00716,2,-7.231
gen_00717,2,-7.404
gen_00718,2,-6.732
gen_00719,2,-7.183
gen_00720,4,-7.716
gen_00721,2,-7.165
gen_00722,6,-7.674
gen_00723,6,-7.895
gen_00724,1,-7.896
gen_00725,13,-8.528
gen_00726,5,-7.392
gen_00727,2,-7.559
gen_00728,2,-7.507
gen_00729,2,-7.229
gen_00730,1,-7.054
gen_00731,3,-7.526
gen_00732,3,-7.614
gen_00733,1,-7.619
gen_00734,2,-7.58
gen_00735,2,-7.47
gen_00736,6,-7.432
gen_00737,5,-7.97
gen_00738,3,-6.034
gen_00739,3,-6.996
gen_00740,5,-8.409
gen_00741,3,-7.189
gen_00742,7,-6.792
gen_00743,5,-7.409
gen_00744,3,-7.087
gen_00745,7,-7.424
gen_00746,6,-7.709
gen_00747,1,-7.956
gen_00748,13,-7.718
gen_00749,2,-8.031
gen_00750,1,-7.277
gen_00751,2,-8.393
gen_00752,5,-7.345
gen_00753,12,-8.134
gen_00754,5,-7.784
gen_00755,11,-7.76
gen_00756,2,-6.4
gen_00757,5,-7.958
gen_00758,3,-7.658
gen_00759,2,-7.18
gen_00760,11,-7.357
gen_00761,3,-8.024
gen_00762,3,-7.61
gen_00763,8,-7.765
gen_00764,9,-7.928
gen_00765,10,-6.758
gen_00766,1,-7.835
gen_00767,8,-7.662
gen_00768,7,-7.528
gen_00769,2,-7.792
gen_00770,2,-8.345
gen_00771,8,-7.144
gen_00772,3,-8.249
gen_00773,7,-7.787
gen_00774,2,-7.289
gen_00775,3,-8.149
gen_00776,4,-7.537
gen_00777,2,-7.576
gen_00778,3,-7.778
gen_00779,3,-8.412
gen_00780,4,-7.386
gen_00781,4,-6.9
gen_00782,3,-7.466
gen_00783,7,-7.343
gen_00784,2,-8.298
gen_00785,9,-7.36
gen_00786,4,-8.314
gen_00787,4,-8.234
gen_00788,3,-7.769
gen_00789,3,-6.929
gen_00790,4,-8.27
gen_00791,2,-8.161
gen_00792,4,-7.016
gen_00793,5,-7.24
gen_00794,1,-7.513
gen_00795,2,-7.624
gen_00796,6,-7.251
gen_00797,4,-7.532
gen_00798,2,-6.852
gen_00799,7,-7.023
gen_00800,3,-7.385
gen_00801,9,-7.914
gen_00802,7,-7.541
gen_00803,1,-7.599
gen_00804,3,-8.735
gen_00805,1,-7.875
gen_00806,4,-6.862
gen_00807,2,-8.756
gen_00808,4,-7.657
gen_00809,7,-7.337
gen_00810,3,-7.798
gen_00811,1,-7.6
gen_00812,3,-7.355
gen_00813,7,-8.208
gen_00814,3,-6.774
gen_00815,2,-7.072
gen_00816,8,-7.438
gen_00817,6,-7.884
gen_00818,4,-7.731
gen_00819,5,-7.966
gen_00820,4,-7.813
gen_00821,2,-6.861
gen_00822,4,-7.116
gen_00823,3,-7.794
gen_00824,11,-7.379
gen_00825,6,-8.086
gen_00826,2,-7.491
gen_00827,2,-8.705
gen_00828,1,-7.048
gen_00829,5,-7.332
gen_00830,2,-8.304
gen_00831,3,-8.28
gen_00832,4,-7.976
gen_00833,3,-7.344
gen_00834,1,-7.335
gen_00835,12,-7.025
gen_00836,1,-7.051
gen_00837,4,-8.259
gen_00838,1,-6.373
gen_00839,1,-7.83
gen_00840,2,-8.258
gen_00841,3,-7.362
gen_00842,10,-7.882
gen_00843,1,-7.721
gen_00844,10,-7.895
gen_00845,2,-8.271
gen_00846,1,-7.343
gen_00847,2,-7.012
gen_00848,8,-7.804
gen_00849,4,-6.994
gen_00850,5,-7.238
gen_00851,2,-7.666
gen_00852,4,-8.728
gen_00853,3,-7.729
gen_00854,1,-6.771
gen_00855,4,-6.926
gen_00856,3,-7.706
gen_00857,8,-8.43
gen_00858,4,-8.014
gen_00859,2,-7.414
gen_00860,6,-7.655
gen_00861,4,-6.964
gen_00862,8,-7.919
gen_00863,7,-7.088
gen_00864,4,-8.067
gen_00865,4,-7.627
gen_00866,9,-8.678
gen_00867,3,-7.779
gen_00868,3,-6.654
gen_00869,2,-7.397
gen_00870,8,-7.731
gen_00871,1,-7.565
gen_00872,6,-6.934
gen_00873,1,-7.325
gen_00874,1,-7.629
gen_00875,4,-7.028
gen_00876,6,-7.325
gen_00877,1,-6.86
gen_00878,2,-7.858
gen_00879,1,-7.192
gen_00880,4,-7.346
gen_00881,6,-7.426
gen_00882,6,-7.199
gen_00883,3,-7.569
gen_00884,2,-7.256
gen_00885,4,-8.371
gen_00886,4,-6.917
gen_00887,3,-7.793
gen_00888,2,-8.171
gen_00889,8,-7.82
gen_00890,9,-7.642
gen_00891,5,-6.869
gen_00892,3,-8.272
gen_00893,11,-8.23
gen_00894,4,-7.404
gen_00895,2,-7.935
gen_00896,6,-8.246
gen_00897,7,-7.756
gen_00898,5,-8.433
gen_00899,4,-8.044
gen_00900,2,-7.953
gen_00901,1,-7.42
gen_00902,5,-7.94
gen_00903,2,-25.959
gen_00904,3,-7.932
gen_00905,5,-7.782
gen_00906,1,-6.271
gen_00907,9,-6.696
gen_00908,3,-7.87
gen_00909,3,-7.146
gen_00910,4,-7.814
gen_00911,2,-7.707
gen_00912,2,-7.216
gen_00913,6,-6.879
gen_00914,3,-7.349
gen_00915,4,-7.164
gen_00916,10,-8.149
gen_00917,10,-7.304
gen_00918,5,-6.939
gen_00919,8,-7.621
gen_00920,7,-7.095
gen_00921,4,-7.615
gen_00922,4,-7.535
gen_00923,5,-8.033
gen_00924,1,-7.304
gen_00925,3,-6.422
gen_00926,2,-7.004
gen_00927,2,-6.877
gen_00928,10,-7.901
gen_00929,3,-7.828
gen_00930,2,-7.882
gen_00931,2,-7.78
gen_00932,1,-7.487
gen_00933,6,-7.661
gen_00934,3,-7.048
gen_00935,2,-7.894
gen_00936,14,-8.897
gen_00937,2,-8.213
gen_00938,1,-7.401
gen_00939,10,-8.398
gen_00940,4,-7.522
gen_00941,5,-8.278
gen_00942,5,-8.107
gen_00943,6,-7.567
gen_00944,3,-6.714
gen_00945,1,-7.482
gen_00946,4,-7.627
gen_00947,3,-7.408
gen_00948,2,-7.424
gen_00949,4,-7.19
gen_00950,4,-54.444
gen_00951,2,-7.462
gen_00952,3,-7.409
gen_00953,4,-7.912
gen_00954,6,-7.77
gen_00955,14,-8.023
gen_00956,7,-7.09
gen_00957,4,-7.388
gen_00958,11,-8.545
gen_00959,5,-8.087
gen_00960,4,-7.83
gen_00961,1,-6.88
gen_00962,1,-7.551
gen_00963,6,-6.819
gen_00964,2,-7.4
gen_00965,4,-8.332
gen_00966,2,-7.777
gen_00967,8,-8.036
gen_00968,5,-7.307
gen_00969,9,-7.955
gen_00970,1,-7.835
gen_00971,1,-8.114
gen_00972,4,-7.476
gen_00973,2,-7.956
gen_00974,7,-7.04
gen_00975,6,-8.096
gen_00976,3,-7.604
gen_00977,10,-7.906
gen_00978,5,-7.486
gen_00979,3,-8.377
gen_00980,14,-6.669
gen_00981,1,8.354
gen_00982,2,-7.012
gen_00983,3,-7.89
gen_00984,1,-7.755
gen_00985,5,-7.999
gen_00986,1,-7.103
gen_00987,2,-7.555
gen_00988,5,-7.885
gen_00989,4,-7.881
gen_00990,2,-7.754
gen_00991,1,-7.783
gen_00992,1,-8.723
gen_00993,3,-7.933
gen_00994,2,-8.053
gen_00995,2,-7.778
gen_00996,3,-8.111
gen_00997,3,-7.192
gen_00998,5,-7.469
gen_00999,1,-7.986
gen_01000,4,-6.618
gen_01001,3,-8.325
gen_01002,12,-8.744
gen_01003,1,-7.374
gen_01004,7,-7.65
gen_01005,2,-7.257
gen_01006,13,-7.733
gen_01007,4,-7.486
gen_01008,1,-7.933
gen_01009,9,-6.968
gen_01010,3,-7.29
gen_01011,2,-7.234
gen_01012,2,-7.742
gen_01013,2,-7.473
gen_01014,6,-8.467
gen_01015,12,-8.152
gen_01016,3,-6.724
gen_01017,1,-8.446
gen_01018,1,-100.582
gen_01019,1,-81.483
gen_01020,3,-8.122
gen_01021,3,-7.506
gen_01022,2,-8.282
gen_01023,7,-7.012
gen_01024,7,-7.162
gen_01025,4,-7.692
gen_01026,3,-9.359
gen_01027,2,-7.738
gen_01028,2,-7.013
gen_01029,5,-8.139
gen_01030,6,-7.76
gen_01031,11,-7.901
gen_01032,9,-8.225
gen_01033,6,-7.674
gen_01034,3,-8.631
gen_01035,4,-8.998
gen_01036,1,-7.694
gen_01037,2,-7.26
gen_01038,2,-6.853
gen_01039,3,-8.488
gen_01040,2,-7.298
gen_01041,3,-7.287
gen_01042,9,-7.17
gen_01043,4,-8.081
gen_01044,3,-7.262
gen_01045,8,-7.763
gen_01046,2,-8.366
gen_01047,2,-81.5
gen_01048,2,-7.898
gen_01049,2,-7.81
gen_01050,7,-7.231
gen_01051,6,-7.381
gen_01052,6,-8.104
gen_01053,8,-7.884
gen_01054,2,-8.052
gen_01055,6,-6.996
gen_01056,3,-7.417
gen_01057,3,-7.718
gen_01058,8,-8.17
gen_01059,2,-8.244
gen_01060,4,-6.608
gen_01061,2,-8.232
gen_01062,8,-7.736
gen_01063,6,-6.889
gen_01064,1,-7.975
gen_01065,1,-6.324
gen_01066,11,-8.411
gen_01067,9,-7.477
gen_01068,2,-7.044
gen_01069,2,-7.784
gen_01070,3,-7.222
gen_01071,8,-7.503
gen_01072,2,-8.243
gen_01073,3,-7.856
gen_01074,3,-7.477
gen_01075,1,-7.304
gen_01076,4,-6.653
gen_01077,2,-7.17
gen_01078,3,-7.848
gen_01079,9,-7.939
gen_01080,12,-7.43
gen_01081,1,-7.198
gen_01082,6,-7.288
gen_01083,5,-7.489
gen_01084,14,-8.594
gen_01085,8,-7.993
gen_01086,2,-7.976
gen_01087,1,-6.711
gen_01088,6,-7.939
gen_01089,5,-6.783
gen_01090,1,-7.637
gen_01091,2,-7.656
gen_01092,1,-8.01
gen_01093,1,-7.495
gen_01094,1,-8.029
gen_01095,14,-6.957
gen_01096,3,-7.889
gen_01097,2,-8.224
gen_01098,5,-8.069
gen_01099,5,-8.715
gen_01100,1,-7.088
gen_01101,4,-57.533
gen_01102,4,-7.398
gen_01103,2,-6.88
gen_01104,3,-6.82
gen_01105,1,-7.099
gen_01106,4,-7.719
gen_01107,9,-6.841
gen_01108,1,-7.401
gen_01109,2,-7.678
gen_01110,1,-142.097
gen_01111,3,-7.751
gen_01112,2,-7.953
gen_01113,6,-7.202
gen_01114,2,-7.56
gen_01115,2,-7.132
gen_01116,2,-8.026
gen_01117,2,-7.072
gen_01118,7,-7.324
gen_01119,6,-7.135
gen_01120,3,-7.331
gen_01121,6,-7.755
gen_01122,1,-7.123
gen_01123,1,-139.105
gen_01124,10,-7.017
gen_01125,1,-7.692
gen_01126,4,-6.81
gen_01127,1,-7.783
gen_01128,3,-6.92
gen_01129,1,-7.028
gen_01130,1,-6.484
gen_01131,3,-7.757
gen_01132,6,-7.377
gen_01133,2,-8.875
gen_01134,11,-7.821
gen_01135,5,-7.06
gen_01136,2,-82.557
gen_01137,3,-8.926
gen_01138,6,-6.757
gen_01139,6,-7.245
gen_01140,3,-7.376
gen_01141,9,-7.105
gen_01142,5,-7.505
gen_01143,2,-8.175
gen_01144,6,-7.469
gen_01145,1,-7.64
gen_01146,10,-7.899
gen_01147,11,-7.538
gen_01148,8,-7.048
gen_01149,2,-7.189
gen_01150,14,-7.095
gen_01151,1,-7.156
gen_01152,3,-8.119
gen_01153,5,-7.37
gen_01154,2,-8.428
gen_01155,10,-7.509
gen_01156,11,-8.154
gen_01157,3,-7.623
gen_01158,7,-8.093
gen_01159,2,-8.305
gen_01160,2,-7.711
gen_01161,3,-8.004
gen_01162,3,-6.886
gen_01163,4,-7.722
gen_01164,3,-7.73
gen_01165,1,-7.142
gen_01166,5,-7.776
gen_01167,6,-8.356
gen_01168,5,-8.13
gen_01169,8,-8.306
gen_01170,1,-8.108
gen_01171,1,-8.076
gen_01172,5,-7.376
gen_01173,5,-7.821
gen_01174,3,-7.961
gen_01175,4,-6.697
gen_01176,4,-7.156
gen_01177,2,-6.453
gen_01178,1,-8.218
gen_01179,2,-8.322
gen_01180,9,-8.0
gen_01181,1,-7.342
gen_01182,2,-7.077
gen_01183,2,-7.54
gen_01184,3,-8.308
gen_01185,5,-6.842
gen_01186,8,-7.641
gen_01187,3,-7.555
gen_01188,2,-6.597
gen_01189,2,-7.876
gen_01190,1,-7.413
gen_01191,9,-6.967
gen_01192,2,-6.749
gen_01193,2,-7.871
gen_01194,6,-7.102
gen_01195,1,-7.454
gen_01196,5,-6.991
gen_01197,3,-7.569
gen_01198,5,-7.001
gen_01199,2,-6.993
gen_01200,11,-7.718
gen_01201,11,-7.27
gen_01202,5,-8.431
gen_01203,1,-7.634
gen_01204,5,-7.849
gen_01205,1,-7.322
gen_01206,3,-7.856
gen_01207,3,-7.338
gen_01208,7,-7.483
gen_01209,6,-7.933
gen_01210,2,-7.131
gen_01211,5,-7.656
gen_01212,1,-7.789
gen_01213,3,-6.76
gen_01214,2,-8.0
gen_01215,8,-7.551
gen_01216,3,-7.657
gen_01217,2,-7.568
gen_01218,3,-8.374
gen_01219,2,-6.601
gen_01220,12,-7.441
gen_01221,3,-7.007
gen_01222,2,-7.388
gen_01223,3,-8.032
gen_01224,1,-7.95
gen_01225,6,-7.235
gen_01226,1,-7.322
gen_01227,3,-6.762
gen_01228,4,-7.139
gen_01229,1,-7.303
gen_01230,2,-8.58
gen_01231,1,-6.884
gen_01232,7,-7.634
gen_01233,11,-7.688
gen_01234,3,-7.349
gen_01235,3,-7.467
gen_01236,3,-7.491
gen_01237,2,-7.617
gen_01238,12,-7.226
gen_01239,3,-7.6
gen_01240,7,-7.295
gen_01241,7,-6.852
gen_01242,3,-6.964
gen_01243,4,-7.958
gen_01244,2,-118.906
gen_01245,6,-7.877
gen_01246,5,-8.111
gen_01247,8,-8.193
gen_01248,1,-7.766
gen_01249,4,-6.79
gen_01250,2,-6.727
gen_01251,11,-7.807
gen_01252,1,-6.555
gen_01253,6,-7.67
gen_01254,2,-7.713
gen_01255,4,-8.63
gen_01256,9,-7.158
gen_01257,2,-8.533
gen_01258,3,-7.219
gen_01259,3,-22.143
gen_01260,2,-6.684
gen_01261,8,-6.682
gen_01262,3,-8.785
gen_01263,6,-7.752
gen_01264,4,-7.783
gen_01265,1,-7.228
gen_01266,4,-7.838
gen_01267,6,-7.68
gen_01268,4,-7.209
gen_01269,4,-7.156
gen_01270,4,-7.908
gen_01271,6,-8.106
gen_01272,2,-6.674
gen_01273,1,-7.462
gen_01274,1,-7.109
gen_01275,10,-7.318
gen_01276,3,-8.047
gen_01277,2,-7.754
gen_01278,2,-7.003
gen_01279,7,-7.675
gen_01280,2,-6.772
gen_01281,1,-8.775
gen_01282,11,-7.987
gen_01283,1,-7.694
gen_01284,7,-6.433
gen_01285,1,-8.034
gen_01286,3,-7.685
gen_01287,4,-7.155
gen_01288,3,-8.004
gen_01289,6,-7.705
gen_01290,5,-7.179
gen_01291,2,-6.992
gen_01292,1,-7.06
gen_01293,3,-7.554
gen_01294,8,-6.864
gen_01295,3,-8.914
gen_01296,3,-7.155
gen_01297,5,-7.345
gen_01298,3,-7.036
gen_01299,2,-6.918
gen_01300,2,-7.23
gen_01301,1,-7.681
gen_01302,3,-8.745
gen_01303,1,-7.139
gen_01304,8,-6.895
gen_01305,2,-7.118
gen_01306,9,-7.078
gen_01307,3,-8.596
gen_01308,7,-7.198
gen_01309,14,-8.51
gen_01310,1,-7.096
gen_01311,6,-6.831
gen_01312,6,-72.705
gen_01313,5,-6.642
gen_01314,8,-7.126
gen_01315,1,-7.744
gen_01316,1,-7.118
gen_01317,7,-7.927
gen_01318,5,-73.943
gen_01319,4,-7.261
gen_01320,4,-8.277
gen_01321,4,-8.26
gen_01322,5,-7.919
gen_01323,4,-6.814
gen_01324,3,-7.715
gen_01325,8,-7.715
gen_01326,5,-7.834
gen_01327,3,-8.602
gen_01328,10,-7.648
gen_01329,4,-6.981
gen_01330,5,-7.126
gen_01331,3,-6.754
gen_01332,9,-7.262
gen_01333,1,-8.052
gen_01334,2,-6.946
gen_01335,5,-7.816
gen_01336,4,-6.658
gen_01337,7,-7.881
gen_01338,4,-7.453
gen_01339,2,-7.253
gen_01340,12,-7.14
gen_01341,2,-7.723
gen_01342,1,-6.699
gen_01343,4,-7.545
gen_01344,6,-7.402
gen_01345,3,-8.191
gen_01346,2,-7.461
gen_01347,6,-7.746
gen_01348,2,-7.104
gen_01349,1,-78.643
gen_01350,9,-7.655
gen_01351,1,-7.191
gen_01352,8,-7.363
gen_01353,2,-8.192
gen_01354,8,-7.615
gen_01355,7,-7.652
gen_01356,5,-7.948
gen_01357,2,-7.776
gen_01358,2,-6.009
gen_01359,2,-7.32
gen_01360,6,-6.844
gen_01361,6,-8.248
gen_01362,10,-7.787
gen_01363,1,-6.446
gen_01364,3,-7.44
gen_01365,2,-7.079
gen_01366,5,-7.294
gen_01367,1,-8.011
gen_01368,3,-7.325
gen_01369,4,-8.01
gen_01370,4,-7.037
gen_01371,1,-6.805
gen_01372,4,-8.131
gen_01373,12,-7.411
gen_01374,5,-8.271
gen_01375,1,-6.965
gen_01376,2,-6.932
gen_01377,5,-8.282
gen_01378,7,-8.283
gen_01379,4,-6.855
gen_01380,4,-8.153
gen_01381,2,-7.745
gen_01382,2,-7.226
gen_01383,5,-7.37
gen_01384,1,-8.119
gen_01385,10,-7.76
gen_01386,3,-7.047
gen_01387,4,-7.529
gen_01388,2,-7.263
gen_01389,2,-7.835
gen_01390,1,-8.36
gen_01391,6,-7.071
gen_01392,7,-7.312
gen_01393,9,-7.686
gen_01394,5,-7.662
gen_01395,3,-7.669
gen_01396,4,-7.54
gen_01397,1,-7.205
gen_01398,3,-7.216
gen_01399,3,-7.461
gen_01400,5,-7.078
gen_01401,8,-8.156
gen_01402,4,-7.579
gen_01403,7,-7.206
gen_01404,4,-7.988
gen_01405,3,-7.83
gen_01406,4,-7.658
gen_01407,8,-8.321
gen_01408,3,-7.915
gen_01409,2,-7.196
gen_01410,2,-7.106
gen_01411,4,-7.288
gen_01412,2,-7.1
gen_01413,2,-6.587
gen_01414,5,-7.469
gen_01415,9,-7.504
gen_01416,7,-7.41
gen_01417,4,-7.478
gen_01418,3,-7.878
gen_01419,6,-7.754
gen_01420,6,-6.875
gen_01421,5,-8.167
gen_01422,3,-7.582
gen_01423,4,-7.254
gen_01424,3,-6.99
gen_01425,2,-6.888
gen_01426,5,-7.731
gen_01427,2,-7.059
gen_01428,8,-7.463
gen_01429,9,-7.028
gen_01430,3,-6.546
gen_01431,2,-7.956
gen_01432,6,-7.702
gen_01433,2,-7.3
gen_01434,6,-7.642
gen_01435,3,-9.196
gen_01436,1,-6.661
gen_01437,2,-7.555
gen_01438,7,-7.905
gen_01439,9,-8.247
gen_01440,6,-7.761
gen_01441,1,-7.045
gen_01442,3,-6.258
gen_01443,2,-7.127
gen_01444,2,-6.992
gen_01445,9,-7.77
gen_01446,2,-6.999
gen_01447,3,-8.556
gen_01448,4,-7.345
gen_01449,4,-8.684
gen_01450,2,-8.088
gen_01451,5,-7.708
gen_01452,2,-7.61
gen_01453,12,-7.166
gen_01454,1,-7.26
gen_01455,3,-7.6
gen_01456,4,-7.885
gen_01457,3,-6.972
gen_01458,10,-7.579
gen_01459,1,-7.889
gen_01460,5,-7.467
gen_01461,1,-7.901
gen_01462,2,-130.422
gen_01463,5,-7.877
gen_01464,4,-8.173
gen_01465,1,-8.222
gen_01466,6,-7.847
gen_01467,4,-7.114
gen_01468,4,-7.933
gen_01469,7,-8.195
gen_01470,10,-7.386
gen_01471,12,-8.657
gen_01472,14,-7.361
gen_01473,1,-7.818
gen_01474,10,-8.292
gen_01475,9,-7.929
gen_01476,3,-7.728
gen_01477,3,-6.862
gen_01478,11,-8.071
gen_01479,3,-7.153
gen_01480,4,-8.489
gen_01481,5,-6.94
gen_01482,3,-7.569
gen_01483,5,-48.833
gen_01484,2,-8.681
gen_01485,1,-7.875
gen_01486,5,-7.963
gen_01487,7,-6.761
gen_01488,8,-7.33
gen_01489,3,-7.093
gen_01490,1,-7.727
gen_01491,1,-8.447
gen_01492,3,-7.284
gen_01493,3,-7.427
gen_01494,2,-7.705
gen_01495,5,-7.223
gen_01496,2,-7.757
gen_01497,2,-7.135
gen_01498,4,-7.422
gen_01499,1,-7.633
gen_01500,2,-8.18
gen_01501,4,-6.738
gen_01502,7,-7.41
gen_01503,10,-8.57
gen_01504,1,-6.78
gen_01505,4,-7.547
gen_01506,4,-8.665
gen_01507,2,-7.634
gen_01508,2,-7.668
gen_01509,2,-7.049
gen_01510,12,-7.737
gen_01511,4,-8.063
gen_01512,1,-6.829
gen_01513,2,-8.145
gen_01514,13,-8.339
gen_01515,3,-7.383
gen_01516,4,-8.278
gen_01517,2,-7.363
gen_01518,1,-130.704
gen_01519,1,-7.555
gen_01520,11,-7.492
gen_01521,4,-6.761
gen_01522,3,-7.796
gen_01523,5,-7.658
gen_01524,5,-7.637
gen_01525,1,-5.932
gen_01526,2,-7.27
gen_01527,2,-7.12
gen_01528,2,-7.749
gen_01529,2,-8.054
gen_01530,7,-7.488
gen_01531,8,-7.17
gen_01532,9,-9.224
gen_01533,6,-8.24
gen_01534,5,-7.535
gen_01535,4,-6.644
gen_01536,3,-7.062
gen_01537,2,-7.951
gen_01538,1,-7.984
gen_01539,7,-8.658
gen_01540,2,-8.283
gen_01541,7,-8.301
gen_01542,5,-7.679
gen_01543,3,-7.995
gen_01544,4,-8.06
gen_01545,3,-7.762
gen_01546,8,-8.491
gen_01547,5,-8.021
gen_01548,1,-8.183
gen_01549,2,-7.031
gen_01550,1,-7.373
gen_01551,4,-9.218
gen_01552,5,-7.621
gen_01553,5,-7.67
gen_01554,4,-6.635
gen_01555,4,-7.546
gen_01556,9,-7.852
gen_01557,2,-7.535
gen_01558,3,-6.453
gen_01559,3,-9.161
gen_01560,11,-8.341
gen_01561,8,-7.276
gen_01562,1,-6.816
gen_01563,1,-6.741
gen_01564,2,-7.662
gen_01565,4,-7.711
gen_01566,6,-7.65
gen_01567,1,-7.356
gen_01568,3,-7.128
gen_01569,5,-7.415
gen_01570,1,-6.289
gen_01571,7,-8.138
gen_01572,4,-7.495
gen_01573,7,-6.885
gen_01574,6,-6.907
gen_01575,2,-7.777
gen_01576,2,-7.833
gen_01577,10,-6.673
gen_01578,4,-7.513
gen_01579,7,-7.629
gen_01580,3,-6.605
gen_01581,5,-7.186
gen_01582,4,-6.855
gen_01583,2,-8.317
gen_01584,2,-7.484
gen_01585,4,-8.309
gen_01586,2,-8.282
gen_01587,8,-8.032
gen_01588,5,-7.276
gen_01589,8,-8.677
gen_01590,5,-8.309
gen_01591,7,-7.934
gen_01592,2,-7.107
gen_01593,3,-7.536
gen_01594,3,-8.34
gen_01595,4,-8.335
gen_01596,2,-7.278
gen_01597,5,-7.255
gen_01598,3,-7.359
gen_01599,1,-8.138
gen_01600,2,-6.563
gen_01601,13,-8.166
gen_01602,2,-7.239
gen_01603,2,-8.143
gen_01604,1,-7.13
gen_01605,2,-7.755
gen_01606,1,-7.427
gen_01607,6,-6.843
gen_01608,6,-7.189
gen_01609,11,-7.686
gen_01610,6,-6.938
gen_01611,1,-6.581
gen_01612,3,-8.22
gen_01613,6,-8.324
gen_01614,4,-7.908
gen_01615,3,-7.354
gen_01616,10,-6.994
gen_01617,3,-6.811
gen_01618,7,-7.19
gen_01619,8,-8.311
gen_01620,2,-6.321
gen_01621,4,-7.722
gen_01622,2,-60.122
gen_01623,12,-7.989
gen_01624,3,-7.2
gen_01625,2,-8.36
gen_01626,2,-7.01
gen_01627,2,-7.4
gen_01628,3,-7.225
gen_01629,3,-7.814
gen_01630,3,-7.37
gen_01631,2,-7.153
gen_01632,11,-6.246
gen_01633,5,-7.106
gen_01634,5,-7.145
gen_01635,4,-7.672
gen_01636,3,-7.858
gen_01637,8,-8.117
gen_01638,3,-7.209
gen_01639,2,-6.928
gen_01640,8,-7.985
gen_01641,3,-8.139
gen_01642,1,-8.988
gen_01643,6,-8.112
gen_01644,2,-7.676
gen_01645,6,-7.311
gen_01646,3,-7.37
gen_01647,3,-7.602
gen_01648,1,-7.347
gen_01649,2,-7.427
gen_01650,4,-7.106
gen_01651,5,-7.734
gen_01652,2,-7.573
gen_01653,10,-7.791
gen_01654,7,-7.432
gen_01655,2,-7.868
gen_01656,13,-7.037
gen_01657,3,-7.68
gen_01658,2,-7.22
gen_01659,7,-7.49
gen_01660,4,-7.963
gen_01661,2,-7.533
gen_01662,8,-7.947
gen_01663,3,-7.44
gen_01664,4,-7.792
gen_01665,3,-8.535
gen_01666,2,-7.142
gen_01667,1,-8.496
gen_01668,3,-7.077
gen_01669,4,-7.585
gen_01670,3,-7.139
gen_01671,12,-8.456
gen_01672,4,-7.49
gen_01673,2,-7.04
gen_01674,5,-8.022
gen_01675,6,-7.848
gen_01676,2,-8.321
gen_01677,5,-8.712
gen_01678,1,-8.001
gen_01679,1,-7.847
gen_01680,8,-7.632
gen_01681,8,-7.672
gen_01682,4,-7.705
gen_01683,4,-6.773
gen_01684,1,-7.732
gen_01685,5,-7.316
gen_01686,3,-8.422
gen_01687,3,-7.681
gen_01688,4,-8.11
gen_01689,8,-7.772
gen_01690,3,-6.942
gen_01691,2,-8.171
gen_01692,1,-6.734
gen_01693,4,-6.584
gen_01694,3,-8.653
gen_01695,1,-6.918
gen_01696,6,-6.371
gen_01697,4,-7.107
gen_01698,3,-7.177
gen_01699,2,-7.506
gen_01700,5,-7.16
gen_01701,4,-7.697
gen_01702,4,-7.895
gen_01703,4,-8.068
gen_01704,2,-7.77
gen_01705,12,-7.728
gen_01706,3,-7.62
gen_01707,1,-7.987
gen_01708,10,-7.88
gen_01709,7,-7.43
gen_01710,3,-6.917
gen_01711,1,-7.266
gen_01712,9,-7.571
gen_01713,2,-6.882
gen_01714,3,-7.913
gen_01715,8,-7.174
gen_01716,4,-7.24
gen_01717,2,-7.756
gen_01718,3,-7.527
gen_01719,1,-7.335
gen_01720,5,-7.315
gen_01721,1,-7.702
gen_01722,4,-6.897
gen_01723,2,-7.514
gen_01724,4,-7.776
gen_01725,2,-7.867
gen_01726,6,-7.728
gen_01727,1,-74.626
gen_01728,3,-7.193
gen_01729,3,-8.415
gen_01730,4,-8.985
gen_01731,1,-7.377
gen_01732,13,-7.673
gen_01733,3,-7.932
gen_01734,2,-6.949
gen_01735,4,-6.393
gen_01736,4,-7.926
gen_01737,2,-6.404
gen_01738,6,-7.568
gen_01739,2,-8.378
gen_01740,4,-7.046
gen_01741,8,-7.056
gen_01742,1,-6.443
gen_01743,2,-7.131
gen_01744,3,-8.484
gen_01745,6,-7.523
gen_01746,1,-7.071
gen_01747,2,-7.621
gen_01748,2,-135.382
gen_01749,3,-7.317
gen_01750,13,-8.353
gen_01751,1,-6.697
gen_01752,3,-7.447
gen_01753,6,-7.26
gen_01754,5,-8.171
gen_01755,3,-7.408
gen_01756,3,-7.896
gen_01757,4,-8.002
gen_01758,2,-8.278
gen_01759,11,-7.552
gen_01760,7,-7.528
gen_01761,5,-8.562
gen_01762,8,-7.54
gen_01763,3,-8.188
gen_01764,2,-7.167
gen_01765,2,-8.956
gen_01766,8,-8.267
gen_01767,5,-8.051
gen_01768,6,-7.256
gen_01769,4,-6.526
gen_01770,2,-8.035
gen_01771,3,-7.268
gen_01772,7,-7.665
gen_01773,3,-7.909
gen_01774,9,-7.349
gen_01775,6,-8.038
gen_01776,4,-6.897
gen_01777,2,-8.041
gen_01778,2,-7.204
gen_01779,2,-9.185
gen_01780,1,-6.737
gen_01781,3,-7.384
gen_01782,2,-7.726
gen_01783,1,-7.445
gen_01784,5,-7.903
gen_01785,1,-6.724
gen_01786,4,-7.296
gen_01787,1,-7.066
gen_01788,4,-6.888
gen_01789,4,-8.29
gen_01790,6,-7.06
gen_01791,4,-7.104
gen_01792,12,-7.327
gen_01793,3,-7.681
gen_01794,2,-8.441
gen_01795,2,-7.854
gen_01796,2,-6.969
gen_01797,6,-6.996
gen_01798,2,-7.439
gen_01799,5,-7.998
gen_01800,6,-7.652
gen_01801,7,-8.029
gen_01802,5,-7.897
gen_01803,2,-7.777
gen_01804,2,-7.323
gen_01805,5,-6.824
gen_01806,12,-7.075
gen_01807,2,-7.803
gen_01808,6,-7.755
gen_01809,8,-7.956
gen_01810,2,-7.646
gen_01811,4,-7.882
gen_01812,5,-7.819
gen_01813,1,-7.795
gen_01814,1,-6.99
gen_01815,10,-7.511
gen_01816,3,-7.32
gen_01817,8,-7.379
gen_01818,1,-6.637
gen_01819,2,-7.076
gen_01820,7,-7.902
gen_01821,2,-7.299
gen_01822,1,-7.466
gen_01823,10,-7.426
gen_01824,5,-7.743
gen_01825,2,-7.554
gen_01826,1,-7.988
gen_01827,10,-7.18
gen_01828,6,-7.415
gen_01829,2,-6.589
gen_01830,7,-6.763
gen_01831,7,-7.455
gen_01832,1,-7.145
gen_01833,8,-7.627
gen_01834,3,-7.465
gen_01835,10,-6.416
gen_01836,4,-8.531
gen_01837,3,-7.677
gen_01838,2,-8.276
gen_01839,3,-8.183
gen_01840,2,-8.243
gen_01841,4,-7.032
gen_01842,4,-8.116
gen_01843,10,-8.43
gen_01844,3,-7.592
gen_01845,8,-7.664
gen_01846,4,-7.111
gen_01847,5,-7.722
gen_01848,2,-7.633
gen_01849,3,-7.358
gen_01850,4,-8.409
gen_01851,1,-7.629
gen_01852,2,-7.12
gen_01853,2,-7.536
gen_01854,7,-7.64
gen_01855,5,-6.821
gen_01856,5,-7.216
gen_01857,1,-7.162
gen_01858,2,-7.78
gen_01859,2,-6.62
gen_01860,1,-8.08
gen_01861,13,-7.093
gen_01862,3,-149.348
gen_01863,4,-8.676
gen_01864,7,-8.345
gen_01865,2,-8.43
gen_01866,3,-7.233
gen_01867,2,-7.386
gen_01868,2,-7.998
gen_01869,6,-7.989
gen_01870,4,-8.254
gen_01871,7,-7.54
gen_01872,3,-7.746
gen_01873,5,-7.885
gen_01874,2,-7.897
gen_01875,5,-7.665
gen_01876,2,-8.644
gen_01877,5,-7.778
gen_01878,1,-7.829
gen_01879,3,-6.918
gen_01880,4,-6.687
gen_01881,2,-6.375
gen_01882,2,-7.463
gen_01883,2,-7.468
gen_01884,10,-7.587
gen_01885,6,-7.067
gen_01886,8,-7.101
gen_01887,6,-7.032
gen_01888,2,-7.652
gen_01889,1,-6.26
gen_01890,7,-7.264
gen_01891,3,-8.011
gen_01892,2,-7.707
gen_01893,4,-8.239
gen_01894,5,-7.21
gen_01895,9,-7.112
gen_01896,2,-7.065
gen_01897,8,-7.242
gen_01898,3,-8.06
gen_01899,1,-6.831
gen_01900,2,-7.179
gen_01901,8,-8.017
gen_01902,5,-6.983
gen_01903,2,-6.824
gen_01904,7,-8.019
gen_01905,2,-7.731
gen_01906,2,-8.305
gen_01907,3,-7.333
gen_01908,13,-7.89
gen_01909,7,-6.924
gen_01910,3,-6.106
gen_01911,5,-7.864
gen_01912,1,-7.212
gen_01913,2,-6.253
gen_01914,11,-7.725
gen_01915,3,-7.704
gen_01916,2,-7.439
gen_01917,5,-8.02
gen_01918,1,-6.986
gen_01919,2,-7.478
gen_01920,1,-112.938
gen_01921,4,-7.361
gen_01922,2,-7.515
gen_01923,1,-7.722
gen_01924,4,-7.967
gen_01925,2,-7.278
gen_01926,6,-6.957
gen_01927,1,-7.136
gen_01928,2,-7.206
gen_01929,2,-6.35
gen_01930,4,-8.25
gen_01931,6,-7.187
gen_01932,6,-7.144
gen_01933,3,-6.715
gen_01934,2,-7.102
gen_01935,10,-7.2
gen_01936,2,-7.613
gen_01937,1,-6.494
gen_01938,2,-8.337
gen_01939,2,-7.035
gen_01940,4,-8.129
gen_01941,1,-7.395
gen_01942,1,-7.841
gen_01943,7,-7.651
gen_01944,2,-7.339
gen_01945,2,-7.289
gen_01946,7,-7.87
gen_01947,1,-7.506
gen_01948,4,-7.955
gen_01949,3,-6.93
gen_01950,2,-7.412
gen_01951,3,-7.795
gen_01952,2,-7.611
gen_01953,2,-7.461
gen_01954,6,-7.708
gen_01955,2,-8.24
gen_01956,11,-8.041
gen_01957,4,-7.587
gen_01958,11,-7.511
gen_01959,6,-7.486
gen_01960,5,-7.948
gen_01961,2,-7.751
gen_01962,2,-7.685
gen_01963,1,-6.269
gen_01964,6,-7.617
gen_01965,3,-7.947
gen_01966,8,-6.53
gen_01967,4,-7.18
gen_01968,8,-7.67
gen_01969,2,-7.668
gen_01970,2,-7.892
gen_01971,7,-7.4
gen_01972,1,-7.515
gen_01973,2,-7.518
gen_01974,4,-7.044
gen_01975,3,-6.484
gen_01976,4,-6.905
gen_01977,1,-7.717
gen_01978,1,-6.996
gen_01979,6,-7.614
gen_01980,2,-6.896
gen_01981,1,-7.228
gen_01982,4,-8.615
gen_01983,5,-7.865
gen_01984,2,-7.153
gen_01985,4,-7.638
gen_01986,5,-7.135
gen_01987,4,-7.742
gen_01988,3,-7.022
gen_01989,1,-6.843
gen_01990,3,-7.742
gen_01991,2,-7.654
gen_01992,3,-7.58
gen_01993,12,-6.905
gen_01994,4,-7.498
gen_01995,6,-7.734
gen_01996,4,-7.943
gen_01997,1,-6.524
gen_01998,1,-6.624
gen_01999,3,-6.787
gen_02000,7,-6.783
gen_02001,4,-8.182
gen_02002,3,-7.283
gen_02003,3,-7.081
gen_02004,4,-8.458
gen_02005,4,-8.048
gen_02006,5,-7.496
gen_02007,1,-6.81
gen_02008,4,-8.051
gen_02009,2,-7.978
gen_02010,4,-8.448
gen_02011,3,-8.126
gen_02012,3,-7.881
gen_02013,2,-8.899
gen_02014,8,-7.691
gen_02015,3,-7.284
gen_02016,1,-6.639
gen_02017,1,-6.052
gen_02018,1,-6.864
gen_02019,2,-6.323
gen_02020,1,-7.109
gen_02021,2,-7.419
gen_02022,2,-7.229
gen_02023,9,-8.065
gen_02024,2,-8.256
gen_02025,4,-7.902
gen_02026,2,-7.93
gen_02027,2,-6.905
gen_02028,2,-71.927
gen_02029,1,-7.871
gen_02030,7,-7.194
gen_02031,2,-6.73
gen_02032,2,-7.612
gen_02033,3,-7.176
gen_02034,1,-219.017
gen_02035,5,-7.059
gen_02036,4,-7.569
gen_02037,13,-7.007
gen_02038,1,-6.852
gen_02039,1,-7.068
gen_02040,3,-7.801
gen_02041,2,-7.548
gen_02042,2,-7.754
gen_02043,8,-7.831
gen_02044,3,-7.287
gen_02045,9,-8.721
gen_02046,2,-7.085
gen_02047,2,-7.126
gen_02048,3,-7.528
gen_02049,2,-7.767
gen_02050,6,-7.744
gen_02051,2,-8.123
gen_02052,4,-7.534
gen_02053,10,-7.797
gen_02054,2,-7.162
gen_02055,3,-8.299
gen_02056,5,-7.169
gen_02057,2,-7.573
gen_02058,3,-7.195
gen_02059,5,-7.019
gen_02060,2,-8.358
gen_02061,14,-7.59
gen_02062,10,-7.98
gen_02063,1,-7.419
gen_02064,4,-9.038
gen_02065,2,-7.412
gen_02066,2,-7.879
gen_02067,1,-8.038
gen_02068,4,-7.847
gen_02069,4,-7.094
gen_02070,6,-8.25
gen_02071,9,-7.876
gen_02072,2,-7.054
gen_02073,1,-7.412
gen_02074,8,-7.409
gen_02075,3,-7.298
gen_02076,5,-8.611
gen_02077,4,-8.379
gen_02078,1,-6.102
gen_02079,9,-7.169
gen_02080,2,-6.77
gen_02081,4,-7.475
gen_02082,4,-6.622
gen_02083,1,-5.687
gen_02084,7,-7.008
gen_02085,2,-7.365
gen_02086,6,-7.606
gen_02087,13,-7.448
gen_02088,3,-7.122
gen_02089,1,-8.388
gen_02090,3,-8.205
gen_02091,2,-7.028
gen_02092,3,-7.171
gen_02093,2,-6.342
gen_02094,2,-7.332
gen_02095,7,-6.37
gen_02096,7,-7.492
gen_02097,9,-7.349
gen_02098,3,-7.115
gen_02099,12,-7.705
gen_02100,4,-7.244
gen_02101,2,-8.408
gen_02102,4,-8.179
gen_02103,3,-6.84
gen_02104,5,-7.075
gen_02105,2,-6.286
gen_02106,2,-7.582
gen_02107,12,-8.185
gen_02108,4,-6.589
gen_02109,6,-6.524
gen_02110,2,-8.228
gen_02111,5,-7.018
gen_02112,3,-7.37
gen_02113,4,-7.257
gen_02114,1,-8.086
gen_02115,11,-6.973
gen_02116,4,-8.178
gen_02117,4,-7.202
gen_02118,10,-7.322
gen_02119,2,-7.663
gen_02120,5,-7.558
gen_02121,3,-7.11
gen_02122,4,-8.376
gen_02123,1,-8.231
gen_02124,1,-152.862
gen_02125,13,-7.299
gen_02126,9,-7.894
gen_02127,12,-7.629
gen_02128,5,-7.045
gen_02129,5,-7.342
gen_02130,4,-8.015
gen_02131,10,-7.669
gen_02132,5,-6.843
gen_02133,6,-7.516
gen_02134,12,-7.704
gen_02135,2,-7.252
gen_02136,6,-7.166
gen_02137,6,-8.12
gen_02138,1,-7.251
gen_02139,7,-7.352
gen_02140,2,-6.343
gen_02141,1,-7.104
gen_02142,1,-7.581
gen_02143,3,-7.092
gen_02144,7,-7.561
gen_02145,3,-7.091
gen_02146,7,-7.758
gen_02147,10,-7.328
gen_02148,7,-7.334
gen_02149,3,-7.091
gen_02150,11,-7.211
gen_02151,2,-7.687
gen_02152,2,-6.953
gen_02153,3,-7.624
gen_02154,5,-7.413
gen_02155,7,-7.25
gen_02156,1,-7.106
gen_02157,3,-7.449
gen_02158,1,-8.12
gen_02159,3,-6.998
gen_02160,1,-7.31
gen_02161,2,-7.64
gen_02162,1,-6.909
gen_02163,7,-8.772
gen_02164,9,-7.443
gen_02165,4,-7.289
gen_02166,8,-7.086
gen_02167,1,-7.079
gen_02168,7,-7.705
gen_02169,3,-8.685
gen_02170,6,-8.403
gen_02171,1,-7.105
gen_02172,4,-7.629
gen_02173,2,-7.254
gen_02174,4,-7.537
gen_02175,1,-7.212
gen_02176,4,-7.125
gen_02177,2,-7.239
gen_02178,2,-8.055
gen_02179,3,-8.991
gen_02180,3,-7.474
gen_02181,4,-7.291
gen_02182,3,-7.603
gen_02183,2,-7.751
gen_02184,3,-7.191
gen_02185,6,-6.732
gen_02186,12,-7.73
gen_02187,6,-8.308
gen_02188,8,-7.612
gen_02189,1,-7.36
gen_02190,3,-6.982
gen_02191,2,-7.848
gen_02192,5,-7.963
gen_02193,2,-8.482
gen_02194,3,-7.195
gen_02195,1,-7.892
gen_02196,2,-8.289
gen_02197,10,-8.11
gen_02198,9,-6.803
gen_02199,2,-6.791
gen_02200,2,-7.206
gen_02201,7,-8.519
gen_02202,1,-7.417
gen_02203,4,-7.384
gen_02204,3,-6.97
gen_02205,9,-7.82
gen_02206,2,-6.922
gen_02207,4,-7.659
gen_02208,3,-8.091
gen_02209,4,-8.231
gen_02210,9,-7.471
gen_02211,1,-7.621
gen_02212,3,-7.996
gen_02213,2,-6.696
gen_02214,7,-7.247
gen_02215,2,-8.398
gen_02216,1,-8.003
gen_02217,1,-6.837
gen_02218,4,-8.179
gen_02219,4,-7.221
gen_02220,2,-8.369
gen_02221,1,-6.56
gen_02222,4,-8.371
gen_02223,1,-7.137
gen_02224,3,-8.016
gen_02225,2,-7.48
gen_02226,6,-6.564
gen_02227,5,-7.497
gen_02228,3,-7.992
gen_02229,2,-7.743
gen_02230,5,-7.743
gen_02231,1,-7.524
gen_02232,6,-8.567
gen_02233,1,-7.685
gen_02234,2,-7.511
gen_02235,4,-7.799
gen_02236,4,-7.603
gen_02237,5,-6.546
gen_02238,3,-7.66
gen_02239,7,-7.86
gen_02240,4,-6.819
gen_02241,4,-7.65
gen_02242,3,-7.607
gen_02243,3,-8.646
gen_02244,1,-7.262
gen_02245,2,-8.398
gen_02246,4,-7.428
gen_02247,9,-7.495
gen_02248,6,-7.544
gen_02249,4,-8.331
gen_02250,3,-9.321
gen_02251,10,-6.911
gen_02252,13,-7.355
gen_02253,1,-8.175
gen_02254,7,-7.055
gen_02255,3,-7.617
gen_02256,9,-8.636
gen_02257,3,-7.362
gen_02258,2,-7.199
gen_02259,4,-7.143
gen_02260,2,-7.452
gen_02261,7,-8.0
gen_02262,3,-7.794
gen_02263,4,-7.504
gen_02264,2,-7.87
gen_02265,2,-7.09
gen_02266,5,-7.259
gen_02267,4,-7.651
gen_02268,1,-7.249
gen_02269,2,-7.172
gen_02270,1,-7.504
gen_02271,4,-6.164
gen_02272,2,-9.46
gen_02273,1,-8.272
gen_02274,9,-8.454
gen_02275,2,-7.782
gen_02276,4,-7.361
gen_02277,6,-6.599
gen_02278,5,-8.338
gen_02279,2,-145.607
gen_02280,2,-7.619
gen_02281,2,-7.617
gen_02282,4,-7.154
gen_02283,2,-7.149
gen_02284,3,-7.745
gen_02285,2,-7.298
gen_02286,6,-7.174
gen_02287,2,-7.84
gen_02288,1,-6.435
gen_02289,11,-7.243
gen_02290,2,-7.917
gen_02291,9,-8.035
gen_02292,2,-6.831
gen_02293,6,-7.357
gen_02294,4,-7.899
gen_02295,6,-7.722
gen_02296,2,-7.999
gen_02297,2,-7.783
gen_02298,2,-7.21
gen_02299,12,-5.882
gen_02300,8,-7.262
gen_02301,5,-8.038
gen_02302,2,-6.992
gen_02303,8,-8.282
gen_02304,4,-8.054
gen_02305,4,-8.419
gen_02306,5,-7.521
gen_02307,4,-8.518
gen_02308,1,-7.144
gen_02309,5,-8.232
gen_02310,7,-8.089
gen_02311,7,-8.295
gen_02312,11,-7.137
gen_02313,1,-6.463
gen_02314,2,-7.477
gen_02315,9,-6.875
gen_02316,6,-6.65
gen_02317,4,-7.516
gen_02318,2,-8.016
gen_02319,1,-7.547
gen_02320,1,-7.003
gen_02321,2,-7.474
gen_02322,5,-7.11
gen_02323,5,-7.87
gen_02324,3,-7.105
gen_02325,1,-8.055
gen_02326,1,-7.219
gen_02327,2,-7.074
gen_02328,5,-7.118
gen_02329,4,-7.446
gen_02330,8,-8.198
gen_02331,6,-7.929
gen_02332,3,-7.711
gen_02333,9,-8.058
gen_02334,8,-8.322
gen_02335,4,-7.965
gen_02336,2,-8.018
gen_02337,7,-7.456
gen_02338,4,-8.096
gen_02339,6,-7.253
gen_02340,1,-7.387
gen_02341,6,-8.086
gen_02342,9,-7.662
gen_02343,3,-7.173
gen_02344,4,-6.829
gen_02345,12,-6.579
gen_02346,4,-7.691
gen_02347,9,-7.558
gen_02348,10,-8.297
gen_02349,2,-8.206
gen_02350,2,-6.923
gen_02351,3,-7.359
gen_02352,8,-7.928
gen_02353,7,-7.392
gen_02354,7,-6.698
gen_02355,3,-7.872
gen_02356,4,-7.787
gen_02357,4,-6.679
gen_02358,4,-7.078
gen_02359,3,-7.791
gen_02360,10,-8.468
gen_02361,4,-7.994
gen_02362,2,-8.429
gen_02363,2,-8.633
gen_02364,3,-7.122
gen_02365,2,-7.374
gen_02366,5,-6.873
gen_02367,2,-8.339
gen_02368,2,-8.087
gen_02369,2,-8.07
gen_02370,2,-8.345
gen_02371,10,-8.442
gen_02372,1,-7.121
gen_02373,1,-6.718
gen_02374,3,-7.522
gen_02375,6,-8.512
gen_02376,2,-7.394
gen_02377,3,-7.037
gen_02378,9,-7.946
gen_02379,3,-7.009
gen_02380,2,-7.693
gen_02381,6,-8.1
gen_02382,2,-8.138
gen_02383,11,-7.241
gen_02384,7,-7.217
gen_02385,4,-6.964
gen_02386,3,-7.494
gen_02387,4,-7.31
gen_02388,4,-7.64
gen_02389,3,-7.698
gen_02390,1,-7.171
gen_02391,5,-7.821
gen_02392,1,-7.263
gen_02393,3,-7.008
gen_02394,2,-7.565
gen_02395,9,-7.274
gen_02396,9,-8.605
gen_02397,3,-8.471
gen_02398,7,-8.198
gen_02399,4,-7.11
gen_02400,3,-7.428
gen_02401,10,-7.697
gen_02402,1,-7.091
gen_02403,1,-7.531
gen_02404,4,-7.6
gen_02405,2,-6.732
gen_02406,11,-8.342
gen_02407,5,-7.199
gen_02408,10,-7.884
gen_02409,6,-7.379
gen_02410,6,-7.066
gen_02411,2,-7.122
gen_02412,5,-7.599
gen_02413,4,-7.451
gen_02414,9,-8.022
gen_02415,3,-6.98
gen_02416,2,-7.881
gen_02417,3,-7.154
gen_02418,3,-7.066
gen_02419,2,-7.749
gen_02420,4,-7.235
gen_02421,8,-7.24
gen_02422,2,-7.639
gen_02423,2,-7.357
gen_02424,2,-6.991
gen_02425,1,-118.54
gen_02426,2,-8.382
gen_02427,4,-8.033
gen_02428,1,-8.931
gen_02429,4,-7.526
gen_02430,2,-6.831
gen_02431,5,-8.232
gen_02432,2,-7.823
gen_02433,5,-7.092
gen_02434,7,-6.199
gen_02435,4,-7.545
gen_02436,4,-7.793
gen_02437,7,-7.959
gen_02438,7,-7.21
gen_02439,5,-7.269
gen_02440,3,-6.924
gen_02441,2,-6.798
gen_02442,3,-7.829
gen_02443,4,-6.786
gen_02444,3,-7.613
gen_02445,9,-7.832
gen_02446,4,-7.76
gen_02447,4,-6.992
gen_02448,7,-7.769
gen_02449,1,-7.241
gen_02450,5,-6.976
gen_02451,3,-7.597
gen_02452,8,-7.071
gen_02453,8,-7.236
gen_02454,5,-7.706
gen_02455,3,-7.109
gen_02456,6,-6.933
gen_02457,1,-7.395
gen_02458,2,-7.479
gen_02459,2,-7.218
gen_02460,4,-6.93
gen_02461,8,-7.202
gen_02462,6,-7.09
gen_02463,8,-7.487
gen_02464,8,-7.087
gen_02465,4,-8.134
gen_02466,4,-7.575
gen_02467,8,-7.146
gen_02468,7,-8.888
gen_02469,4,-7.631
gen_02470,4,-7.792
gen_02471,4,-7.847
gen_02472,10,-8.037
gen_02473,1,-7.33
gen_02474,6,-7.18
gen_02475,2,-7.418
gen_02476,3,-7.361
gen_02477,2,-6.428
gen_02478,5,-7.997
gen_02479,4,-7.161
gen_02480,3,-7.949
gen_02481,7,-8.518
gen_02482,11,-7.761
gen_02483,3,-7.104
gen_02484,3,-6.929
gen_02485,8,-6.813
gen_02486,5,-7.759
gen_02487,1,-7.038
gen_02488,3,-7.422
gen_02489,1,-6.843
gen_02490,4,-7.62
gen_02491,4,-7.382
gen_02492,5,-7.241
gen_02493,3,-8.768
gen_02494,4,-7.412
gen_02495,4,-7.956
gen_02496,1,-6.993
gen_02497,5,-8.105
gen_02498,2,-7.815
gen_02499,4,-6.77
gen_02500,1,-6.894
gen_02501,5,-7.437
gen_02502,3,-7.548
gen_02503,7,-7.501
gen_02504,5,-7.027
gen_02505,3,-7.362
gen_02506,7,-7.798
gen_02507,6,-6.882
gen_02508,5,-7.77
gen_02509,2,-8.202
gen_02510,7,-7.265
gen_02511,4,-8.205
gen_02512,4,-7.552
gen_02513,5,-7.357
gen_02514,3,-7.444
gen_02515,3,-7.807
gen_02516,2,-6.434
gen_02517,4,-7.72
gen_02518,6,-7.785
gen_02519,3,-7.275
gen_02520,2,-7.618
gen_02521,4,-8.281
gen_02522,5,-7.061
gen_02523,1,-8.092
gen_02524,2,-8.012
gen_02525,2,-7.57
gen_02526,2,-7.303
gen_02527,2,-7.787
gen_02528,4,-8.015
gen_02529,6,-7.706
gen_02530,3,-7.664
gen_02531,3,-6.651
gen_02532,2,-8.121
gen_02533,7,-7.823
gen_02534,1,-7.164
gen_02535,5,-7.654
gen_02536,5,-7.293
gen_02537,2,-8.059
gen_02538,1,-7.298
gen_02539,2,-7.774
gen_02540,5,-7.071
gen_02541,13,-8.056
gen_02542,2,-6.351
gen_02543,2,-6.662
gen_02544,3,-7.605
gen_02545,2,-7.442
gen_02546,4,-7.218
gen_02547,3,-7.391
gen_02548,3,-6.835
gen_02549,1,-7.051
gen_02550,5,-7.306
gen_02551,3,-7.654
gen_02552,5,-6.957
gen_02553,4,-7.027
gen_02554,8,-7.314
gen_02555,5,-7.653
gen_02556,6,-6.943
gen_02557,1,-6.698
gen_02558,6,-7.074
gen_02559,3,-7.778
gen_02560,5,-7.458
gen_02561,5,-6.881
gen_02562,4,-7.42
gen_02563,13,-7.995
gen_02564,3,-6.995
gen_02565,1,-8.385
gen_02566,3,-7.74
gen_02567,1,-7.943
gen_02568,5,-7.556
gen_02569,6,-6.783
gen_02570,2,-7.486
gen_02571,11,-7.447
gen_02572,8,-7.397
gen_02573,6,-6.576
gen_02574,2,-7.017
gen_02575,6,-6.718
gen_02576,10,-7.471
gen_02577,4,-7.164
gen_02578,1,-8.432
gen_02579,1,-7.47
gen_02580,6,-7.162
gen_02581,2,-7.467
gen_02582,2,-6.697
gen_02583,5,-7.608
gen_02584,4,-7.814
gen_02585,2,-6.71
gen_02586,2,-8.536
gen_02587,7,-7.489
gen_02588,4,-6.475
gen_02589,2,-7.713
gen_02590,10,-7.88
gen_02591,3,-7.679
gen_02592,8,-6.469
gen_02593,2,-6.824
gen_02594,2,-6.781
gen_02595,3,-8.317
gen_02596,4,-6.947
gen_02597,1,-6.785
gen_02598,2,-7.854
gen_02599,4,-6.823
gen_02600,9,-7.175
gen_02601,1,-7.478
gen_02602,3,-6.75
gen_02603,7,-7.54
gen_02604,10,-7.497
gen_02605,3,-7.982
gen_02606,4,-6.725
gen_02607,6,-7.622
gen_02608,3,-8.105
gen_02609,5,-7.759
gen_02610,3,-7.355
gen_02611,8,-8.096
gen_02612,2,-7.46
gen_02613,5,-7.212
gen_02614,6,-8.286
gen_02615,3,-6.998
gen_02616,2,-8.096
gen_02617,4,-7.711
gen_02618,3,-8.02
gen_02619,3,-7.316
gen_02620,11,-7.437
gen_02621,7,-7.358
gen_02622,7,-7.87
gen_02623,1,-7.242
gen_02624,6,-8.464
gen_02625,4,-7.61
gen_02626,1,-7.183
gen_02627,2,-7.213
gen_02628,9,-7.318
gen_02629,4,-7.274
gen_02630,3,-8.14
gen_02631,1,-7.05
gen_02632,7,-8.683
gen_02633,2,-6.003
gen_02634,2,-7.859
gen_02635,6,-8.693
gen_02636,13,-8.174
gen_02637,1,-92.698
gen_02638,3,-7.179
gen_02639,4,-7.24
gen_02640,4,-7.382
gen_02641,1,-17.869
gen_02642,2,-7.571
gen_02643,3,-7.567
gen_02644,1,-8.29
gen_02645,15,-8.182
gen_02646,3,-7.927
gen_02647,11,-8.019
gen_02648,1,-7.753
gen_02649,1,-6.733
gen_02650,12,-7.912
gen_02651,2,-8.377
gen_02652,2,-7.543
gen_02653,3,-8.071
gen_02654,3,-8.441
gen_02655,1,-8.576
gen_02656,7,-8.155
gen_02657,3,-8.023
gen_02658,4,-7.432
gen_02659,7,-7.576
gen_02660,3,-7.137
gen_02661,5,-7.958
gen_02662,11,-8.445
gen_02663,4,-7.858
gen_02664,12,-7.188
gen_02665,2,-8.921
gen_02666,4,-7.346
gen_02667,2,-7.824
gen_02668,2,-7.81
gen_02669,4,-8.05
gen_02670,6,-7.225
gen_02671,2,-8.384
gen_02672,14,-7.88
gen_02673,3,-7.349
gen_02674,5,-8.091
gen_02675,3,-7.593
gen_02676,2,-6.963
gen_02677,1,-8.116
gen_02678,6,-7.034
gen_02679,2,-6.618
gen_02680,3,-7.299
gen_02681,4,-8.033
gen_02682,2,-7.143
gen_02683,2,-6.55
gen_02684,6,-6.446
gen_02685,5,-7.328
gen_02686,4,-6.977
gen_02687,6,-7.546
gen_02688,9,-7.998
gen_02689,5,-8.155
gen_02690,3,-7.65
gen_02691,3,-7.4
gen_02692,2,-7.544
gen_02693,3,-8.195
gen_02694,1,-6.964
gen_02695,3,-8.352
gen_02696,2,-7.964
gen_02697,6,-7.61
gen_02698,7,-7.806
gen_02699,4,-7.283
gen_02700,4,-7.196
gen_02701,4,-7.53
gen_02702,7,-7.426
gen_02703,2,-8.089
gen_02704,2,-7.021
gen_02705,1,-8.208
gen_02706,1,-6.784
gen_02707,2,-7.36
gen_02708,2,-7.813
gen_02709,4,-8.611
gen_02710,6,-7.478
gen_02711,4,-7.592
gen_02712,8,-8.101
gen_02713,3,-7.134
gen_02714,6,-7.972
gen_02715,1,-7.52
gen_02716,2,-7.809
gen_02717,13,-7.931
gen_02718,5,-7.845
gen_02719,3,-7.255
gen_02720,5,-7.014
gen_02721,2,-7.745
gen_02722,1,-7.679
gen_02723,3,-7.148
gen_02724,1,-6.448
gen_02725,1,-6.928
gen_02726,2,-7.585
gen_02727,4,-8.054
gen_02728,15,-7.398
gen_02729,7,-6.102
gen_02730,3,-7.125
gen_02731,2,-8.252
gen_02732,4,-8.14
gen_02733,2,-8.016
gen_02734,3,-7.273
gen_02735,2,-8.114
gen_02736,2,-6.809
gen_02737,6,-7.607
gen_02738,3,-7.888
gen_02739,3,-7.527
gen_02740,4,-8.739
gen_02741,2,-7.368
gen_02742,3,-7.887
gen_02743,1,-7.412
gen_02744,5,-7.26
gen_02745,4,-7.293
gen_02746,2,-7.086
gen_02747,5,-7.099
gen_02748,6,-7.74
gen_02749,3,-7.447
gen_02750,2,-7.846
gen_02751,15,-6.46
gen_02752,2,-7.431
gen_02753,6,-7.115
gen_02754,1,-7.812
gen_02755,2,-8.965
gen_02756,5,-7.975
gen_02757,1,-6.847
gen_02758,1,-7.83
gen_02759,2,-8.062
gen_02760,6,-7.852
gen_02761,3,-6.592
gen_02762,2,-8.715
gen_02763,2,-6.571
gen_02764,3,-8.36
gen_02765,5,-8.537
gen_02766,4,-8.194
gen_02767,5,-7.86
gen_02768,12,-7.497
gen_02769,2,-7.108
gen_02770,1,-7.712
gen_02771,4,-7.422
gen_02772,5,-8.489
gen_02773,9,-7.141
gen_02774,8,-7.991
gen_02775,3,-7.96
gen_02776,4,-7.386
gen_02777,1,-7.917
gen_02778,3,-8.676
gen_02779,1,-7.168
gen_02780,1,-7.707
gen_02781,1,-7.738
gen_02782,5,-6.759
gen_02783,1,-7.594
gen_02784,2,-7.254
gen_02785,2,-7.423
gen_02786,1,-7.933
gen_02787,6,-6.89
gen_02788,3,-7.869
gen_02789,4,-7.228
gen_02790,2,-8.066
gen_02791,5,-8.013
gen_02792,2,-7.507
gen_02793,2,-7.745
gen_02794,3,-7.08
gen_02795,3,-6.413
gen_02796,2,-6.761
gen_02797,4,-7.26
gen_02798,8,-7.877
gen_02799,3,-7.297
gen_02800,3,-7.105
gen_02801,2,-6.961
gen_02802,1,-7.611
gen_02803,2,-6.817
gen_02804,1,-7.824
gen_02805,2,-7.004
gen_02806,2,-7.654
gen_02807,8,-7.713
gen_02808,12,-7.417
gen_02809,6,-7.157
gen_02810,5,-7.581
gen_02811,2,-7.939
gen_02812,2,-7.846
gen_02813,4,-7.399
gen_02814,6,-7.71
gen_02815,5,-7.416
gen_02816,1,-6.84
gen_02817,1,-8.431
gen_02818,2,-8.752
gen_02819,7,-6.612
gen_02820,3,-7.925
gen_02821,7,-7.558
gen_02822,2,-6.811
gen_02823,4,-7.594
gen_02824,3,-7.33
gen_02825,2,-6.515
gen_02826,5,-6.867
gen_02827,1,-8.214
gen_02828,2,-9.036
gen_02829,2,-7.265
gen_02830,4,-6.931
gen_02831,1,-6.708
gen_02832,9,-7.907
gen_02833,3,-7.154
gen_02834,2,-7.976
gen_02835,2,-6.624
gen_02836,2,-7.908
gen_02837,8,-6.634
gen_02838,1,-6.451
gen_02839,6,-7.475
gen_02840,8,-7.008
gen_02841,11,-7.192
gen_02842,5,-8.153
gen_02843,1,-8.235
gen_02844,5,-7.742
gen_02845,4,-7.748
gen_02846,4,-8.434
gen_02847,2,-7.62
gen_02848,5,-6.698
gen_02849,2,-7.168
gen_02850,4,-7.845
gen_02851,4,-7.407
gen_02852,2,-7.34
gen_02853,12,-7.328
gen_02854,12,-8.018
gen_02855,2,-7.365
gen_02856,6,-7.395
gen_02857,5,-7.196
gen_02858,2,-8.258
gen_02859,9,-7.936
gen_02860,2,-7.095
gen_02861,7,-6.826
gen_02862,2,-7.749
gen_02863,1,-8.236
gen_02864,8,-7.862
gen_02865,2,-6.616
gen_02866,1,-6.8
gen_02867,1,-6.907
gen_02868,1,-7.378
gen_02869,5,-7.804
gen_02870,9,-7.832
gen_02871,2,-8.068
gen_02872,11,-8.307
gen_02873,1,-6.966
gen_02874,3,-8.604
gen_02875,8,-7.553
gen_02876,2,-7.884
gen_02877,1,-7.525
gen_02878,2,-7.345
gen_02879,2,-7.402
gen_02880,2,-7.881
gen_02881,14,-8.412
gen_02882,3,-7.976
gen_02883,1,-6.401
gen_02884,2,-8.13
gen_02885,2,-7.095
gen_02886,9,-7.439
gen_02887,9,-7.534
gen_02888,6,-8.003
gen_02889,6,-7.594
gen_02890,10,-6.32
gen_02891,1,-7.472
gen_02892,5,-7.743
gen_02893,1,-6.671
gen_02894,2,-7.895
gen_02895,1,-7.775
gen_02896,6,-7.822
gen_02897,3,-7.642
gen_02898,4,-8.154
gen_02899,1,-7.624
gen_02900,2,-8.268
gen_02901,2,-7.932
gen_02902,2,-7.195
gen_02903,2,-7.38
gen_02904,4,-7.97
gen_02905,2,-6.558
gen_02906,4,-7.07
gen_02907,2,-7.181
gen_02908,9,-6.985
gen_02909,5,-7.275
gen_02910,7,-8.686
gen_02911,3,-6.502
gen_02912,8,-7.95
gen_02913,8,-7.592
gen_02914,2,-7.217
gen_02915,3,-7.977
gen_02916,2,-8.418
gen_02917,4,-7.7
gen_02918,5,-7.134
gen_02919,9,-7.365
gen_02920,8,-8.208
gen_02921,4,-9.422
gen_02922,6,-7.148
gen_02923,2,-8.146
gen_02924,4,-8.201
gen_02925,9,-7.225
gen_02926,4,-7.771
gen_02927,2,-8.088
gen_02928,1,-8.566
gen_02929,1,-7.254
gen_02930,1,-7.622
gen_02931,4,-7.095
gen_02932,4,-8.69
gen_02933,2,-7.397
gen_02934,3,-8.326
gen_02935,2,-7.287
gen_02936,2,-7.463
gen_02937,3,-6.9
gen_02938,6,-8.283
gen_02939,4,-7.611
gen_02940,5,-8.651
gen_02941,3,-7.304
gen_02942,7,-6.458
gen_02943,9,-7.834
gen_02944,4,-8.371
gen_02945,3,-7.904
gen_02946,9,-7.295
gen_02947,6,-6.505
gen_02948,13,-7.748
gen_02949,1,-6.067
gen_02950,14,-6.719
gen_02951,5,-8.193
gen_02952,5,-7.175
gen_02953,1,-7.955
gen_02954,1,-6.521
gen_02955,3,-7.105
gen_02956,5,-7.729
gen_02957,2,-6.97
gen_02958,4,-8.31
gen_02959,2,-8.617
gen_02960,2,-8.018
gen_02961,8,-6.919
gen_02962,1,-7.353
gen_02963,1,-7.156
gen_02964,2,-7.18
gen_02965,6,-7.299
gen_02966,2,-6.864
gen_02967,1,-8.3
gen_02968,1,-7.556
gen_02969,5,-7.685
gen_02970,1,-8.697
gen_02971,2,-7.864
gen_02972,6,-7.223
gen_02973,1,-26.334
gen_02974,1,-6.887
gen_02975,1,-7.526
gen_02976,5,-7.8
gen_02977,3,-8.186
gen_02978,9,-6.849
gen_02979,2,-7.479
gen_02980,2,-6.49
gen_02981,6,-8.664
gen_02982,1,-8.605
gen_02983,1,-6.775
gen_02984,4,-7.796
gen_02985,9,-7.867
gen_02986,4,-7.382
gen_02987,1,-7.337
gen_02988,11,-8.8
gen_02989,4,-8.624
gen_02990,3,-7.388
gen_02991,7,-7.276
gen_02992,6,-7.622
gen_02993,4,-8.419
gen_02994,3,-7.49
gen_02995,4,-6.628
gen_02996,4,-6.61
gen_02997,1,-6.96
gen_02998,4,-7.546
gen_02999,1,-6.671
gen_03000,4,-6.917
gen_03001,6,-8.281
gen_03002,2,-7.971
gen_03003,7,-7.749
gen_03004,8,-8.388
gen_03005,4,-8.31
gen_03006,6,-6.924
gen_03007,5,-7.238
gen_03008,8,-7.585
gen_03009,2,-7.338
gen_03010,7,-8.158
gen_03011,2,-7.118
gen_03012,4,-7.101
gen_03013,5,-6.421
gen_03014,2,-8.21
gen_03015,4,-7.208
gen_03016,1,-6.592
gen_03017,8,-8.213
gen_03018,3,-8.498
gen_03019,2,-8.02
gen_03020,3,-7.47
gen_03021,8,-7.256
gen_03022,3,-7.882
gen_03023,2,-7.358
gen_03024,4,-7.565
gen_03025,7,-6.694
gen_03026,4,-7.894
gen_03027,9,-7.81
gen_03028,1,-7.77
gen_03029,5,-7.577
gen_03030,3,-7.789
gen_03031,4,-6.922
gen_03032,2,-7.492
gen_03033,1,-6.656
gen_03034,4,-6.887
gen_03035,8,-7.546
gen_03036,4,-7.323
gen_03037,4,-8.084
gen_03038,3,-7.511
gen_03039,4,-6.921
gen_03040,1,-7.405
gen_03041,2,-8.017
gen_03042,1,-7.396
gen_03043,1,-6.965
gen_03044,3,-8.022
gen_03045,2,-8.206
gen_03046,4,-7.467
gen_03047,3,-7.689
gen_03048,6,-9.247
gen_03049,3,-8.01
gen_03050,1,-175.505
gen_03051,8,-7.582
gen_03052,6,-7.547
gen_03053,5,-6.729
gen_03054,6,-7.108
gen_03055,2,-7.542
gen_03056,4,-7.777
gen_03057,6,-7.516
gen_03058,4,-7.783
gen_03059,2,-7.15
gen_03060,2,-7.381
gen_03061,1,-7.194
gen_03062,2,-6.798
gen_03063,1,-7.365
gen_03064,3,-7.37
gen_03065,5,-7.661
gen_03066,2,-8.302
gen_03067,3,-7.894
gen_03068,1,-6.699
gen_03069,7,-7.5
gen_03070,3,-7.759
gen_03071,1,-7.78
gen_03072,4,-8.067
gen_03073,3,-7.41
gen_03074,3,-7.086
gen_03075,1,-7.073
gen_03076,5,-7.195
gen_03077,4,-6.669
gen_03078,6,-7.835
gen_03079,2,-8.629
gen_03080,4,-6.546
gen_03081,7,-7.309
gen_03082,4,-7.47
gen_03083,4,-8.141
gen_03084,7,-6.97
gen_03085,4,-7.133
gen_03086,2,-7.177
gen_03087,7,-7.429
gen_03088,2,-7.633
gen_03089,3,-7.114
gen_03090,2,-7.652
gen_03091,5,-9.506
gen_03092,14,-6.74
gen_03093,2,-7.559
gen_03094,5,-7.351
gen_03095,5,-7.091
gen_03096,4,-7.4
gen_03097,4,-7.311
gen_03098,4,-6.204
gen_03099,1,-7.121
gen_03100,7,-7.574
gen_03101,3,-7.26
gen_03102,5,-8.061
gen_03103,5,-8.469
gen_03104,1,-7.583
gen_03105,3,-8.365
gen_03106,3,-7.642
gen_03107,2,-7.072
gen_03108,8,-7.586
gen_03109,3,-7.642
gen_03110,3,-7.141
gen_03111,2,-60.279
gen_03112,3,-7.072
gen_03113,7,-6.823
gen_03114,1,-7.796
gen_03115,6,-7.806
gen_03116,3,-6.923
gen_03117,6,-8.475
gen_03118,2,-6.179
gen_03119,2,-7.797
gen_03120,3,-7.655
gen_03121,6,-7.238
gen_03122,6,-7.176
gen_03123,2,-7.937
gen_03124,4,-7.455
gen_03125,2,-8.129
gen_03126,4,-7.907
gen_03127,3,-8.306
gen_03128,8,-7.709
gen_03129,6,-7.411
gen_03130,2,-7.786
gen_03131,1,-200.433
gen_03132,1,-7.808
gen_03133,5,-7.268
gen_03134,3,-8.358
gen_03135,5,-9.044
gen_03136,11,-7.227
gen_03137,1,-7.269
gen_03138,5,-7.893
gen_03139,9,-6.975
gen_03140,6,-8.289
gen_03141,6,-7.789
gen_03142,12,-7.143
gen_03143,4,-8.487
gen_03144,12,-7.653
gen_03145,2,-7.047
gen_03146,6,-6.726
gen_03147,4,-7.14
gen_03148,3,-9.076
gen_03149,2,-8.479
gen_03150,4,-6.743
gen_03151,2,-7.133
gen_03152,6,-6.801
gen_03153,1,-7.103
gen_03154,4,-7.787
gen_03155,4,-7.475
gen_03156,8,-7.699
gen_03157,7,-6.521
gen_03158,6,-7.384
gen_03159,2,-7.394
gen_03160,6,-7.083
gen_03161,2,-8.011
gen_03162,4,-7.222
gen_03163,4,-8.157
gen_03164,2,-7.521
gen_03165,4,-8.034
gen_03166,2,-7.158
gen_03167,3,-7.764
gen_03168,4,-7.535
gen_03169,1,-8.103
gen_03170,5,-7.385
gen_03171,2,-7.667
gen_03172,11,-7.397
gen_03173,2,-8.232
gen_03174,2,-7.628
gen_03175,3,-7.597
gen_03176,5,-7.542
gen_03177,4,-8.145
gen_03178,2,-6.869
gen_03179,3,-7.367
gen_03180,3,-7.259
gen_03181,1,-7.782
gen_03182,6,-7.114
gen_03183,2,-7.43
gen_03184,6,-6.785
gen_03185,7,-8.755
gen_03186,4,-8.082
gen_03187,1,-7.778
gen_03188,5,-8.032
gen_03189,2,-8.852
gen_03190,2,-8.028
gen_03191,4,-6.766
gen_03192,1,-7.631
gen_03193,10,-7.425
gen_03194,3,-7.492
gen_03195,6,-7.056
gen_03196,5,-7.76
gen_03197,1,-6.655
gen_03198,4,-7.694
gen_03199,5,-7.535
gen_03200,9,-7.486
gen_03201,3,-7.799
gen_03202,1,-6.804
gen_03203,2,-7.767
gen_03204,1,-8.298
gen_03205,1,-6.747
gen_03206,4,-6.839
gen_03207,6,-5.85
gen_03208,3,-7.349
gen_03209,5,-7.032
gen_03210,2,-7.916
gen_03211,3,-7.951
gen_03212,3,-7.508
gen_03213,3,-7.136
gen_03214,5,-7.613
gen_03215,9,-8.091
gen_03216,2,-7.247
gen_03217,6,-7.604
gen_03218,1,-8.158
gen_03219,4,-7.083
gen_03220,1,-7.006
gen_03221,5,-7.06
gen_03222,2,-7.897
gen_03223,2,-7.228
gen_03224,5,-7.641
gen_03225,2,-7.548
gen_03226,4,-8.065
gen_03227,10,-7.305
gen_03228,2,-8.369
gen_03229,3,-7.151
gen_03230,6,-7.809
gen_03231,1,-7.129
gen_03232,1,-7.556
gen_03233,1,-7.245
gen_03234,6,-7.358
gen_03235,6,-7.379
gen_03236,1,-69.365
gen_03237,10,-7.368
gen_03238,1,-6.739
gen_03239,6,-7.9
gen_03240,1,-7.741
gen_03241,2,-7.96
gen_03242,2,-6.586
gen_03243,2,-7.448
gen_03244,3,-7.493
gen_03245,2,-8.103
gen_03246,7,-8.059
gen_03247,3,-7.386
gen_03248,9,-6.489
gen_03249,1,-8.122
gen_03250,3,-8.209
gen_03251,9,-6.99
gen_03252,1,-9.345
gen_03253,2,-7.955
gen_03254,1,-6.974
gen_03255,6,-7.414
gen_03256,8,-8.035
gen_03257,9,-7.415
gen_03258,1,-7.368
gen_03259,6,-7.597
gen_03260,3,-6.189
gen_03261,3,-8.537
gen_03262,8,-7.571
gen_03263,1,-6.665
gen_03264,9,-8.333
gen_03265,1,-7.688
gen_03266,3,-8.598
gen_03267,5,-8.123
gen_03268,3,-7.46
gen_03269,3,-6.859
gen_03270,5,-7.637
gen_03271,4,-7.26
gen_03272,6,-7.927
gen_03273,2,-7.338
gen_03274,1,-7.215
gen_03275,10,-8.83
gen_03276,4,-8.066
gen_03277,1,-7.134
gen_03278,2,-6.939
gen_03279,2,-6.698
gen_03280,6,-6.552
gen_03281,2,-6.9
gen_03282,1,-58.937
gen_03283,2,-7.113
gen_03284,2,-7.853
gen_03285,3,-7.292
gen_03286,5,-8.125
gen_03287,2,-7.198
gen_03288,4,-8.032
gen_03289,3,-7.698
gen_03290,4,-7.345
gen_03291,1,-7.077
gen_03292,1,-8.111
gen_03293,9,-7.53
gen_03294,2,-6.78
gen_03295,3,-7.253
gen_03296,5,-7.968
gen_03297,1,-7.911
gen_03298,4,-7.309
gen_03299,3,-6.662
gen_03300,5,-8.167
gen_03301,4,-7.955
gen_03302,11,-7.691
gen_03303,10,-7.672
gen_03304,3,-7.405
gen_03305,1,-7.105
gen_03306,2,-8.137
gen_03307,3,-7.491
gen_03308,1,-8.529
gen_03309,1,-7.054
gen_03310,5,-6.933
gen_03311,7,-7.682
gen_03312,5,-7.079
gen_03313,2,-7.457
gen_03314,6,-7.511
gen_03315,4,-6.826
gen_03316,8,-7.033
gen_03317,5,-7.495
gen_03318,5,-7.563
gen_03319,7,-7.571
gen_03320,4,-8.248
gen_03321,1,-85.392
gen_03322,3,-7.712
gen_03323,7,-7.274
gen_03324,2,-8.601
gen_03325,1,-6.768
gen_03326,4,-7.647
gen_03327,2,-7.476
gen_03328,1,-6.51
gen_03329,7,-7.892
gen_03330,6,-8.116
gen_03331,3,-7.024
gen_03332,4,-8.189
gen_03333,6,-8.636
gen_03334,4,-7.263
gen_03335,14,-7.798
gen_03336,2,-8.273
gen_03337,7,-8.044
gen_03338,1,-8.526
gen_03339,3,-7.32
gen_03340,3,-8.184
gen_03341,2,-7.109
gen_03342,2,-7.048
gen_03343,1,-7.194
gen_03344,4,-7.985
gen_03345,5,-8.44
gen_03346,8,-7.153
gen_03347,2,-7.428
gen_03348,3,-6.678
gen_03349,12,-7.041
gen_03350,2,-7.301
gen_03351,2,-7.103
gen_03352,2,-6.808
gen_03353,7,-7.699
gen_03354,1,-7.194
gen_03355,5,-6.353
gen_03356,4,-7.551
gen_03357,2,-7.198
gen_03358,3,-6.837
gen_03359,4,-7.579
gen_03360,6,-7.639
gen_03361,4,-8.529
gen_03362,7,-7.006
gen_03363,3,-7.373
gen_03364,4,-7.292
gen_03365,3,-7.454
gen_03366,1,-8.327
gen_03367,4,-7.921
gen_03368,5,-7.704
gen_03369,2,-6.843
gen_03370,4,-8.421
gen_03371,2,-8.316
gen_03372,1,-6.824
gen_03373,3,-7.253
gen_03374,12,-7.421
gen_03375,8,-6.973
gen_03376,2,-7.346
gen_03377,4,-6.826
gen_03378,2,-8.437
gen_03379,3,-7.108
gen_03380,3,-7.198
gen_03381,4,-8.106
gen_03382,2,-7.152
gen_03383,5,-8.351
gen_03384,5,-7.185
gen_03385,7,-7.37
gen_03386,1,-8.011
gen_03387,2,-7.713
gen_03388,5,-7.805
gen_03389,7,-7.703
gen_03390,2,-7.186
gen_03391,6,-7.988
gen_03392,5,-7.545
gen_03393,4,-8.273
gen_03394,2,-8.007
gen_03395,3,-8.379
gen_03396,4,-8.628
gen_03397,2,-7.876
gen_03398,9,-7.868
gen_03399,5,-6.726
gen_03400,2,-7.77
gen_03401,2,-7.446
gen_03402,2,-6.629
gen_03403,1,-7.959
gen_03404,2,-7.471
gen_03405,11,-7.535
gen_03406,2,-8.059
gen_03407,2,-7.113
gen_03408,1,-7.544
gen_03409,3,-8.54
gen_03410,1,-7.149
gen_03411,10,-7.113
gen_03412,6,-7.458
gen_03413,2,-7.895
gen_03414,8,-7.658
gen_03415,4,-7.334
gen_03416,5,-7.657
gen_03417,2,-7.478
gen_03418,5,-7.542
gen_03419,2,-7.53
gen_03420,6,-7.934
gen_03421,2,-7.495
gen_03422,3,-6.449
gen_03423,2,-7.059
gen_03424,2,-8.729
gen_03425,5,-6.614
gen_03426,2,-6.918
gen_03427,1,-6.871
gen_03428,7,-7.308
gen_03429,2,-78.971
gen_03430,8,-8.106
gen_03431,2,-7.843
gen_03432,1,-8.006
gen_03433,2,-7.034
gen_03434,4,-78.664
gen_03435,6,-6.95
gen_03436,7,-8.267
gen_03437,3,-7.126
gen_03438,4,-6.974
gen_03439,4,-8.547
gen_03440,7,-7.79
gen_03441,1,-6.776
gen_03442,6,-7.241
gen_03443,3,-7.477
gen_03444,9,-7.239
gen_03445,1,-6.474
gen_03446,1,-6.835
gen_03447,1,-7.676
gen_03448,1,-6.972
gen_03449,2,-7.053
gen_03450,2,-7.14
gen_03451,1,-7.42
gen_03452,2,-7.883
gen_03453,1,-6.549
gen_03454,8,-7.496
gen_03455,2,-7.233
gen_03456,10,-6.633
gen_03457,2,-6.559
gen_03458,2,-6.789
gen_03459,7,-6.765
gen_03460,5,-7.669
gen_03461,3,-7.456
gen_03462,7,-8.149
gen_03463,2,-7.023
gen_03464,6,-7.814
gen_03465,2,-7.186
gen_03466,4,-76.662
gen_03467,8,-6.697
gen_03468,5,-7.294
gen_03469,3,-8.233
gen_03470,1,-7.79
gen_03471,7,-8.545
gen_03472,2,-6.901
gen_03473,2,-7.44
gen_03474,2,-8.48
gen_03475,1,-7.052
gen_03476,2,-7.347
gen_03477,4,-7.831
gen_03478,5,-7.548
gen_03479,2,-7.69
gen_03480,7,-7.817
gen_03481,2,-7.693
gen_03482,3,-7.333
gen_03483,2,-6.549
gen_03484,2,-7.173
gen_03485,3,-6.594
gen_03486,1,-8.198
gen_03487,1,-7.106
gen_03488,7,-7.465
gen_03489,8,-7.5
gen_03490,4,-6.694
gen_03491,11,-7.143
gen_03492,2,-8.033
gen_03493,2,-6.58
gen_03494,5,-7.642
gen_03495,8,-6.803
gen_03496,4,-8.113
gen_03497,2,-7.095
gen_03498,5,-6.739
gen_03499,10,-7.496
gen_03500,3,-7.449
gen_03501,4,-7.824
gen_03502,4,-7.09
gen_03503,8,-8.941
gen_03504,8,-7.53
gen_03505,11,-7.815
gen_03506,8,-7.598
gen_03507,5,-7.218
gen_03508,2,-7.307
gen_03509,2,-7.38
gen_03510,2,-7.151
gen_03511,2,-8.135
gen_03512,12,-7.736
gen_03513,9,-7.686
gen_03514,4,-7.413
gen_03515,4,-7.29
gen_03516,5,-7.159
gen_03517,5,-7.443
gen_03518,5,-7.445
gen_03519,7,-6.848
gen_03520,5,-8.157
gen_03521,15,-8.524
gen_03522,8,-7.133
gen_03523,5,-7.338
gen_03524,2,-7.365
gen_03525,4,-7.786
gen_03526,5,-7.909
gen_03527,2,-7.379
gen_03528,4,-7.534
gen_03529,1,-7.799
gen_03530,2,-8.157
gen_03531,1,-6.216
gen_03532,1,-8.221
gen_03533,4,-7.108
gen_03534,3,-8.135
gen_03535,4,-7.219
gen_03536,3,-8.447
gen_03537,2,-7.657
gen_03538,3,-6.414
gen_03539,4,-7.99
gen_03540,2,-6.412
gen_03541,6,-8.08
gen_03542,10,-7.448
gen_03543,4,-7.751
gen_03544,2,-7.382
gen_03545,1,-7.804
gen_03546,1,-7.51
gen_03547,1,-6.65
gen_03548,7,-7.947
gen_03549,2,-8.075
gen_03550,2,-8.036
gen_03551,7,-7.737
gen_03552,1,-6.766
gen_03553,6,-8.269
gen_03554,7,-7.77
gen_03555,3,-8.21
gen_03556,12,-8.317
gen_03557,1,-7.024
gen_03558,2,-7.847
gen_03559,5,-7.73
gen_03560,2,-7.251
gen_03561,1,-7.768
gen_03562,7,-7.198
gen_03563,8,-7.062
gen_03564,9,-7.891
gen_03565,6,-7.439
gen_03566,4,-7.082
gen_03567,1,-7.249
gen_03568,2,-7.998
gen_03569,3,-7.146
gen_03570,1,-7.257
gen_03571,9,-8.162
gen_03572,2,-6.804
gen_03573,2,-8.276
gen_03574,2,-8.04
gen_03575,10,-7.082
gen_03576,2,-8.485
gen_03577,4,-7.574
gen_03578,6,-6.825
gen_03579,3,-7.479
gen_03580,1,-8.217
gen_03581,3,-7.28
gen_03582,9,-7.004
gen_03583,1,-6.99
gen_03584,2,-7.449
gen_03585,2,-6.988
gen_03586,10,-7.356
gen_03587,1,-8.071
gen_03588,2,-8.056
gen_03589,2,-7.083
gen_03590,6,-7.446
gen_03591,2,-7.723
gen_03592,4,-8.86
gen_03593,3,-7.755
gen_03594,4,-7.799
gen_03595,4,-7.68
gen_03596,3,-7.765
gen_03597,2,-7.237
gen_03598,14,-8.217
gen_03599,6,-8.071
gen_03600,1,-7.739
gen_03601,7,-7.442
gen_03602,1,-7.298
gen_03603,8,-6.65
gen_03604,4,-7.995
gen_03605,3,-7.988
gen_03606,4,-5.832
gen_03607,2,-7.24
gen_03608,3,-7.179
gen_03609,3,-8.056
gen_03610,4,-7.094
gen_03611,4,-8.017
gen_03612,3,-140.609
gen_03613,13,-8.76
gen_03614,1,-6.583
gen_03615,1,-8.554
gen_03616,7,-7.511
gen_03617,6,-8.597
gen_03618,4,-6.912
gen_03619,6,-7.108
gen_03620,4,-8.384
gen_03621,7,-7.167
gen_03622,1,-6.902
gen_03623,5,-7.424
gen_03624,2,-7.142
gen_03625,2,-7.82
gen_03626,4,-6.945
gen_03627,4,-7.09
gen_03628,12,-7.678
gen_03629,3,-8.074
gen_03630,3,-7.757
gen_03631,7,-7.819
gen_03632,6,-7.226
gen_03633,1,-7.517
gen_03634,5,-7.711
gen_03635,4,-7.987
gen_03636,3,-7.07
gen_03637,6,-7.526
gen_03638,4,-7.497
gen_03639,2,-7.139
gen_03640,6,-7.23
gen_03641,8,-7.267
gen_03642,3,-7.666
gen_03643,7,-7.652
gen_03644,2,-9.489
gen_03645,2,-7.813
gen_03646,3,-8.132
gen_03647,7,-8.135
gen_03648,4,-6.531
gen_03649,4,-7.236
gen_03650,2,-8.14
gen_03651,4,-7.043
gen_03652,3,-7.79
gen_03653,4,-7.328
gen_03654,2,-6.492
gen_03655,12,-7.266
gen_03656,3,-6.619
gen_03657,4,-6.557
gen_03658,4,-7.421
gen_03659,2,-8.313
gen_03660,9,-7.93
gen_03661,2,-6.528
gen_03662,2,-7.75
gen_03663,5,-6.546
gen_03664,3,-7.247
gen_03665,2,-6.978
gen_03666,4,-6.959
gen_03667,4,-8.403
gen_03668,3,-7.178
gen_03669,1,-7.269
gen_03670,10,-7.239
gen_03671,4,-8.136
gen_03672,2,-7.215
gen_03673,1,-7.428
gen_03674,2,-7.36
gen_03675,5,-8.343
gen_03676,4,-8.145
gen_03677,9,-7.851
gen_03678,4,-8.28
gen_03679,1,-8.029
gen_03680,1,-7.759
gen_03681,5,-7.026
gen_03682,1,-7.21
gen_03683,2,-6.403
gen_03684,3,-8.191
gen_03685,2,-7.477
gen_03686,2,-59.923
gen_03687,2,-7.993
gen_03688,4,-6.624
gen_03689,10,-7.281
gen_03690,2,-143.278
gen_03691,2,-6.886
gen_03692,1,-7.069
gen_03693,5,-7.393
gen_03694,4,-7.627
gen_03695,2,-7.851
gen_03696,7,-7.82
gen_03697,3,-7.826
gen_03698,8,-7.695
gen_03699,11,-7.93
gen_03700,4,-7.941
gen_03701,3,-7.274
gen_03702,2,-6.803
gen_03703,5,-7.292
gen_03704,6,-6.985
gen_03705,2,-8.506
gen_03706,2,-7.389
gen_03707,7,-7.478
gen_03708,4,-7.078
gen_03709,2,-7.422
gen_03710,4,-7.39
gen_03711,3,-8.277
gen_03712,3,-7.542
gen_03713,2,-7.17
gen_03714,7,-7.572
gen_03715,3,-7.758
gen_03716,3,-7.426
gen_03717,3,-8.055
gen_03718,6,-6.785
gen_03719,2,-7.218
gen_03720,8,-7.34
gen_03721,5,-7.04
gen_03722,3,-7.11
gen_03723,2,-7.039
gen_03724,5,-6.959
gen_03725,2,-6.901
gen_03726,3,-7.81
gen_03727,2,-8.622
gen_03728,4,-7.339
gen_03729,5,-8.124
gen_03730,11,-7.163
gen_03731,3,-6.927
gen_03732,1,-7.364
gen_03733,2,-6.46
gen_03734,6,-7.746
gen_03735,12,-7.711
gen_03736,7,-7.5
gen_03737,3,-7.559
gen_03738,2,-6.668
gen_03739,4,-7.971
gen_03740,1,-7.574
gen_03741,2,-6.587
gen_03742,6,-6.94
gen_03743,4,-8.104
gen_03744,3,-7.67
gen_03745,7,-7.761
gen_03746,3,-8.002
gen_03747,4,-7.713
gen_03748,4,-8.681
gen_03749,6,-7.561
gen_03750,1,-7.26
gen_03751,9,-6.603
gen_03752,2,-7.606
gen_03753,3,-7.371
gen_03754,6,-7.353
gen_03755,4,-6.439
gen_03756,7,-6.483
gen_03757,2,-7.054
gen_03758,2,-8.149
gen_03759,1,-7.358
gen_03760,5,-7.531
gen_03761,6,-7.107
gen_03762,4,-7.383
gen_03763,1,-8.361
gen_03764,12,-8.578
gen_03765,4,-8.003
gen_03766,8,-8.039
gen_03767,3,-6.42
gen_03768,9,-7.198
gen_03769,4,-8.208
gen_03770,5,-8.089
gen_03771,4,-7.913
gen_03772,1,-6.76
gen_03773,3,-7.702
gen_03774,4,-6.704
gen_03775,4,-8.359
gen_03776,4,-6.358
gen_03777,8,-8.553
gen_03778,8,-7.038
gen_03779,1,-7.724
gen_03780,4,-7.081
gen_03781,4,-7.254
gen_03782,5,-8.102
gen_03783,2,-7.393
gen_03784,3,-8.352
gen_03785,3,-8.966
gen_03786,1,-8.647
gen_03787,1,-8.213
gen_03788,9,-8.178
gen_03789,1,-7.723
gen_03790,2,-163.205
gen_03791,2,-6.951
gen_03792,3,-7.899
gen_03793,2,-7.042
gen_03794,4,-8.378
gen_03795,3,-7.086
gen_03796,1,-7.549
gen_03797,6,-8.249
gen_03798,1,-7.822
gen_03799,5,-8.358
gen_03800,1,-6.87
gen_03801,3,-7.102
gen_03802,4,-7.582
gen_03803,1,-7.424
gen_03804,3,-7.515
gen_03805,2,-7.779
gen_03806,6,-7.714
gen_03807,3,-8.024
gen_03808,4,-7.51
gen_03809,2,-7.934
gen_03810,2,-8.404
gen_03811,11,-7.623
gen_03812,5,-7.406
gen_03813,2,-8.725
gen_03814,3,-8.386
gen_03815,2,-7.408
gen_03816,2,-7.886
gen_03817,1,-7.538
gen_03818,4,-7.327
gen_03819,2,-6.82
gen_03820,2,-7.612
gen_03821,10,-7.553
gen_03822,4,-8.012
gen_03823,3,-7.236
gen_03824,7,-7.227
gen_03825,10,-7.985
gen_03826,7,-7.81
gen_03827,2,-7.831
gen_03828,6,-7.543
gen_03829,3,-7.254
gen_03830,10,-8.258
gen_03831,4,-8.062
gen_03832,2,-6.693
gen_03833,6,-7.352
gen_03834,5,-7.273
gen_03835,2,-8.019
gen_03836,9,-8.524
gen_03837,6,-7.421
gen_03838,2,-7.009
gen_03839,1,-93.862
gen_03840,2,-7.549
gen_03841,5,-6.834
gen_03842,7,-7.449
gen_03843,6,-7.643
gen_03844,2,-7.926
gen_03845,5,-7.378
gen_03846,4,-7.204
gen_03847,1,-7.064
gen_03848,12,-7.903
gen_03849,2,-6.816
gen_03850,9,-8.161
gen_03851,4,-7.976
gen_03852,5,-7.513
gen_03853,9,-6.909
gen_03854,9,-6.921
gen_03855,4,-7.385
gen_03856,11,-7.281
gen_03857,4,-6.185
gen_03858,5,-6.911
gen_03859,8,-7.41
gen_03860,4,-7.325
gen_03861,2,-6.768
gen_03862,2,-7.508
gen_03863,9,-6.874
gen_03864,7,-7.632
gen_03865,2,-8.431
gen_03866,8,-7.408
gen_03867,3,-6.832
gen_03868,3,-7.319
gen_03869,2,-8.242
gen_03870,3,-8.031
gen_03871,11,-8.64
gen_03872,2,-7.44
gen_03873,7,-7.631
gen_03874,2,-7.233
gen_03875,9,-8.001
gen_03876,7,-7.268
gen_03877,3,-6.435
gen_03878,4,-8.463
gen_03879,1,-9.041
gen_03880,4,-7.155
gen_03881,2,-8.289
gen_03882,2,-7.17
gen_03883,1,-6.923
gen_03884,2,-7.476
gen_03885,5,-6.579
gen_03886,2,-6.526
gen_03887,4,-7.679
gen_03888,4,-7.631
gen_03889,10,-7.48
gen_03890,1,-9.077
gen_03891,3,-7.642
gen_03892,2,-8.222
gen_03893,2,-6.744
gen_03894,5,-7.482
gen_03895,10,-8.226
gen_03896,3,-7.516
gen_03897,2,-7.141
gen_03898,3,-7.847
gen_03899,1,-6.638
gen_03900,2,-7.618
gen_03901,6,-7.681
gen_03902,2,-8.36
gen_03903,1,-8.012
gen_03904,2,-7.594
gen_03905,4,-8.754
gen_03906,5,-7.675
gen_03907,1,-6.278
gen_03908,2,-8.513
gen_03909,2,-7.763
gen_03910,7,-7.65
gen_03911,4,-7.922
gen_03912,6,-7.04
gen_03913,3,-7.675
gen_03914,2,-8.244
gen_03915,5,-7.44
gen_03916,7,-8.312
gen_03917,16,-7.701
gen_03918,5,-7.655
gen_03919,1,-7.739
gen_03920,10,-7.136
gen_03921,14,-7.346
gen_03922,4,-7.315
gen_03923,2,-7.334
gen_03924,3,-7.606
gen_03925,1,-7.681
gen_03926,13,-8.183
gen_03927,6,-7.767
gen_03928,2,-6.963
gen_03929,4,-6.363
gen_03930,8,-7.327
gen_03931,3,-7.125
gen_03932,1,-7.383
gen_03933,9,-7.833
gen_03934,10,-7.896
gen_03935,11,-6.79
gen_03936,5,-8.335
gen_03937,2,-8.074
gen_03938,10,-8.639
gen_03939,3,-7.583
gen_03940,2,-8.358
gen_03941,2,-8.334
gen_03942,11,-7.186
gen_03943,1,-7.14
gen_03944,9,-7.661
gen_03945,4,-7.151
gen_03946,7,-7.957
gen_03947,2,-8.098
gen_03948,4,-7.603
gen_03949,7,-7.003
gen_03950,3,-7.834
gen_03951,4,-7.739
gen_03952,5,-7.667
gen_03953,2,-7.045
gen_03954,2,-7.064
gen_03955,11,-7.639
gen_03956,3,-8.271
gen_03957,5,-7.138
gen_03958,7,-7.504
gen_03959,2,-6.323
gen_03960,2,-7.96
gen_03961,4,-6.815
gen_03962,4,-7.626
gen_03963,1,-7.067
gen_03964,4,-7.001
gen_03965,8,-7.284
gen_03966,6,-8.203
gen_03967,4,-7.833
gen_03968,4,-7.399
gen_03969,2,-7.801
gen_03970,1,-7.379
gen_03971,7,-7.867
gen_03972,3,-6.975
gen_03973,2,-7.924
gen_03974,6,-6.845
gen_03975,4,-7.321
gen_03976,3,-6.897
gen_03977,5,-7.474
gen_03978,4,-8.372
gen_03979,2,-7.545
gen_03980,2,-8.081
gen_03981,4,-7.271
gen_03982,2,-7.439
gen_03983,1,-117.631
gen_03984,7,-7.597
gen_03985,3,-7.383
gen_03986,2,-7.11
gen_03987,5,-8.01
gen_03988,10,-7.205
gen_03989,2,-7.789
gen_03990,2,-6.909
gen_03991,7,-8.249
gen_03992,7,-6.522
gen_03993,3,-8.568
gen_03994,2,-7.691
gen_03995,4,-7.689
gen_03996,2,-8.929
gen_03997,3,-6.721
gen_03998,2,-7.972
gen_03999,6,-6.979
gen_04000,5,-7.927
gen_04001,6,-8.562
gen_04002,1,-6.998
gen_04003,7,-7.256
gen_04004,1,-8.013
gen_04005,4,-8.046
gen_04006,1,-7.622
gen_04007,2,-7.402
gen_04008,1,-8.018
gen_04009,1,-80.642
gen_04010,4,-8.293
gen_04011,9,-7.553
gen_04012,2,-8.123
gen_04013,2,-7.17
gen_04014,5,-8.558
gen_04015,1,-7.317
gen_04016,2,-7.695
gen_04017,1,-8.123
gen_04018,1,-7.754
gen_04019,2,-6.868
gen_04020,4,-8.807
gen_04021,1,-6.516
gen_04022,7,-7.151
gen_04023,4,-6.656
gen_04024,3,-8.055
gen_04025,5,-8.206
gen_04026,7,-7.959
gen_04027,4,-7.977
gen_04028,2,-8.191
gen_04029,7,-7.925
gen_04030,9,-8.465
gen_04031,2,-6.432
gen_04032,3,-6.678
gen_04033,3,-6.853
gen_04034,3,-7.64
gen_04035,2,-7.528
gen_04036,6,-7.109
gen_04037,4,-7.078
gen_04038,2,-7.056
gen_04039,3,-7.479
gen_04040,2,-7.64
gen_04041,1,-8.017
gen_04042,4,-8.309
gen_04043,1,-8.074
gen_04044,3,-7.568
gen_04045,3,-7.316
gen_04046,5,-7.298
gen_04047,2,-7.72
gen_04048,5,-7.677
gen_04049,2,-7.578
gen_04050,9,-7.859
gen_04051,6,-7.176
gen_04052,2,-7.291
gen_04053,4,-6.822
gen_04054,2,-7.923
gen_04055,1,-6.763
gen_04056,6,-7.049
gen_04057,8,-7.371
gen_04058,1,-7.794
gen_04059,11,-7.281
gen_04060,4,-7.095
gen_04061,6,-7.692
gen_04062,5,-7.482
gen_04063,3,-7.916
gen_04064,5,-7.611
gen_04065,4,-7.967
gen_04066,3,-7.663
gen_04067,10,-7.233
gen_04068,5,-7.544
gen_04069,4,-7.699
gen_04070,2,-7.72
gen_04071,1,-7.879
gen_04072,2,-7.549
gen_04073,11,-6.973
gen_04074,4,-6.61
gen_04075,3,-7.483
gen_04076,2,-8.114
gen_04077,7,-7.95
gen_04078,4,-7.409
gen_04079,4,-7.806
gen_04080,2,-7.496
gen_04081,2,-8.279
gen_04082,1,-7.47
gen_04083,3,-106.265
gen_04084,2,-7.521
gen_04085,3,-7.93
gen_04086,4,-7.746
gen_04087,2,-8.751
gen_04088,7,-7.16
gen_04089,9,-7.112
gen_04090,5,-7.183
gen_04091,8,-8.674
gen_04092,2,-8.73
gen_04093,5,-7.085
gen_04094,2,-6.979
gen_04095,1,-7.363
gen_04096,1,-8.063
gen_04097,7,-7.313
gen_04098,8,-7.15
gen_04099,2,-7.188
gen_04100,4,-7.914
gen_04101,5,-6.708
gen_04102,5,-7.19
gen_04103,5,-7.475
gen_04104,3,-7.716
gen_04105,7,-7.873
gen_04106,6,-7.779
gen_04107,1,-7.976
gen_04108,10,-8.327
gen_04109,5,-7.559
gen_04110,7,-7.801
gen_04111,1,-7.267
gen_04112,3,-7.025
gen_04113,3,-8.499
gen_04114,2,-7.344
gen_04115,6,-7.977
gen_04116,7,-7.811
gen_04117,6,-8.197
gen_04118,2,-6.751
gen_04119,7,-7.518
gen_04120,2,-7.625
gen_04121,5,-8.291
gen_04122,3,-6.86
gen_04123,2,-6.506
gen_04124,3,-7.878
gen_04125,2,-7.081
gen_04126,5,-7.989
gen_04127,12,-7.784
gen_04128,4,-8.126
gen_04129,2,-7.455
gen_04130,2,-6.999
gen_04131,4,-7.338
gen_04132,5,-7.424
gen_04133,3,-7.874
gen_04134,8,-7.493
gen_04135,6,-7.989
gen_04136,5,-6.931
gen_04137,2,-8.081
gen_04138,7,-8.131
gen_04139,2,-8.034
gen_04140,2,-6.771
gen_04141,3,-7.083
gen_04142,5,-8.284
gen_04143,5,-6.976
gen_04144,4,-7.324
gen_04145,5,-7.087
gen_04146,5,-8.182
gen_04147,2,-7.067
gen_04148,8,-7.798
gen_04149,2,-7.796
gen_04150,3,-7.272
gen_04151,3,-8.168
gen_04152,4,-9.193
gen_04153,2,-7.594
gen_04154,5,-7.348
gen_04155,6,-8.063
gen_04156,1,-8.054
gen_04157,4,-7.742
gen_04158,1,-7.204
gen_04159,10,-7.236
gen_04160,6,-7.783
gen_04161,1,-8.459
gen_04162,8,-7.983
gen_04163,2,-8.167
gen_04164,2,-7.698
gen_04165,4,-7.562
gen_04166,11,-8.152
gen_04167,6,-8.257
gen_04168,9,-8.044
gen_04169,1,-7.3
gen_04170,8,-8.924
gen_04171,7,-7.381
gen_04172,3,-80.52
gen_04173,3,-7.223
gen_04174,3,-8.025
gen_04175,8,-7.6
gen_04176,1,-6.407
gen_04177,1,-6.373
gen_04178,8,-8.878
gen_04179,5,-7.281
gen_04180,3,-7.742
gen_04181,5,-7.442
gen_04182,4,-7.225
gen_04183,11,-7.949
gen_04184,7,-7.416
gen_04185,11,-8.175
gen_04186,7,-6.759
gen_04187,4,-7.903
gen_04188,2,-6.653
gen_04189,3,-6.758
gen_04190,6,-6.894
gen_04191,6,-7.469
gen_04192,3,-6.962
gen_04193,2,-6.625
gen_04194,2,-6.915
gen_04195,1,-8.435
gen_04196,5,-8.188
gen_04197,8,-7.067
gen_04198,2,-7.755
gen_04199,2,-7.215
gen_04200,9,-7.57
gen_04201,13,-8.294
gen_04202,1,-7.665
gen_04203,6,-7.76
gen_04204,4,-8.226
gen_04205,3,-6.865
gen_04206,3,-7.226
gen_04207,1,-7.595
gen_04208,4,-7.325
gen_04209,11,-7.121
gen_04210,10,-7.791
gen_04211,3,-7.595
gen_04212,11,-7.153
gen_04213,4,-7.988
gen_04214,2,-7.249
gen_04215,4,-7.49
gen_04216,3,-7.104
gen_04217,2,-7.527
gen_04218,5,-9.417
gen_04219,7,-8.025
gen_04220,10,-7.337
gen_04221,1,-7.526
gen_04222,5,-7.508
gen_04223,6,-7.954
gen_04224,3,-7.926
gen_04225,9,-7.289
gen_04226,2,-8.193
gen_04227,6,-7.075
gen_04228,7,-7.321
gen_04229,1,-7.753
gen_04230,3,-7.677
gen_04231,9,-6.712
gen_04232,6,-7.899
gen_04233,2,-7.161
gen_04234,5,-8.341
gen_04235,8,-7.862
gen_04236,3,-7.189
gen_04237,2,-7.427
gen_04238,2,-6.991
gen_04239,4,-7.409
gen_04240,4,-7.309
gen_04241,2,-7.467
gen_04242,2,-7.577
gen_04243,1,-7.066
gen_04244,2,-7.186
gen_04245,2,-6.73
gen_04246,2,-7.018
gen_04247,2,-6.982
gen_04248,2,-8.476
gen_04249,2,-6.97
gen_04250,2,-7.43
gen_04251,4,-6.747
gen_04252,1,-8.172
gen_04253,4,-7.212
gen_04254,2,-7.414
gen_04255,1,-135.542
gen_04256,1,-7.43
gen_04257,2,-7.187
gen_04258,5,-7.413
gen_04259,3,-7.422
gen_04260,7,-9.097
gen_04261,1,-7.844
gen_04262,3,-6.779
gen_04263,9,-7.26
gen_04264,2,-7.785
gen_04265,4,-7.146
gen_04266,13,-8.382
gen_04267,6,-77.941
gen_04268,11,-6.488
gen_04269,3,-7.048
gen_04270,3,-7.954
gen_04271,7,-7.214
gen_04272,6,-7.481
gen_04273,1,-7.471
gen_04274,3,-7.059
gen_04275,4,-7.66
gen_04276,1,-7.756
gen_04277,4,-7.024
gen_04278,1,-6.974
gen_04279,4,-7.431
gen_04280,4,-6.687
gen_04281,5,-7.638
gen_04282,6,-7.873
gen_04283,1,-7.159
gen_04284,1,-7.612
gen_04285,4,-7.271
gen_04286,5,-7.537
gen_04287,5,-5.991
gen_04288,4,-7.558
gen_04289,2,-7.826
gen_04290,6,-8.091
gen_04291,10,-7.601
gen_04292,3,-7.64
gen_04293,9,-7.63
gen_04294,5,-6.866
gen_04295,6,-6.598
gen_04296,7,-7.965
gen_04297,2,-6.886
gen_04298,2,-7.524
gen_04299,1,-6.747
gen_04300,11,-8.312
gen_04301,4,-7.537
gen_04302,2,-7.996
gen_04303,6,-6.894
gen_04304,3,-7.008
gen_04305,2,-7.539
gen_04306,3,-7.786
gen_04307,6,-7.081
gen_04308,2,-7.472
gen_04309,10,-6.688
gen_04310,10,-7.707
gen_04311,5,-7.635
gen_04312,3,-7.828
gen_04313,2,-7.447
gen_04314,4,-7.695
gen_04315,3,-7.511
gen_04316,2,-7.916
gen_04317,3,-7.654
gen_04318,2,-7.114
gen_04319,1,-8.114
gen_04320,3,-7.303
gen_04321,4,-7.364
gen_04322,2,-7.187
gen_04323,6,-7.289
gen_04324,7,-7.823
gen_04325,4,-8.353
gen_04326,2,-7.981
gen_04327,2,-6.393
gen_04328,2,-7.945
gen_04329,2,-6.467
gen_04330,1,-8.27
gen_04331,4,-7.611
gen_04332,13,-8.14
gen_04333,4,-7.092
gen_04334,1,-124.14
gen_04335,12,-7.901
gen_04336,2,-7.745
gen_04337,1,-7.51
gen_04338,5,-7.376
gen_04339,5,-7.405
gen_04340,4,-8.062
gen_04341,9,-7.579
gen_04342,5,-8.154
gen_04343,4,-7.8
gen_04344,2,-7.661
gen_04345,3,-7.374
gen_04346,4,-7.612
gen_04347,6,-7.892
gen_04348,10,-6.568
gen_04349,4,-7.116
gen_04350,6,-8.938
gen_04351,2,-7.989
gen_04352,6,-7.571
gen_04353,5,-6.993
gen_04354,2,-7.651
gen_04355,2,-7.498
gen_04356,2,-7.937
gen_04357,3,-7.103
gen_04358,11,-7.186
gen_04359,2,-8.119
gen_04360,4,-8.701
gen_04361,2,-6.971
gen_04362,6,-8.025
gen_04363,8,-8.03
gen_04364,2,-7.008
gen_04365,5,-6.73
gen_04366,4,-8.213
gen_04367,5,-6.514
gen_04368,10,-6.535
gen_04369,1,-7.435
gen_04370,12,-8.092
gen_04371,4,-7.441
gen_04372,11,-8.385
gen_04373,1,-7.038
gen_04374,6,-8.442
gen_04375,4,-6.452
gen_04376,4,-6.858
gen_04377,1,-7.239
gen_04378,11,-7.937
gen_04379,3,-7.102
gen_04380,4,-6.968
gen_04381,1,-7.847
gen_04382,2,-7.61
gen_04383,2,-7.685
gen_04384,8,-7.193
gen_04385,2,-87.358
gen_04386,6,-7.666
gen_04387,3,-8.058
gen_04388,10,-7.108
gen_04389,2,-8.125
gen_04390,5,-7.372
gen_04391,5,-7.6
gen_04392,2,-7.57
gen_04393,6,-7.256
gen_04394,6,-7.173
gen_04395,7,-7.259
gen_04396,2,-6.392
gen_04397,2,-7.9
gen_04398,2,-7.411
gen_04399,2,-7.906
gen_04400,1,-7.388
gen_04401,4,-6.837
gen_04402,6,-6.572
gen_04403,3,-6.584
gen_04404,1,-7.848
gen_04405,1,-174.355
gen_04406,2,-7.366
gen_04407,2,-7.646
gen_04408,1,-7.891
gen_04409,1,-7.155
gen_04410,3,-7.61
gen_04411,2,-7.862
gen_04412,1,-7.674
gen_04413,1,-7.077
gen_04414,3,-8.302
gen_04415,5,-7.654
gen_04416,5,-7.826
gen_04417,5,-7.766
gen_04418,9,-7.225
gen_04419,3,-6.976
gen_04420,7,-6.285
gen_04421,4,-7.235
gen_04422,5,-7.881
gen_04423,5,-8.012
gen_04424,2,-8.016
gen_04425,2,-7.25
gen_04426,5,-8.069
gen_04427,3,-7.406
gen_04428,5,-7.193
gen_04429,10,-7.016
gen_04430,2,-8.592
gen_04431,3,-7.226
gen_04432,3,-7.55
gen_04433,2,-7.519
gen_04434,1,-116.746
gen_04435,3,-8.145
gen_04436,5,-7.856
gen_04437,4,-8.509
gen_04438,3,-6.899
gen_04439,7,-8.584
gen_04440,4,-6.931
gen_04441,1,-6.445
gen_04442,1,-6.931
gen_04443,2,-7.416
gen_04444,4,-6.504
gen_04445,1,-6.222
gen_04446,4,-8.639
gen_04447,4,-6.676
gen_04448,1,-6.647
gen_04449,7,-7.906
gen_04450,2,-7.819
gen_04451,7,-7.09
gen_04452,6,-6.376
gen_04453,6,-7.099
gen_04454,13,-7.578
gen_04455,2,-7.772
gen_04456,5,-7.815
gen_04457,1,-7.484
gen_04458,2,-7.956
gen_04459,1,-7.076
gen_04460,2,-8.114
gen_04461,3,-7.815
gen_04462,1,-7.21
gen_04463,9,-7.514
gen_04464,9,-7.462
gen_04465,4,-7.019
gen_04466,1,-7.627
gen_04467,2,-6.723
gen_04468,7,-7.871
gen_04469,11,-7.799
gen_04470,5,-8.038
gen_04471,2,-7.938
gen_04472,4,-6.854
gen_04473,2,-8.153
gen_04474,5,-8.624
gen_04475,1,-8.039
gen_04476,6,-7.174
gen_04477,2,-6.82
gen_04478,4,-7.966
gen_04479,8,-7.613
gen_04480,4,-8.713
gen_04481,5,-6.931
gen_04482,1,-6.669
gen_04483,1,-7.921
gen_04484,4,-7.265
gen_04485,3,-6.829
gen_04486,2,-6.43
gen_04487,2,-8.495
gen_04488,3,-7.276
gen_04489,5,-7.007
gen_04490,5,-7.622
gen_04491,5,-6.94
gen_04492,2,-6.701
gen_04493,3,-7.581
gen_04494,2,-7.661
gen_04495,2,-7.264
gen_04496,4,-8.047
gen_04497,2,-69.823
gen_04498,6,-7.395
gen_04499,7,-7.732
gen_04500,4,-7.93
gen_04501,3,-7.904
gen_04502,1,-7.503
gen_04503,2,-7.876
gen_04504,8,-7.11
gen_04505,2,-126.503
gen_04506,7,-7.295
gen_04507,4,-8.705
gen_04508,3,-7.651
gen_04509,8,-7.736
gen_04510,5,-7.075
gen_04511,4,-7.82
gen_04512,10,-7.897
gen_04513,1,-7.707
