label,pose,affinity,ca_dist,ca_dist_far,donor_dist,n_carboxylate_o,n_donors,passes
PANEL_A1AFA,1,-7.074,2.752,4.459,3.125,2,2,1
PANEL_A1AFA,2,-7.029,2.787,4.447,3.127,2,2,1
PANEL_CHEMBL4649232,1,-7.962,2.501,4.373,4.472,2,4,0
PANEL_CHEMBL4649232,2,-7.944,2.410,4.466,4.439,2,4,0
PANEL_CHEMBL4649232,3,-7.934,2.412,4.463,4.472,2,4,0
PANEL_CHEMBL4649232,4,-7.928,2.457,4.473,4.403,2,4,0
PANEL_CWHM-12,1,-8.059,7.139,9.037,2.979,2,7,0
PANEL_CWHM-12,2,-8.044,7.167,9.060,2.975,2,7,0
PANEL_CWHM-12,3,-7.207,9.010,9.802,2.915,2,7,0
PANEL_CWHM-12,4,-6.994,2.321,2.764,3.082,2,7,1
PANEL_CWHM-12,5,-6.949,3.964,4.862,2.848,2,7,0
PANEL_GLPG0187,1,-8.635,4.032,5.236,3.977,2,4,0
PANEL_GLPG0187,2,-8.599,3.953,5.180,4.050,2,4,0
PANEL_GLPG0187,3,-8.534,2.500,3.966,4.149,2,4,0
PANEL_GLPG0187,4,-8.397,4.109,5.306,3.908,2,4,0
PANEL_GLPG0187,5,-8.334,2.207,3.878,4.312,2,4,0
PANEL_GLPG0187,6,-8.317,15.718,16.085,5.793,2,4,0
PANEL_GLPG0187,7,-8.300,15.904,16.230,6.476,2,4,0
PANEL_GLPG0187,8,-8.285,2.696,2.952,6.383,2,4,0
PANEL_GLPG0187,9,-8.270,2.495,3.295,6.452,2,4,0
PANEL_PLN-1474,1,-6.998,2.553,2.811,4.047,2,3,0
PANEL_PLN-1474,2,-6.979,2.405,2.814,4.093,2,3,0
PANEL_PLN-1474,3,-6.961,2.481,2.776,4.074,2,3,0
PANEL_PLN-1474,4,-6.953,2.600,4.436,2.933,2,3,1
PANEL_PLN-1474,5,-6.942,2.443,2.760,4.146,2,3,0
PANEL_PLN-1474,6,-6.849,2.972,4.471,2.960,2,3,1
PANEL_PLN-1474,7,-6.848,2.487,2.723,4.203,2,3,0
PANEL_PLN-1474,8,-6.844,3.491,4.939,2.997,2,3,0
PANEL_PLN-1474,9,-6.831,3.254,4.829,3.096,2,3,0
PANEL_PLN-1474,10,-6.824,3.402,4.565,2.997,2,3,0
PANEL_PLN-1474,11,-6.821,2.397,2.934,4.006,2,3,0
PANEL_bexotegrast,1,-6.546,2.354,4.205,3.337,2,3,1
PANEL_bexotegrast,2,-6.238,2.734,4.553,3.382,2,3,1
PANEL_bexotegrast,3,-6.176,2.857,4.256,3.101,2,3,1
PANEL_bexotegrast,4,-6.168,3.130,4.473,3.275,2,3,1
PANEL_bexotegrast,5,-6.073,2.772,4.307,3.143,2,3,1
PANEL_bexotegrast,6,-6.052,2.786,3.590,3.241,2,3,1
PANEL_bexotegrast,7,-6.001,2.245,3.205,3.993,2,3,0
PANEL_bexotegrast,8,-5.985,2.725,4.487,3.307,2,3,1
PANEL_bexotegrast,9,-5.944,2.861,4.491,4.655,2,3,0
PANEL_bexotegrast,10,-5.916,2.443,2.722,4.232,2,3,0
PANEL_bexotegrast,11,-5.904,2.758,4.322,3.784,2,3,0
PANEL_bexotegrast,12,-5.716,2.683,4.646,3.136,2,3,1
PANEL_bexotegrast,13,-5.656,6.731,6.778,3.336,2,3,0
PANEL_bexotegrast,14,-5.594,2.698,4.476,4.756,2,3,0
PANEL_bexotegrast,15,-5.578,3.258,4.715,3.275,2,3,0
PANEL_bexotegrast,16,-5.567,2.833,4.585,4.192,2,3,0
