rank,label,smiles,scaffold,toxicity_score,affinity,ca_dist,donor_dist,caco2,beats_reference_toxicity,leu225,tyr178,asp218_basic,DILI,SR-MMP,SR-p53,NR-AhR,hERG,AMES,CYP3A4_Veith,CYP2C9_Veith,CYP2D6_Veith,Caco2_Wang,ClinTox,Carcinogens_Lagunin,LD50_Zhu,Solubility_AqSolDB
1,gen_07401,Cc1ccc2c(c1)CCCN2c1nc(C)nc(CCC(=O)O)c1C,c1ccc2c(c1)CCCN2c1ccncn1,0.11616736646086956,-7.135,3.173,3.185,-4.979338,1,1,0,0,0.46488428,0.0058718277,0.010255599,0.0069602756,0.22361705,0.11883738,0.005997915,0.0050926404,0.023962084,-4.979338,0.3022209,0.13393922,2.410135,-3.1997209
2,gen_07068,CC1CN(CCC(=O)O)CCC1c1ccc(OCc2ccccc2)cc1,c1ccc(COc2ccc(C3CCNCC3)cc2)cc1,0.12900391708695652,-6.957,3.191,3.241,-5.0262203,1,1,0,0,0.16124216,0.06526949,0.013747105,0.006760785,0.65450495,0.10394064,0.009939425,0.027033228,0.4251481,-5.0262203,0.35621706,0.24535343,2.6553726,-3.4807441
3,gen_07146,O=C(O)C12CCC(C(=O)Nc3ccc(Cc4ccccc4)cn3)(CC1)CC2,O=C(Nc1ccc(Cc2ccccc2)cn1)C12CCC(CC1)CC2,0.15547780660869567,-7.782,2.472,2.877,-5.000905,0,1,0,0,0.6426388,0.02058905,0.043113343,0.015104537,0.17067024,0.14535002,0.012749759,0.024312058,0.021104295,-5.000905,0.31755832,0.14682434,2.565786,-4.0625534
4,gen_02280,O=C(O)CCc1cc2n(n1)CCN(Cc1cccc(F)c1)C2=O,O=C1c2ccnn2CCN1Cc1ccccc1,0.15802047710869566,-6.975,3.151,3.198,-4.9484363,0,1,0,0,0.8261984,0.0027139024,0.011048995,0.0048859254,0.04855175,0.058035783,0.0031869723,0.027566556,0.011153488,-4.9484363,0.109439515,0.37273464,2.2715778,-2.1352508
5,gen_00084,O=C(O)C1CC(O)CC(CCc2ccc3ccc(F)cc3n2)C1,c1ccc2nc(CCC3CCCCC3)ccc2c1,0.16246775517391301,-7.13,2.448,2.908,-5.0149364,0,1,0,0,0.6265953,0.056028288,0.01942144,0.046236455,0.23273835,0.041252792,0.008973023,0.1134055,0.07327163,-5.0149364,0.20285432,0.30452538,2.2782092,-2.882381
6,gen_07236,Cc1oc(C(CC(=O)O)c2ccc(F)c(C(F)(F)F)c2)c(CCC(=O)O)c1C#N,c1ccc(Cc2ccco2)cc1,0.17563838530434783,-7.42,2.329,3.478,-4.944102,0,0,1,0,0.7815162,0.027882019,0.104610756,0.0053429245,0.061456878,0.043370973,0.020379972,0.11312554,0.01911405,-4.944102,0.07517228,0.3242671,3.0757446,-4.0845556
7,gen_07504,CC(OCc1ccccc1)C(NC(=O)c1ccc(F)cc1F)C(=O)O,O=C(NCCOCc1ccccc1)c1ccccc1,0.177307499,-7.134,2.753,3.056,-5.0305853,0,1,1,0,0.82663786,0.024647508,0.028759133,0.014855228,0.10839574,0.075893715,0.026066799,0.0916182,0.012209652,-5.0305853,0.08711203,0.33815032,2.3698528,-2.7269182
8,gen_06181,CCc1nc(C(=O)NC(C(=O)O)c2ccccc2)c(C(F)(F)F)o1,O=C(NCc1ccccc1)c1cocn1,0.18288638364347826,-6.993,2.830,3.316,-5.039375,0,1,0,0,0.95015824,0.010202235,0.025767678,0.008255383,0.024830267,0.048721604,0.0034122386,0.07604716,0.0022895392,-5.039375,0.027967503,0.3650232,2.61618,-3.0748496
9,gen_02263,O=C(O)C1CCCCN1C(=O)Cc1ccc(-c2cccc(Cl)c2)cn1,O=C(Cc1ccc(-c2ccccc2)cn1)N1CCCCC1,0.1862073219217391,-7.59,2.760,3.305,-5.048894,0,1,0,0,0.9507591,0.008483643,0.014012572,0.024652315,0.06064097,0.014237245,0.0052328906,0.12903044,0.0071181236,-5.048894,0.10781042,0.38396,2.4599228,-3.2657838
10,gen_00485,CCc1cccc(C(=O)O)c1Nc1ccccc1C(=O)O,c1ccc(Nc2ccccc2)cc1,0.19151244164347822,-6.972,2.718,2.859,-5.076749,0,0,0,0,0.8786036,0.032967277,0.020362357,0.07853284,0.051009767,0.08005745,0.0028606118,0.08529379,0.012633026,-5.076749,0.16753928,0.43050128,2.243833,-3.792216
11,gen_02788,O=C(O)C(CN1C(=O)CCc2ccccc21)Nc1ccc(F)cc1F,O=C1CCc2ccccc2N1CCNc1ccccc1,0.196498438,-7.554,2.992,3.114,-4.866426,0,0,0,0,0.76394725,0.032549895,0.028433537,0.05964333,0.265002,0.075414464,0.09142832,0.1658636,0.043043178,-4.866426,0.17474385,0.2811154,2.5333934,-3.45991
12,gen_00198,O=C(O)CCN1CCN(Cc2ccc3ccccc3c2OCc2ccccc2F)CC1,c1ccc(COc2c(CN3CCNCC3)ccc3ccccc23)cc1,0.2055131886956522,-7.602,3.175,3.199,-4.970004,0,1,0,0,0.24668987,0.07996554,0.030720687,0.06679583,0.88254386,0.18454735,0.042599402,0.07668891,0.7766449,-4.970004,0.50554395,0.27758652,2.9708748,-4.298686
13,gen_01763,Cc1ccc(OCc2ccccc2C(=O)O)c2cc(C(=O)O)oc12,c1ccc(COc2cccc3occc23)cc1,0.20631568027826083,-7.034,2.485,3.058,-5.0736804,0,0,0,0,0.94442254,0.038520675,0.025081944,0.06682243,0.056349862,0.08068592,0.0031824734,0.15472776,0.013888493,-5.0736804,0.13482389,0.5663969,2.6179707,-3.6947722
14,gen_03810,O=C(NCC1(C(=O)O)CCCCC1)c1cccnc1Oc1ccccc1,O=C(NCC1CCCCC1)c1cccnc1Oc1ccccc1,0.2122104438695652,-6.977,2.257,2.765,-4.8656616,0,1,0,0,0.8681709,0.055675674,0.02874354,0.05006636,0.20427983,0.058831193,0.07790082,0.24672696,0.019364487,-4.8656616,0.13557878,0.27274147,2.3582408,-3.789547
15,gen_07100,O=C(NC(C(=O)O)c1cccnc1)c1ccc(-c2ccc(F)cc2F)cc1F,O=C(NCc1cccnc1)c1ccc(-c2ccccc2)cc1,0.2156907913043478,-7.756,2.532,3.424,-4.9624243,0,1,0,0,0.96659625,0.025196368,0.046610437,0.055524837,0.11945069,0.031571776,0.05518378,0.21907187,0.00887605,-4.9624243,0.15578958,0.3561118,2.79993,-3.521806
16,gen_01820,O=C(O)c1ccccc1C=C1CCCc2cccc(C(=O)O)c21,C(=C1CCCc2ccccc21)c1ccccc1,0.22111022565217386,-7.995,3.058,2.866,-5.0629334,0,0,0,0,0.86399996,0.091709495,0.050414402,0.10445936,0.08462061,0.14088002,0.009032378,0.15727602,0.025892664,-5.0629334,0.12992272,0.48158002,2.1860738,-3.9217744
17,gen_07176,O=C(O)C1CCC(CNc2ccccc2-c2ccc(F)cc2)CC1,c1ccc(-c2ccccc2NCC2CCCCC2)cc1,0.22449163756521742,-7.104,2.223,3.300,-4.714316,0,1,0,0,0.58979845,0.14941983,0.033080645,0.11317329,0.5276511,0.07993436,0.012547229,0.106345475,0.28735518,-4.714316,0.36616606,0.29009676,2.5706792,-4.6856318
18,gen_01949,CC1CC(C(=O)O)CN(C(=O)CCCc2ncc(-c3ccccc3Cl)o2)C1,O=C(CCCc1ncc(-c2ccccc2)o1)N1CCCCC1,0.225362511826087,-7.629,3.007,3.251,-4.8547683,0,1,0,0,0.8722436,0.038239248,0.04388007,0.039836682,0.31129104,0.06643937,0.123551406,0.28694922,0.040577926,-4.8547683,0.18705913,0.32777897,2.6260922,-3.3359177
19,gen_05333,O=C(O)CCc1nc2cccnc2n1Cc1ccc(OC(F)(F)F)cc1F,c1ccc(Cn2cnc3cccnc32)cc1,0.22801123830434783,-6.969,3.190,3.069,-4.9305787,0,0,0,0,0.922153,0.045382105,0.06761082,0.06657394,0.2075294,0.024826284,0.053063653,0.2743818,0.0452222,-4.9305787,0.22283435,0.38908863,2.9130607,-3.6290886
20,gen_05490,CC(C)CCN1c2ccccc2C(C(=O)O)C1c1ccc(F)c(F)c1,c1ccc(C2Cc3ccccc3N2)cc1,0.2292405457826087,-7.098,3.030,3.132,-4.6953,0,1,0,0,0.826575,0.18924028,0.049553156,0.022412593,0.2695548,0.0334998,0.025729274,0.25405553,0.035514433,-4.6953,0.10115913,0.32359755,3.077524,-4.6489496
