epoch,acid_pct,unique_scaffolds,max_nn_tanimoto,tpsa_median,qed_median
0,6.2944162436548226,937,0.49032258064516127,70.58000000000001,0.6169623325541453
19,15.848670756646216,894,0.5733333333333334,84.83500000000001,0.5423084561969811
20,14.576962283384301,902,0.7073170731707317,81.7,0.582308595746784
37,22.81947261663286,894,0.8378378378378378,87.30000000000001,0.5579848784529722
40,25.076142131979694,880,1.0,89.77,0.5502887760359434
60,35.699797160243406,838,1.0,92.865,0.5379895589897188
80,38.72950819672131,813,1.0,95.50000000000001,0.5682505880650733
100,47.50254841997961,769,1.0,99.63,0.5293326289150783
120,47.628865979381445,744,1.0,98.03500000000001,0.5226347074516582
140,49.00523560209424,710,1.0,97.60000000000001,0.5444953254630943
160,52.84974093264249,737,1.0,103.7,0.5114852875454209
180,53.46638655462185,707,1.0,103.995,0.5115532466199726
200,54.55508474576271,697,1.0,101.94999999999999,0.5526129109251882
